-- phpMyAdmin SQL Dump
-- version 5.2.1
-- https://www.phpmyadmin.net/
--
-- Host: 127.0.0.1
-- Generation Time: Jan 13, 2026 at 02:49 PM
-- Server version: 10.4.32-MariaDB
-- PHP Version: 8.2.12

SET SQL_MODE = "NO_AUTO_VALUE_ON_ZERO";
START TRANSACTION;
SET time_zone = "+00:00";


/*!40101 SET @OLD_CHARACTER_SET_CLIENT=@@CHARACTER_SET_CLIENT */;
/*!40101 SET @OLD_CHARACTER_SET_RESULTS=@@CHARACTER_SET_RESULTS */;
/*!40101 SET @OLD_COLLATION_CONNECTION=@@COLLATION_CONNECTION */;
/*!40101 SET NAMES utf8mb4 */;

--
-- Database: `systemintegration`
--

-- --------------------------------------------------------

--
-- Table structure for table `academic_term`
--

CREATE TABLE `academic_term` (
  `term_id` int(11) NOT NULL,
  `school_year` varchar(20) NOT NULL,
  `semester` enum('1st','2nd','Summer') NOT NULL,
  `term_name` varchar(50) DEFAULT NULL,
  `start_date` date DEFAULT NULL,
  `end_date` date DEFAULT NULL,
  `is_active` tinyint(1) DEFAULT 1
) ENGINE=InnoDB DEFAULT CHARSET=utf8mb4 COLLATE=utf8mb4_general_ci;

--
-- Dumping data for table `academic_term`
--

INSERT INTO `academic_term` (`term_id`, `school_year`, `semester`, `term_name`, `start_date`, `end_date`, `is_active`) VALUES
(1, '2025-2026', '1st', '1st', NULL, NULL, 1);

-- --------------------------------------------------------

--
-- Table structure for table `account_lockouts`
--

CREATE TABLE `account_lockouts` (
  `id` int(11) NOT NULL,
  `user_id` int(11) NOT NULL,
  `username` varchar(50) NOT NULL,
  `lockout_reason` enum('failed_attempts','manual','suspicious_activity') DEFAULT 'failed_attempts',
  `lockout_start` timestamp NOT NULL DEFAULT current_timestamp(),
  `lockout_end` timestamp NULL DEFAULT NULL,
  `unlocked_by` int(11) DEFAULT NULL,
  `unlock_reason` text DEFAULT NULL,
  `created_at` timestamp NOT NULL DEFAULT current_timestamp()
) ENGINE=InnoDB DEFAULT CHARSET=utf8mb4 COLLATE=utf8mb4_general_ci;

-- --------------------------------------------------------

--
-- Table structure for table `activity`
--

CREATE TABLE `activity` (
  `ActivityID` int(11) NOT NULL,
  `schedule_id` int(11) NOT NULL,
  `Title` varchar(255) NOT NULL,
  `Description` text DEFAULT NULL,
  `Instructions` text DEFAULT NULL,
  `DueDate` datetime DEFAULT NULL,
  `TotalPoints` decimal(5,2) NOT NULL DEFAULT 0.00,
  `CreatedBy` int(11) NOT NULL,
  `CreatedAt` timestamp NOT NULL DEFAULT current_timestamp(),
  `UpdatedAt` timestamp NOT NULL DEFAULT current_timestamp() ON UPDATE current_timestamp(),
  `IsPublished` tinyint(1) DEFAULT 0,
  `AllowFileUpload` tinyint(1) DEFAULT 1,
  `AllowTextResponse` tinyint(1) DEFAULT 1
) ENGINE=InnoDB DEFAULT CHARSET=utf8mb4 COLLATE=utf8mb4_general_ci;

--
-- Dumping data for table `activity`
--

INSERT INTO `activity` (`ActivityID`, `schedule_id`, `Title`, `Description`, `Instructions`, `DueDate`, `TotalPoints`, `CreatedBy`, `CreatedAt`, `UpdatedAt`, `IsPublished`, `AllowFileUpload`, `AllowTextResponse`) VALUES
(1, 3, 'HSAGDHSF', 'SDJKFKDG', 'KDSJGKDFG', '2026-01-13 14:51:00', 100.00, 43, '2026-01-13 06:51:08', '2026-01-13 06:51:08', 1, 1, 1);

-- --------------------------------------------------------

--
-- Table structure for table `activitysubmission`
--

CREATE TABLE `activitysubmission` (
  `SubmissionID` int(11) NOT NULL,
  `ActivityID` int(11) NOT NULL,
  `StudID` int(11) NOT NULL,
  `FilePath` varchar(500) DEFAULT NULL,
  `FileName` varchar(255) DEFAULT NULL,
  `TextResponse` text DEFAULT NULL,
  `Grade` decimal(5,2) DEFAULT NULL,
  `Feedback` text DEFAULT NULL,
  `GradedBy` int(11) DEFAULT NULL,
  `GradedAt` datetime DEFAULT NULL,
  `SubmittedAt` timestamp NOT NULL DEFAULT current_timestamp(),
  `Status` enum('submitted','graded','late') DEFAULT 'submitted'
) ENGINE=InnoDB DEFAULT CHARSET=utf8mb4 COLLATE=utf8mb4_general_ci;

-- --------------------------------------------------------

--
-- Table structure for table `activity_logs`
--

CREATE TABLE `activity_logs` (
  `log_id` int(11) NOT NULL,
  `UserID` int(11) DEFAULT NULL,
  `action` varchar(100) NOT NULL,
  `description` text DEFAULT NULL,
  `table_name` varchar(50) NOT NULL,
  `record_id` int(11) DEFAULT NULL,
  `old_values` longtext CHARACTER SET utf8mb4 COLLATE utf8mb4_bin DEFAULT NULL CHECK (json_valid(`old_values`)),
  `new_values` longtext CHARACTER SET utf8mb4 COLLATE utf8mb4_bin DEFAULT NULL CHECK (json_valid(`new_values`)),
  `ip_address` varchar(45) DEFAULT NULL,
  `user_agent` varchar(500) DEFAULT NULL,
  `created_at` timestamp NOT NULL DEFAULT current_timestamp()
) ENGINE=InnoDB DEFAULT CHARSET=utf8mb4 COLLATE=utf8mb4_general_ci;

--
-- Dumping data for table `activity_logs`
--

INSERT INTO `activity_logs` (`log_id`, `UserID`, `action`, `description`, `table_name`, `record_id`, `old_values`, `new_values`, `ip_address`, `user_agent`, `created_at`) VALUES
(1, 36, 'logout', NULL, 'guidance_users', 36, NULL, NULL, '::1', 'Mozilla/5.0 (Windows NT 10.0; Win64; x64) AppleWebKit/537.36 (KHTML, like Gecko) Chrome/143.0.0.0 Safari/537.36', '2026-01-09 16:18:23'),
(2, 4, 'login', NULL, 'guidance_users', 4, NULL, NULL, '::1', 'Mozilla/5.0 (Windows NT 10.0; Win64; x64) AppleWebKit/537.36 (KHTML, like Gecko) Chrome/143.0.0.0 Safari/537.36 Edg/143.0.0.0', '2026-01-09 16:39:45'),
(3, 4, 'logout', NULL, 'guidance_users', 4, NULL, NULL, '::1', 'Mozilla/5.0 (Windows NT 10.0; Win64; x64) AppleWebKit/537.36 (KHTML, like Gecko) Chrome/143.0.0.0 Safari/537.36 Edg/143.0.0.0', '2026-01-09 16:39:50'),
(4, 4, 'login', NULL, 'guidance_users', 4, NULL, NULL, '::1', 'Mozilla/5.0 (Windows NT 10.0; Win64; x64) AppleWebKit/537.36 (KHTML, like Gecko) Chrome/143.0.0.0 Safari/537.36 Edg/143.0.0.0', '2026-01-09 16:40:13'),
(5, 1, 'login', NULL, 'guidance_users', 1, NULL, NULL, '::1', 'Mozilla/5.0 (Windows NT 10.0; Win64; x64) AppleWebKit/537.36 (KHTML, like Gecko) Chrome/143.0.0.0 Safari/537.36', '2026-01-12 03:40:59'),
(6, 1, 'logout', NULL, 'guidance_users', 1, NULL, NULL, '::1', 'Mozilla/5.0 (Windows NT 10.0; Win64; x64) AppleWebKit/537.36 (KHTML, like Gecko) Chrome/143.0.0.0 Safari/537.36', '2026-01-12 03:41:06'),
(7, 4, 'login', NULL, 'guidance_users', 4, NULL, NULL, '192.168.1.127', 'Mozilla/5.0 (Windows NT 10.0; Win64; x64) AppleWebKit/537.36 (KHTML, like Gecko) Chrome/143.0.0.0 Safari/537.36', '2026-01-12 07:31:22'),
(8, 4, 'create_user_senior_counselor', NULL, 'guidance_users', 14, NULL, NULL, '192.168.1.127', 'Mozilla/5.0 (Windows NT 10.0; Win64; x64) AppleWebKit/537.36 (KHTML, like Gecko) Chrome/143.0.0.0 Safari/537.36', '2026-01-12 07:33:38'),
(9, 4, 'logout', NULL, 'guidance_users', 4, NULL, NULL, '192.168.1.127', 'Mozilla/5.0 (Windows NT 10.0; Win64; x64) AppleWebKit/537.36 (KHTML, like Gecko) Chrome/143.0.0.0 Safari/537.36', '2026-01-12 07:33:49'),
(12, 4, 'login', NULL, 'guidance_users', 4, NULL, NULL, '192.168.1.127', 'Mozilla/5.0 (Windows NT 10.0; Win64; x64) AppleWebKit/537.36 (KHTML, like Gecko) Chrome/143.0.0.0 Safari/537.36', '2026-01-12 07:37:03'),
(13, 4, 'logout', NULL, 'guidance_users', 4, NULL, NULL, '192.168.1.127', 'Mozilla/5.0 (Windows NT 10.0; Win64; x64) AppleWebKit/537.36 (KHTML, like Gecko) Chrome/143.0.0.0 Safari/537.36', '2026-01-12 07:38:34'),
(14, 10, 'Registrar ', NULL, 'Registrar  logged in', NULL, NULL, NULL, '192.168.1.141', 'Mozilla/5.0 (Windows NT 10.0; Win64; x64) AppleWebKit/537.36 (KHTML, like Gecko) Chrome/143.0.0.0 Safari/537.36', '2026-01-12 08:25:45'),
(15, 10, 'Registrar ', NULL, 'Registrar  logged in', NULL, NULL, NULL, '192.168.1.141', 'Mozilla/5.0 (Windows NT 10.0; Win64; x64) AppleWebKit/537.36 (KHTML, like Gecko) Chrome/143.0.0.0 Safari/537.36', '2026-01-12 08:26:14'),
(16, 10, 'Registrar ', NULL, 'Registrar  logged in', NULL, NULL, NULL, '192.168.1.141', 'Mozilla/5.0 (Windows NT 10.0; Win64; x64) AppleWebKit/537.36 (KHTML, like Gecko) Chrome/143.0.0.0 Safari/537.36', '2026-01-12 08:38:47'),
(17, 10, 'Registrar ', NULL, 'Registrar  logged in', NULL, NULL, NULL, '192.168.1.141', 'Mozilla/5.0 (Windows NT 10.0; Win64; x64) AppleWebKit/537.36 (KHTML, like Gecko) Chrome/143.0.0.0 Safari/537.36', '2026-01-12 09:14:07'),
(18, 10, 'Registrar ', NULL, 'Registrar  logged in', NULL, NULL, NULL, '192.168.1.141', 'Mozilla/5.0 (Windows NT 10.0; Win64; x64) AppleWebKit/537.36 (KHTML, like Gecko) Chrome/143.0.0.0 Safari/537.36', '2026-01-12 09:25:58'),
(19, 10, 'Registrar ', NULL, 'Registrar  logged in', NULL, NULL, NULL, '192.168.1.141', 'Mozilla/5.0 (Windows NT 10.0; Win64; x64) AppleWebKit/537.36 (KHTML, like Gecko) Chrome/143.0.0.0 Safari/537.36', '2026-01-12 09:27:19'),
(20, 10, 'Registrar ', NULL, 'Registrar  logged in', NULL, NULL, NULL, '192.168.1.141', 'Mozilla/5.0 (Windows NT 10.0; Win64; x64) AppleWebKit/537.36 (KHTML, like Gecko) Chrome/143.0.0.0 Safari/537.36', '2026-01-12 09:28:42'),
(21, 10, 'Registrar ', NULL, 'Registrar  logged in', NULL, NULL, NULL, '192.168.1.141', 'Mozilla/5.0 (Windows NT 10.0; Win64; x64) AppleWebKit/537.36 (KHTML, like Gecko) Chrome/143.0.0.0 Safari/537.36', '2026-01-12 09:31:54'),
(22, 10, 'Registrar ', NULL, 'Registrar  logged in', NULL, NULL, NULL, '192.168.1.155', 'Mozilla/5.0 (Windows NT 10.0; Win64; x64) AppleWebKit/537.36 (KHTML, like Gecko) Chrome/143.0.0.0 Safari/537.36', '2026-01-12 09:36:25'),
(23, 15, 'Registrar', NULL, 'Registrar logged in', NULL, NULL, NULL, '192.168.1.155', 'Mozilla/5.0 (Windows NT 10.0; Win64; x64) AppleWebKit/537.36 (KHTML, like Gecko) Chrome/143.0.0.0 Safari/537.36', '2026-01-12 09:43:58'),
(24, 15, 'Registrar', NULL, 'Logged out', NULL, NULL, NULL, '192.168.1.155', 'Mozilla/5.0 (Windows NT 10.0; Win64; x64) AppleWebKit/537.36 (KHTML, like Gecko) Chrome/143.0.0.0 Safari/537.36', '2026-01-12 09:53:23'),
(25, 125, 'Student', NULL, 'Student logged in', NULL, NULL, NULL, '192.168.1.155', 'Mozilla/5.0 (Windows NT 10.0; Win64; x64) AppleWebKit/537.36 (KHTML, like Gecko) Chrome/143.0.0.0 Safari/537.36', '2026-01-12 09:55:17'),
(26, 15, 'Registrar', NULL, 'Registrar logged in', NULL, NULL, NULL, '192.168.1.141', 'Mozilla/5.0 (Windows NT 10.0; Win64; x64) AppleWebKit/537.36 (KHTML, like Gecko) Chrome/143.0.0.0 Safari/537.36', '2026-01-12 09:56:18'),
(27, 15, 'Registrar', NULL, 'Logged out', NULL, NULL, NULL, '192.168.1.141', 'Mozilla/5.0 (Windows NT 10.0; Win64; x64) AppleWebKit/537.36 (KHTML, like Gecko) Chrome/143.0.0.0 Safari/537.36', '2026-01-12 09:56:31'),
(28, 125, 'Student', NULL, 'Student logged in', NULL, NULL, NULL, '192.168.1.141', 'Mozilla/5.0 (Windows NT 10.0; Win64; x64) AppleWebKit/537.36 (KHTML, like Gecko) Chrome/143.0.0.0 Safari/537.36', '2026-01-12 09:56:44'),
(29, 125, 'create', NULL, 'document_requests', 1, NULL, '{\"request_id\":1,\"student_id\":125,\"document\":\"Certificate of Enrollment (COE)\",\"action\":\"Document request created\"}', '192.168.1.141', 'Mozilla/5.0 (Windows NT 10.0; Win64; x64) AppleWebKit/537.36 (KHTML, like Gecko) Chrome/143.0.0.0 Safari/537.36', '2026-01-12 09:57:08'),
(30, 125, 'Student', NULL, 'Logged out', NULL, NULL, NULL, '192.168.1.141', 'Mozilla/5.0 (Windows NT 10.0; Win64; x64) AppleWebKit/537.36 (KHTML, like Gecko) Chrome/143.0.0.0 Safari/537.36', '2026-01-12 09:57:17'),
(31, 15, 'Registrar', NULL, 'Registrar logged in', NULL, NULL, NULL, '192.168.1.141', 'Mozilla/5.0 (Windows NT 10.0; Win64; x64) AppleWebKit/537.36 (KHTML, like Gecko) Chrome/143.0.0.0 Safari/537.36', '2026-01-12 09:57:26'),
(32, 15, 'Registrar', NULL, 'Logged out', NULL, NULL, NULL, '192.168.1.141', 'Mozilla/5.0 (Windows NT 10.0; Win64; x64) AppleWebKit/537.36 (KHTML, like Gecko) Chrome/143.0.0.0 Safari/537.36', '2026-01-12 09:57:38'),
(33, 125, 'Student', NULL, 'Student logged in', NULL, NULL, NULL, '192.168.1.141', 'Mozilla/5.0 (Windows NT 10.0; Win64; x64) AppleWebKit/537.36 (KHTML, like Gecko) Chrome/143.0.0.0 Safari/537.36', '2026-01-12 09:57:49'),
(34, 125, 'Student', NULL, 'Logged out', NULL, NULL, NULL, '192.168.1.141', 'Mozilla/5.0 (Windows NT 10.0; Win64; x64) AppleWebKit/537.36 (KHTML, like Gecko) Chrome/143.0.0.0 Safari/537.36', '2026-01-12 09:58:23'),
(35, 15, 'Registrar', NULL, 'Registrar logged in', NULL, NULL, NULL, '192.168.1.141', 'Mozilla/5.0 (Windows NT 10.0; Win64; x64) AppleWebKit/537.36 (KHTML, like Gecko) Chrome/143.0.0.0 Safari/537.36', '2026-01-12 09:58:32'),
(36, 15, 'Registrar', NULL, 'Logged out', NULL, NULL, NULL, '192.168.1.141', 'Mozilla/5.0 (Windows NT 10.0; Win64; x64) AppleWebKit/537.36 (KHTML, like Gecko) Chrome/143.0.0.0 Safari/537.36', '2026-01-12 09:58:46'),
(37, 125, 'Student', NULL, 'Student logged in', NULL, NULL, NULL, '192.168.1.141', 'Mozilla/5.0 (Windows NT 10.0; Win64; x64) AppleWebKit/537.36 (KHTML, like Gecko) Chrome/143.0.0.0 Safari/537.36', '2026-01-12 09:59:00'),
(38, 4, 'login', NULL, 'guidance_users', 4, NULL, NULL, '192.168.1.112', 'Mozilla/5.0 (Windows NT 10.0; Win64; x64) AppleWebKit/537.36 (KHTML, like Gecko) Chrome/143.0.0.0 Safari/537.36', '2026-01-13 04:08:32'),
(39, 4, 'delete_user', NULL, 'guidance_users', 14, NULL, NULL, '192.168.1.112', 'Mozilla/5.0 (Windows NT 10.0; Win64; x64) AppleWebKit/537.36 (KHTML, like Gecko) Chrome/143.0.0.0 Safari/537.36', '2026-01-13 04:16:34'),
(40, 4, 'logout', NULL, 'guidance_users', 4, NULL, NULL, '192.168.1.112', 'Mozilla/5.0 (Windows NT 10.0; Win64; x64) AppleWebKit/537.36 (KHTML, like Gecko) Chrome/143.0.0.0 Safari/537.36', '2026-01-13 04:16:58'),
(41, NULL, 'user_registration', NULL, 'users', 32, NULL, NULL, '192.168.1.112', 'Mozilla/5.0 (Windows NT 10.0; Win64; x64) AppleWebKit/537.36 (KHTML, like Gecko) Chrome/143.0.0.0 Safari/537.36', '2026-01-13 04:18:05'),
(47, NULL, 'user_registration', NULL, 'users', 33, NULL, NULL, '192.168.1.112', 'Mozilla/5.0 (Windows NT 10.0; Win64; x64) AppleWebKit/537.36 (KHTML, like Gecko) Chrome/143.0.0.0 Safari/537.36', '2026-01-13 04:19:53'),
(50, 4, 'login', NULL, 'guidance_users', 4, NULL, NULL, '192.168.1.112', 'Mozilla/5.0 (Windows NT 10.0; Win64; x64) AppleWebKit/537.36 (KHTML, like Gecko) Chrome/143.0.0.0 Safari/537.36', '2026-01-13 04:20:58'),
(51, 125, 'Student', NULL, 'Student logged in', NULL, NULL, NULL, '::1', 'Mozilla/5.0 (Windows NT 10.0; Win64; x64) AppleWebKit/537.36 (KHTML, like Gecko) Chrome/143.0.0.0 Safari/537.36', '2026-01-13 06:36:36'),
(52, 125, 'Student - Logged out', NULL, 'sessions', NULL, NULL, NULL, '::1', 'Mozilla/5.0 (Windows NT 10.0; Win64; x64) AppleWebKit/537.36 (KHTML, like Gecko) Chrome/143.0.0.0 Safari/537.36', '2026-01-13 06:36:45'),
(53, 15, 'Registrar', NULL, 'Registrar logged in', NULL, NULL, NULL, '::1', 'Mozilla/5.0 (Windows NT 10.0; Win64; x64) AppleWebKit/537.36 (KHTML, like Gecko) Chrome/143.0.0.0 Safari/537.36', '2026-01-13 06:36:47'),
(54, 15, 'Registrar - Logged out', NULL, 'sessions', NULL, NULL, NULL, '::1', 'Mozilla/5.0 (Windows NT 10.0; Win64; x64) AppleWebKit/537.36 (KHTML, like Gecko) Chrome/143.0.0.0 Safari/537.36', '2026-01-13 06:37:40'),
(55, 125, 'Student', NULL, 'Student logged in', NULL, NULL, NULL, '::1', 'Mozilla/5.0 (Windows NT 10.0; Win64; x64) AppleWebKit/537.36 (KHTML, like Gecko) Chrome/143.0.0.0 Safari/537.36', '2026-01-13 06:37:49'),
(56, 125, 'create', NULL, 'document_requests', 2, NULL, '{\"request_id\":2,\"student_id\":125,\"document\":\"Good Moral Certificate (GMC)\",\"action\":\"Document request created\"}', '::1', 'Mozilla/5.0 (Windows NT 10.0; Win64; x64) AppleWebKit/537.36 (KHTML, like Gecko) Chrome/143.0.0.0 Safari/537.36', '2026-01-13 06:38:00'),
(57, 4, 'login', NULL, 'guidance_users', 4, NULL, NULL, '192.168.0.113', 'Mozilla/5.0 (Windows NT 10.0; Win64; x64) AppleWebKit/537.36 (KHTML, like Gecko) Chrome/143.0.0.0 Safari/537.36', '2026-01-13 06:40:47'),
(58, 4, 'logout', NULL, 'guidance_users', 4, NULL, NULL, '192.168.0.113', 'Mozilla/5.0 (Windows NT 10.0; Win64; x64) AppleWebKit/537.36 (KHTML, like Gecko) Chrome/143.0.0.0 Safari/537.36', '2026-01-13 06:40:57'),
(59, NULL, 'user_registration', NULL, 'users', 37, NULL, NULL, '192.168.0.113', 'Mozilla/5.0 (Windows NT 10.0; Win64; x64) AppleWebKit/537.36 (KHTML, like Gecko) Chrome/143.0.0.0 Safari/537.36', '2026-01-13 06:41:14'),
(60, 125, 'Student - Logged out', NULL, 'sessions', NULL, NULL, NULL, '::1', 'Mozilla/5.0 (Windows NT 10.0; Win64; x64) AppleWebKit/537.36 (KHTML, like Gecko) Chrome/143.0.0.0 Safari/537.36', '2026-01-13 06:41:19'),
(63, 4, 'login', NULL, 'guidance_users', 4, NULL, NULL, '192.168.0.113', 'Mozilla/5.0 (Windows NT 10.0; Win64; x64) AppleWebKit/537.36 (KHTML, like Gecko) Chrome/143.0.0.0 Safari/537.36', '2026-01-13 06:43:03'),
(64, 4, 'create_user_senior_counselor', NULL, 'guidance_users', 38, NULL, NULL, '192.168.0.113', 'Mozilla/5.0 (Windows NT 10.0; Win64; x64) AppleWebKit/537.36 (KHTML, like Gecko) Chrome/143.0.0.0 Safari/537.36', '2026-01-13 06:43:44'),
(65, 4, 'delete_student_profile', NULL, 'student_guidance', 127, NULL, NULL, '192.168.0.113', 'Mozilla/5.0 (Windows NT 10.0; Win64; x64) AppleWebKit/537.36 (KHTML, like Gecko) Chrome/143.0.0.0 Safari/537.36', '2026-01-13 06:45:50'),
(66, 4, 'delete_user', NULL, 'guidance_users', 37, NULL, NULL, '192.168.0.113', 'Mozilla/5.0 (Windows NT 10.0; Win64; x64) AppleWebKit/537.36 (KHTML, like Gecko) Chrome/143.0.0.0 Safari/537.36', '2026-01-13 06:45:50'),
(67, 4, 'logout', NULL, 'guidance_users', 4, NULL, NULL, '192.168.0.113', 'Mozilla/5.0 (Windows NT 10.0; Win64; x64) AppleWebKit/537.36 (KHTML, like Gecko) Chrome/143.0.0.0 Safari/537.36', '2026-01-13 06:45:53'),
(68, NULL, 'user_registration', NULL, 'users', 41, NULL, NULL, '192.168.0.113', 'Mozilla/5.0 (Windows NT 10.0; Win64; x64) AppleWebKit/537.36 (KHTML, like Gecko) Chrome/143.0.0.0 Safari/537.36', '2026-01-13 06:46:08'),
(69, 41, 'login', NULL, 'guidance_users', 41, NULL, NULL, '192.168.0.113', 'Mozilla/5.0 (Windows NT 10.0; Win64; x64) AppleWebKit/537.36 (KHTML, like Gecko) Chrome/143.0.0.0 Safari/537.36', '2026-01-13 06:46:19'),
(70, 41, 'logout', NULL, 'guidance_users', 41, NULL, NULL, '192.168.0.113', 'Mozilla/5.0 (Windows NT 10.0; Win64; x64) AppleWebKit/537.36 (KHTML, like Gecko) Chrome/143.0.0.0 Safari/537.36', '2026-01-13 06:46:23'),
(71, 4, 'login', NULL, 'guidance_users', 4, NULL, NULL, '192.168.0.113', 'Mozilla/5.0 (Windows NT 10.0; Win64; x64) AppleWebKit/537.36 (KHTML, like Gecko) Chrome/143.0.0.0 Safari/537.36', '2026-01-13 06:46:30'),
(72, 125, 'Student', NULL, 'Student logged in', NULL, NULL, NULL, '::1', 'Mozilla/5.0 (Windows NT 10.0; Win64; x64) AppleWebKit/537.36 (KHTML, like Gecko) Chrome/143.0.0.0 Safari/537.36', '2026-01-13 06:46:33'),
(73, 125, 'Student - Logged out', NULL, 'sessions', NULL, NULL, NULL, '::1', 'Mozilla/5.0 (Windows NT 10.0; Win64; x64) AppleWebKit/537.36 (KHTML, like Gecko) Chrome/143.0.0.0 Safari/537.36', '2026-01-13 06:46:45'),
(74, 125, 'Student', NULL, 'Student logged in', NULL, NULL, NULL, '::1', 'Mozilla/5.0 (Windows NT 10.0; Win64; x64) AppleWebKit/537.36 (KHTML, like Gecko) Chrome/143.0.0.0 Safari/537.36', '2026-01-13 06:49:57'),
(75, 125, 'create', NULL, 'document_requests', 3, NULL, '{\"request_id\":3,\"student_id\":125,\"document\":\"Certified True Copy\",\"action\":\"Document request created\"}', '::1', 'Mozilla/5.0 (Windows NT 10.0; Win64; x64) AppleWebKit/537.36 (KHTML, like Gecko) Chrome/143.0.0.0 Safari/537.36', '2026-01-13 06:50:21'),
(76, 125, 'Student - Logged out', NULL, 'sessions', NULL, NULL, NULL, '::1', 'Mozilla/5.0 (Windows NT 10.0; Win64; x64) AppleWebKit/537.36 (KHTML, like Gecko) Chrome/143.0.0.0 Safari/537.36', '2026-01-13 06:57:20'),
(77, 4, 'logout', NULL, 'guidance_users', 4, NULL, NULL, '192.168.0.113', 'Mozilla/5.0 (Windows NT 10.0; Win64; x64) AppleWebKit/537.36 (KHTML, like Gecko) Chrome/143.0.0.0 Safari/537.36', '2026-01-13 06:57:50'),
(78, 128, 'Student', NULL, 'Student logged in', NULL, NULL, NULL, '::1', 'Mozilla/5.0 (Windows NT 10.0; Win64; x64) AppleWebKit/537.36 (KHTML, like Gecko) Chrome/143.0.0.0 Safari/537.36', '2026-01-13 06:58:54'),
(79, 128, 'Student - Logged out', NULL, 'sessions', NULL, NULL, NULL, '::1', 'Mozilla/5.0 (Windows NT 10.0; Win64; x64) AppleWebKit/537.36 (KHTML, like Gecko) Chrome/143.0.0.0 Safari/537.36', '2026-01-13 07:00:10'),
(80, 125, 'Student', NULL, 'Student logged in', NULL, NULL, NULL, '::1', 'Mozilla/5.0 (Windows NT 10.0; Win64; x64) AppleWebKit/537.36 (KHTML, like Gecko) Chrome/143.0.0.0 Safari/537.36', '2026-01-13 07:02:45'),
(81, 42, 'login', NULL, 'guidance_users', 42, NULL, NULL, '192.168.0.113', 'Mozilla/5.0 (Windows NT 10.0; Win64; x64) AppleWebKit/537.36 (KHTML, like Gecko) Chrome/143.0.0.0 Safari/537.36', '2026-01-13 07:05:02'),
(82, 42, 'logout', NULL, 'guidance_users', 42, NULL, NULL, '192.168.0.113', 'Mozilla/5.0 (Windows NT 10.0; Win64; x64) AppleWebKit/537.36 (KHTML, like Gecko) Chrome/143.0.0.0 Safari/537.36', '2026-01-13 07:05:44'),
(83, 125, 'create', NULL, 'document_requests', 4, NULL, '{\"request_id\":4,\"student_id\":125,\"document\":\"Transcript of Records (TOR)\",\"action\":\"Document request created\"}', '::1', 'Mozilla/5.0 (Windows NT 10.0; Win64; x64) AppleWebKit/537.36 (KHTML, like Gecko) Chrome/143.0.0.0 Safari/537.36', '2026-01-13 07:11:08'),
(84, 4, 'login', NULL, 'guidance_users', 4, NULL, NULL, '192.168.0.113', 'Mozilla/5.0 (Windows NT 10.0; Win64; x64) AppleWebKit/537.36 (KHTML, like Gecko) Chrome/143.0.0.0 Safari/537.36', '2026-01-13 07:11:15'),
(85, 125, 'Student - Logged out', NULL, 'sessions', NULL, NULL, NULL, '::1', 'Mozilla/5.0 (Windows NT 10.0; Win64; x64) AppleWebKit/537.36 (KHTML, like Gecko) Chrome/143.0.0.0 Safari/537.36', '2026-01-13 07:25:12'),
(86, 15, 'Registrar', NULL, 'Registrar logged in', NULL, NULL, NULL, '::1', 'Mozilla/5.0 (Windows NT 10.0; Win64; x64) AppleWebKit/537.36 (KHTML, like Gecko) Chrome/143.0.0.0 Safari/537.36', '2026-01-13 07:25:15'),
(87, NULL, 'user_registration', NULL, 'users', 45, NULL, NULL, '192.168.0.113', 'Mozilla/5.0 (Windows NT 10.0; Win64; x64) AppleWebKit/537.36 (KHTML, like Gecko) Chrome/143.0.0.0 Safari/537.36', '2026-01-13 07:27:39'),
(88, 45, 'login', NULL, 'guidance_users', 45, NULL, NULL, '192.168.0.113', 'Mozilla/5.0 (Windows NT 10.0; Win64; x64) AppleWebKit/537.36 (KHTML, like Gecko) Chrome/143.0.0.0 Safari/537.36', '2026-01-13 07:27:58'),
(89, 45, 'upload_profile_picture', '{\"profile_picture\":\"uploads\\/avatars\\/6965f4469c95d.jpg\"}', 'student_guidance', 128, NULL, NULL, '192.168.0.113', 'Mozilla/5.0 (Windows NT 10.0; Win64; x64) AppleWebKit/537.36 (KHTML, like Gecko) Chrome/143.0.0.0 Safari/537.36', '2026-01-13 07:29:10'),
(90, 45, 'update_profile', '{\"field\":\"Province\",\"old_value\":null,\"new_value\":\"Leyte\"}', 'student', 128, NULL, NULL, '192.168.0.113', 'Mozilla/5.0 (Windows NT 10.0; Win64; x64) AppleWebKit/537.36 (KHTML, like Gecko) Chrome/143.0.0.0 Safari/537.36', '2026-01-13 07:29:15'),
(91, 45, 'update_profile', '{\"field\":\"Guardian Phone\",\"old_value\":null,\"new_value\":\"09381123123\"}', 'student_guidance', 128, NULL, NULL, '192.168.0.113', 'Mozilla/5.0 (Windows NT 10.0; Win64; x64) AppleWebKit/537.36 (KHTML, like Gecko) Chrome/143.0.0.0 Safari/537.36', '2026-01-13 07:29:24'),
(92, 45, 'logout', NULL, 'guidance_users', 45, NULL, NULL, '192.168.0.113', 'Mozilla/5.0 (Windows NT 10.0; Win64; x64) AppleWebKit/537.36 (KHTML, like Gecko) Chrome/143.0.0.0 Safari/537.36', '2026-01-13 07:40:52'),
(93, 38, 'login', NULL, 'guidance_users', 38, NULL, NULL, '192.168.0.113', 'Mozilla/5.0 (Windows NT 10.0; Win64; x64) AppleWebKit/537.36 (KHTML, like Gecko) Chrome/143.0.0.0 Safari/537.36', '2026-01-13 07:40:59'),
(94, 38, 'logout', NULL, 'guidance_users', 38, NULL, NULL, '192.168.0.113', 'Mozilla/5.0 (Windows NT 10.0; Win64; x64) AppleWebKit/537.36 (KHTML, like Gecko) Chrome/143.0.0.0 Safari/537.36', '2026-01-13 07:41:27'),
(95, 45, 'login', NULL, 'guidance_users', 45, NULL, NULL, '192.168.0.113', 'Mozilla/5.0 (Windows NT 10.0; Win64; x64) AppleWebKit/537.36 (KHTML, like Gecko) Chrome/143.0.0.0 Safari/537.36', '2026-01-13 07:44:52'),
(96, 15, 'Registrar - Logged out', NULL, 'sessions', NULL, NULL, NULL, '::1', 'Mozilla/5.0 (Windows NT 10.0; Win64; x64) AppleWebKit/537.36 (KHTML, like Gecko) Chrome/143.0.0.0 Safari/537.36', '2026-01-13 07:49:55'),
(97, 125, 'Student', NULL, 'Student logged in', NULL, NULL, NULL, '::1', 'Mozilla/5.0 (Windows NT 10.0; Win64; x64) AppleWebKit/537.36 (KHTML, like Gecko) Chrome/143.0.0.0 Safari/537.36', '2026-01-13 07:50:01'),
(98, 4, 'login', NULL, 'guidance_users', 4, NULL, NULL, '::1', 'Mozilla/5.0 (Windows NT 10.0; Win64; x64) AppleWebKit/537.36 (KHTML, like Gecko) Chrome/143.0.0.0 Safari/537.36', '2026-01-13 08:24:02'),
(99, 4, 'logout', NULL, 'guidance_users', 4, NULL, NULL, '::1', 'Mozilla/5.0 (Windows NT 10.0; Win64; x64) AppleWebKit/537.36 (KHTML, like Gecko) Chrome/143.0.0.0 Safari/537.36', '2026-01-13 08:24:13'),
(100, 125, 'Student - Logged out', NULL, 'sessions', NULL, NULL, NULL, '::1', 'Mozilla/5.0 (Windows NT 10.0; Win64; x64) AppleWebKit/537.36 (KHTML, like Gecko) Chrome/143.0.0.0 Safari/537.36', '2026-01-13 08:25:03'),
(101, 15, 'Registrar', NULL, 'Registrar logged in', NULL, NULL, NULL, '::1', 'Mozilla/5.0 (Windows NT 10.0; Win64; x64) AppleWebKit/537.36 (KHTML, like Gecko) Chrome/143.0.0.0 Safari/537.36', '2026-01-13 08:25:09'),
(102, NULL, 'user_registration', NULL, 'users', 50, NULL, NULL, '::1', 'Mozilla/5.0 (Windows NT 10.0; Win64; x64) AppleWebKit/537.36 (KHTML, like Gecko) Chrome/143.0.0.0 Safari/537.36', '2026-01-13 08:27:16'),
(103, 50, 'login', NULL, 'guidance_users', 50, NULL, NULL, '::1', 'Mozilla/5.0 (Windows NT 10.0; Win64; x64) AppleWebKit/537.36 (KHTML, like Gecko) Chrome/143.0.0.0 Safari/537.36', '2026-01-13 08:27:44'),
(104, 50, 'logout', NULL, 'guidance_users', 50, NULL, NULL, '::1', 'Mozilla/5.0 (Windows NT 10.0; Win64; x64) AppleWebKit/537.36 (KHTML, like Gecko) Chrome/143.0.0.0 Safari/537.36', '2026-01-13 08:28:11'),
(105, 4, 'login', NULL, 'guidance_users', 4, NULL, NULL, '::1', 'Mozilla/5.0 (Windows NT 10.0; Win64; x64) AppleWebKit/537.36 (KHTML, like Gecko) Chrome/143.0.0.0 Safari/537.36', '2026-01-13 08:28:21'),
(106, 4, 'logout', NULL, 'guidance_users', 4, NULL, NULL, '::1', 'Mozilla/5.0 (Windows NT 10.0; Win64; x64) AppleWebKit/537.36 (KHTML, like Gecko) Chrome/143.0.0.0 Safari/537.36', '2026-01-13 08:28:34'),
(107, 50, 'login', NULL, 'guidance_users', 50, NULL, NULL, '::1', 'Mozilla/5.0 (Windows NT 10.0; Win64; x64) AppleWebKit/537.36 (KHTML, like Gecko) Chrome/143.0.0.0 Safari/537.36', '2026-01-13 08:30:09'),
(108, 50, 'upload_profile_picture', '{\"profile_picture\":\"uploads\\/avatars\\/696602984f090.jpg\"}', 'student_guidance', 130, NULL, NULL, '::1', 'Mozilla/5.0 (Windows NT 10.0; Win64; x64) AppleWebKit/537.36 (KHTML, like Gecko) Chrome/143.0.0.0 Safari/537.36', '2026-01-13 08:30:16'),
(109, 50, 'update_profile', '{\"field\":\"Province\",\"old_value\":null,\"new_value\":\"Leyte\"}', 'student', 130, NULL, NULL, '::1', 'Mozilla/5.0 (Windows NT 10.0; Win64; x64) AppleWebKit/537.36 (KHTML, like Gecko) Chrome/143.0.0.0 Safari/537.36', '2026-01-13 08:30:18'),
(110, 50, 'update_profile', '{\"field\":\"Guardian Phone\",\"old_value\":null,\"new_value\":\"09122232223\"}', 'student_guidance', 130, NULL, NULL, '::1', 'Mozilla/5.0 (Windows NT 10.0; Win64; x64) AppleWebKit/537.36 (KHTML, like Gecko) Chrome/143.0.0.0 Safari/537.36', '2026-01-13 08:30:26'),
(111, 50, 'logout', NULL, 'guidance_users', 50, NULL, NULL, '::1', 'Mozilla/5.0 (Windows NT 10.0; Win64; x64) AppleWebKit/537.36 (KHTML, like Gecko) Chrome/143.0.0.0 Safari/537.36', '2026-01-13 08:30:32'),
(112, 4, 'login', NULL, 'guidance_users', 4, NULL, NULL, '::1', 'Mozilla/5.0 (Windows NT 10.0; Win64; x64) AppleWebKit/537.36 (KHTML, like Gecko) Chrome/143.0.0.0 Safari/537.36', '2026-01-13 08:30:58'),
(113, 4, 'logout', NULL, 'guidance_users', 4, NULL, NULL, '::1', 'Mozilla/5.0 (Windows NT 10.0; Win64; x64) AppleWebKit/537.36 (KHTML, like Gecko) Chrome/143.0.0.0 Safari/537.36', '2026-01-13 08:31:11'),
(114, 15, 'Registrar - Logged out', NULL, 'sessions', NULL, NULL, NULL, '::1', 'Mozilla/5.0 (Windows NT 10.0; Win64; x64) AppleWebKit/537.36 (KHTML, like Gecko) Chrome/143.0.0.0 Safari/537.36', '2026-01-13 08:33:12'),
(115, 130, 'Student', NULL, 'Student logged in', NULL, NULL, NULL, '::1', 'Mozilla/5.0 (Windows NT 10.0; Win64; x64) AppleWebKit/537.36 (KHTML, like Gecko) Chrome/143.0.0.0 Safari/537.36', '2026-01-13 08:35:50'),
(116, 130, 'create', NULL, 'document_requests', 5, NULL, '{\"request_id\":5,\"student_id\":130,\"document\":\"Certificate of Enrollment (COE)\",\"action\":\"Document request created\"}', '::1', 'Mozilla/5.0 (Windows NT 10.0; Win64; x64) AppleWebKit/537.36 (KHTML, like Gecko) Chrome/143.0.0.0 Safari/537.36', '2026-01-13 08:36:45'),
(117, 130, 'Student - Logged out', NULL, 'sessions', NULL, NULL, NULL, '::1', 'Mozilla/5.0 (Windows NT 10.0; Win64; x64) AppleWebKit/537.36 (KHTML, like Gecko) Chrome/143.0.0.0 Safari/537.36', '2026-01-13 08:37:12'),
(118, 15, 'Registrar', NULL, 'Registrar logged in', NULL, NULL, NULL, '::1', 'Mozilla/5.0 (Windows NT 10.0; Win64; x64) AppleWebKit/537.36 (KHTML, like Gecko) Chrome/143.0.0.0 Safari/537.36', '2026-01-13 08:37:29'),
(119, 50, 'login', NULL, 'guidance_users', 50, NULL, NULL, '::1', 'Mozilla/5.0 (Windows NT 10.0; Win64; x64) AppleWebKit/537.36 (KHTML, like Gecko) Chrome/143.0.0.0 Safari/537.36', '2026-01-13 08:42:39'),
(120, 15, 'Registrar - Logged out', NULL, 'sessions', NULL, NULL, NULL, '::1', 'Mozilla/5.0 (Windows NT 10.0; Win64; x64) AppleWebKit/537.36 (KHTML, like Gecko) Chrome/143.0.0.0 Safari/537.36', '2026-01-13 08:44:24'),
(121, 130, 'Student', NULL, 'Student logged in', NULL, NULL, NULL, '::1', 'Mozilla/5.0 (Windows NT 10.0; Win64; x64) AppleWebKit/537.36 (KHTML, like Gecko) Chrome/143.0.0.0 Safari/537.36', '2026-01-13 08:44:27'),
(122, 130, 'Student - Logged out', NULL, 'sessions', NULL, NULL, NULL, '::1', 'Mozilla/5.0 (Windows NT 10.0; Win64; x64) AppleWebKit/537.36 (KHTML, like Gecko) Chrome/143.0.0.0 Safari/537.36', '2026-01-13 08:45:42'),
(123, 15, 'Registrar', NULL, 'Registrar logged in', NULL, NULL, NULL, '::1', 'Mozilla/5.0 (Windows NT 10.0; Win64; x64) AppleWebKit/537.36 (KHTML, like Gecko) Chrome/143.0.0.0 Safari/537.36', '2026-01-13 08:45:45'),
(124, 50, 'logout', NULL, 'guidance_users', 50, NULL, NULL, '::1', 'Mozilla/5.0 (Windows NT 10.0; Win64; x64) AppleWebKit/537.36 (KHTML, like Gecko) Chrome/143.0.0.0 Safari/537.36', '2026-01-13 08:51:16'),
(125, 4, 'login', NULL, 'guidance_users', 4, NULL, NULL, '::1', 'Mozilla/5.0 (Windows NT 10.0; Win64; x64) AppleWebKit/537.36 (KHTML, like Gecko) Chrome/143.0.0.0 Safari/537.36', '2026-01-13 08:52:25'),
(126, 4, 'logout', NULL, 'guidance_users', 4, NULL, NULL, '::1', 'Mozilla/5.0 (Windows NT 10.0; Win64; x64) AppleWebKit/537.36 (KHTML, like Gecko) Chrome/143.0.0.0 Safari/537.36', '2026-01-13 08:52:37'),
(129, 4, 'login', NULL, 'guidance_users', 4, NULL, NULL, '::1', 'Mozilla/5.0 (Windows NT 10.0; Win64; x64) AppleWebKit/537.36 (KHTML, like Gecko) Chrome/143.0.0.0 Safari/537.36', '2026-01-13 09:01:34'),
(130, 4, 'delete_student_profile', NULL, 'student_guidance', 126, NULL, NULL, '::1', 'Mozilla/5.0 (Windows NT 10.0; Win64; x64) AppleWebKit/537.36 (KHTML, like Gecko) Chrome/143.0.0.0 Safari/537.36', '2026-01-13 09:01:52'),
(131, 4, 'delete_user', NULL, 'guidance_users', 33, NULL, NULL, '::1', 'Mozilla/5.0 (Windows NT 10.0; Win64; x64) AppleWebKit/537.36 (KHTML, like Gecko) Chrome/143.0.0.0 Safari/537.36', '2026-01-13 09:01:52'),
(132, 4, 'delete_student_profile', NULL, 'student_guidance', 125, NULL, NULL, '::1', 'Mozilla/5.0 (Windows NT 10.0; Win64; x64) AppleWebKit/537.36 (KHTML, like Gecko) Chrome/143.0.0.0 Safari/537.36', '2026-01-13 09:01:56'),
(133, 4, 'delete_user', NULL, 'guidance_users', 32, NULL, NULL, '::1', 'Mozilla/5.0 (Windows NT 10.0; Win64; x64) AppleWebKit/537.36 (KHTML, like Gecko) Chrome/143.0.0.0 Safari/537.36', '2026-01-13 09:01:56'),
(134, 4, 'logout', NULL, 'guidance_users', 4, NULL, NULL, '::1', 'Mozilla/5.0 (Windows NT 10.0; Win64; x64) AppleWebKit/537.36 (KHTML, like Gecko) Chrome/143.0.0.0 Safari/537.36', '2026-01-13 09:01:59');

-- --------------------------------------------------------

--
-- Table structure for table `admins`
--

CREATE TABLE `admins` (
  `admin_id` int(11) NOT NULL,
  `Fname` varchar(100) NOT NULL,
  `Lname` varchar(100) NOT NULL,
  `Email` varchar(150) NOT NULL,
  `Password` varchar(255) NOT NULL,
  `Role` varchar(50) NOT NULL,
  `user_id` int(11) DEFAULT NULL,
  `created_at` timestamp NOT NULL DEFAULT current_timestamp()
) ENGINE=InnoDB DEFAULT CHARSET=utf8mb4 COLLATE=utf8mb4_general_ci;

--
-- Dumping data for table `admins`
--

INSERT INTO `admins` (`admin_id`, `Fname`, `Lname`, `Email`, `Password`, `Role`, `user_id`, `created_at`) VALUES
(1, 'admin', 'admin', 'admin@gmail.com', '$2y$10$EJ3ojkPl/gv97TBLI9e7ZuzHZ0Wm8qR4zCsT2e4i27KdnT7DkjB4a', 'Admin', NULL, '2025-12-15 01:06:19');

-- --------------------------------------------------------

--
-- Table structure for table `allowance_releases`
--

CREATE TABLE `allowance_releases` (
  `id` int(11) NOT NULL,
  `scholar_id` int(11) NOT NULL,
  `amount` decimal(10,2) NOT NULL,
  `release_date` date NOT NULL,
  `released_by` int(11) NOT NULL,
  `notes` text DEFAULT NULL,
  `created_at` timestamp NOT NULL DEFAULT current_timestamp()
) ENGINE=InnoDB DEFAULT CHARSET=utf8mb4 COLLATE=utf8mb4_general_ci;

--
-- Dumping data for table `allowance_releases`
--

INSERT INTO `allowance_releases` (`id`, `scholar_id`, `amount`, `release_date`, `released_by`, `notes`, `created_at`) VALUES
(2, 2, 5000.00, '2024-01-15', 17, 'Monthly stipend for January 2024', '2026-01-12 20:50:54');

-- --------------------------------------------------------

--
-- Stand-in structure for view `all_users_view`
-- (See below for the actual view)
--
CREATE TABLE `all_users_view` (
`username` varchar(100)
,`password` varchar(255)
,`role` enum('admin','student','instructor')
,`user_ref_id` int(11)
,`created_at` timestamp
);

-- --------------------------------------------------------

--
-- Table structure for table `announcement`
--

CREATE TABLE `announcement` (
  `AnnouncementID` int(11) NOT NULL,
  `schedule_id` int(11) DEFAULT NULL,
  `Title` varchar(255) NOT NULL,
  `Content` text NOT NULL,
  `target_audience` enum('all','student','admin') DEFAULT 'all',
  `PostedBy` int(11) NOT NULL,
  `PostedAt` timestamp NOT NULL DEFAULT current_timestamp(),
  `UpdatedAt` timestamp NOT NULL DEFAULT current_timestamp() ON UPDATE current_timestamp(),
  `IsPublished` tinyint(1) DEFAULT 1,
  `Priority` enum('low','normal','high','urgent') DEFAULT 'normal',
  `status` enum('active','inactive') DEFAULT 'active',
  `start_date` date DEFAULT NULL,
  `end_date` date DEFAULT NULL
) ENGINE=InnoDB DEFAULT CHARSET=utf8mb4 COLLATE=utf8mb4_general_ci;

--
-- Dumping data for table `announcement`
--

INSERT INTO `announcement` (`AnnouncementID`, `schedule_id`, `Title`, `Content`, `target_audience`, `PostedBy`, `PostedAt`, `UpdatedAt`, `IsPublished`, `Priority`, `status`, `start_date`, `end_date`) VALUES
(1, NULL, 'Scholarship Application Deadline', 'Due to numerous requests, the deadline for scholarship applications has been extended to December 15, 2024. Please ensure all required documents are submitted before the new deadline.', 'student', 17, '2026-01-12 21:48:13', '2026-01-12 21:48:13', 1, 'high', 'active', '2024-11-01', '2024-12-15'),
(2, NULL, 'Scholarship Allowance Release', 'The scholarship allowance for the month of November will be released on November 25, 2024. Please ensure your bank account details are updated in the system.', 'student', 17, '2026-01-12 21:48:13', '2026-01-12 21:48:13', 1, 'urgent', 'active', '2024-11-01', '2024-11-25'),
(3, NULL, 'Scholarship Academic Requirements', 'All scholars are required to submit their mid-term grades by November 30, 2024. Failure to submit may affect your scholarship status.', 'student', 17, '2026-01-12 21:48:13', '2026-01-12 21:48:13', 1, 'high', 'active', '2024-11-10', '2024-11-30'),
(4, NULL, 'Scholarship Application Status Update', 'The scholarship committee has completed the initial review of applications. Shortlisted candidates will be notified for interviews next week.', 'student', 17, '2026-01-12 21:48:13', '2026-01-12 21:48:13', 1, 'normal', 'active', '2024-11-01', NULL),
(5, NULL, 'Scholarship Renewal Process', 'The scholarship renewal process for the next academic year will begin on January 15, 2024. Please prepare all necessary documents.', 'student', 17, '2026-01-12 21:48:13', '2026-01-12 21:48:13', 1, 'high', 'active', '2024-01-01', '2024-02-15'),
(6, NULL, 'TDP Application Now Open', 'Applications for Tertiary Education Subsidy (TDP) are now open for AY 2024-2025. Eligible students from families with annual income ≤ ₱300,000 may apply.', 'student', 17, '2026-01-12 22:54:10', '2026-01-12 22:54:10', 1, 'high', 'active', '2024-11-01', '2024-12-31'),
(7, NULL, 'TDP Requirements Deadline', 'Deadline for submitting complete TDP application requirements is December 15, 2024. Ensure all documents including proof of income and certificate of indigency are submitted.', 'student', 17, '2026-01-12 22:54:10', '2026-01-12 22:54:10', 1, 'urgent', 'active', '2024-11-15', '2024-12-15'),
(8, NULL, 'TDP Verification Schedule', 'TDP application verification will begin on January 15, 2025. Shortlisted applicants will be notified for interview.', 'student', 17, '2026-01-12 22:54:10', '2026-01-12 22:54:10', 1, 'high', 'active', '2025-01-01', '2025-02-15'),
(9, NULL, 'TDP Stipend Release', 'First month TDP stipend for approved applicants will be released on February 15, 2025.', 'student', 17, '2026-01-12 22:54:10', '2026-01-12 22:54:10', 1, 'urgent', 'active', '2025-02-01', '2025-02-15'),
(10, NULL, 'TDP Application Now Open', 'Applications for Tertiary Education Subsidy (TDP) are now open for AY 2024-2025. Eligible students from families with annual income ≤ ₱300,000 may apply.', 'student', 17, '2026-01-12 23:18:06', '2026-01-12 23:18:06', 1, 'high', 'active', '2024-11-01', '2024-12-31'),
(11, NULL, 'TDP Requirements Deadline', 'Deadline for submitting complete TDP application requirements is December 15, 2024. Ensure all documents including proof of income and certificate of indigency are submitted.', 'student', 17, '2026-01-12 23:18:06', '2026-01-12 23:18:06', 1, 'urgent', 'active', '2024-11-15', '2024-12-15'),
(12, NULL, 'TDP Verification Schedule', 'TDP application verification will begin on January 15, 2025. Shortlisted applicants will be notified for interview.', 'student', 17, '2026-01-12 23:18:06', '2026-01-12 23:18:06', 1, 'high', 'active', '2025-01-01', '2025-02-15'),
(13, NULL, 'TDP Stipend Release', 'First month TDP stipend for approved applicants will be released on February 15, 2025.', 'student', 17, '2026-01-12 23:18:06', '2026-01-12 23:18:06', 1, 'urgent', 'active', '2025-02-01', '2025-02-15');

-- --------------------------------------------------------

--
-- Table structure for table `applications`
--

CREATE TABLE `applications` (
  `id` int(11) NOT NULL,
  `user_id` int(11) NOT NULL,
  `application_type` enum('scholarship','tdp') DEFAULT 'scholarship',
  `school_id` varchar(20) NOT NULL,
  `first_name` varchar(50) NOT NULL,
  `middle_name` varchar(50) DEFAULT NULL,
  `last_name` varchar(50) NOT NULL,
  `name_extension` varchar(10) DEFAULT NULL,
  `sex` enum('Male','Female') NOT NULL,
  `birth_date` date NOT NULL,
  `email` varchar(100) NOT NULL,
  `contact_number` varchar(20) NOT NULL,
  `course_id` int(11) NOT NULL,
  `year_level` int(11) NOT NULL,
  `academic_year` varchar(20) DEFAULT '2023-2024',
  `semester` varchar(20) DEFAULT '1st Semester',
  `average_grade` decimal(4,2) DEFAULT NULL,
  `indigenous_group` enum('Yes','No') DEFAULT 'No',
  `indigenous_group_name` varchar(100) DEFAULT NULL,
  `disability` enum('Yes','No') DEFAULT 'No',
  `disability_type` varchar(100) DEFAULT NULL,
  `street_barangay` varchar(255) NOT NULL,
  `town_city` varchar(100) NOT NULL,
  `zip_code` varchar(10) DEFAULT NULL,
  `father_last_name` varchar(100) NOT NULL,
  `father_first_name` varchar(100) NOT NULL,
  `father_middle_name` varchar(100) DEFAULT NULL,
  `mother_maiden_last_name` varchar(100) NOT NULL,
  `mother_maiden_first_name` varchar(100) NOT NULL,
  `mother_maiden_middle_name` varchar(100) DEFAULT NULL,
  `family_income` decimal(12,2) DEFAULT NULL,
  `parent_occupation` varchar(100) DEFAULT NULL,
  `family_size` int(11) DEFAULT 1,
  `educational_attainment` varchar(50) DEFAULT NULL,
  `has_other_scholarship` enum('Yes','No') DEFAULT 'No',
  `other_scholarship_details` text DEFAULT NULL,
  `guardian_name` varchar(255) DEFAULT NULL,
  `guardian_contact` varchar(20) DEFAULT NULL,
  `status` enum('draft','submitted','under_review','approved','rejected') DEFAULT 'draft',
  `submitted_at` timestamp NULL DEFAULT NULL,
  `reviewed_at` timestamp NULL DEFAULT NULL,
  `reviewed_by` int(11) DEFAULT NULL,
  `review_notes` text DEFAULT NULL,
  `created_at` timestamp NOT NULL DEFAULT current_timestamp(),
  `updated_at` timestamp NOT NULL DEFAULT current_timestamp() ON UPDATE current_timestamp()
) ENGINE=InnoDB DEFAULT CHARSET=utf8mb4 COLLATE=utf8mb4_general_ci;

--
-- Dumping data for table `applications`
--

INSERT INTO `applications` (`id`, `user_id`, `application_type`, `school_id`, `first_name`, `middle_name`, `last_name`, `name_extension`, `sex`, `birth_date`, `email`, `contact_number`, `course_id`, `year_level`, `academic_year`, `semester`, `average_grade`, `indigenous_group`, `indigenous_group_name`, `disability`, `disability_type`, `street_barangay`, `town_city`, `zip_code`, `father_last_name`, `father_first_name`, `father_middle_name`, `mother_maiden_last_name`, `mother_maiden_first_name`, `mother_maiden_middle_name`, `family_income`, `parent_occupation`, `family_size`, `educational_attainment`, `has_other_scholarship`, `other_scholarship_details`, `guardian_name`, `guardian_contact`, `status`, `submitted_at`, `reviewed_at`, `reviewed_by`, `review_notes`, `created_at`, `updated_at`) VALUES
(1, 18, 'scholarship', '2023-001', 'John', 'Doe', 'Smith', NULL, 'Male', '2000-05-15', 'john.smith@adfc.edu.ph', '09123456789', 6, 2, '2023-2024', '1st Semester', NULL, 'No', NULL, 'No', NULL, '123 Main Street', 'Manila', '1000', 'Smith', 'Robert', NULL, 'Johnson', 'Mary', NULL, NULL, NULL, 1, NULL, 'No', NULL, NULL, NULL, 'submitted', NULL, NULL, NULL, NULL, '2026-01-12 20:33:29', '2026-01-12 20:33:29'),
(2, 19, 'scholarship', '2023-002', 'Maria', 'Clara', 'Santos', NULL, 'Female', '2001-08-20', 'maria.santos@adfc.edu.ph', '09198765432', 10, 1, '2023-2024', '1st Semester', NULL, 'No', NULL, 'No', NULL, '456 Oak Avenue', 'Quezon City', '1100', 'Santos', 'Juan', NULL, 'Reyes', 'Anna', NULL, NULL, NULL, 1, NULL, 'No', NULL, NULL, NULL, 'approved', NULL, NULL, NULL, NULL, '2026-01-12 20:33:29', '2026-01-12 20:33:29'),
(3, 2, 'tdp', '2023-003', 'John', 'Doe', 'Smith', NULL, 'Male', '2000-05-15', 'john.smith@adfc.edu.ph', '09123456789', 6, 2, '2023-2024', '1st Semester', NULL, 'No', NULL, 'No', NULL, '123 Main Street', 'Manila', '1000', 'Smith', 'Robert', NULL, 'Johnson', 'Mary', NULL, 150000.00, 'Farmer', 5, 'High School', 'No', NULL, NULL, NULL, 'submitted', '2026-01-12 22:25:40', NULL, NULL, NULL, '2026-01-12 22:25:40', '2026-01-12 22:25:40'),
(4, 18, 'tdp', '2023-003', 'John', 'Doe', 'Smith', NULL, 'Male', '2000-05-15', 'john.smith@adfc.edu.ph', '09123456789', 6, 2, '2023-2024', '1st Semester', NULL, 'No', NULL, 'No', NULL, '123 Main Street', 'Manila', '1000', 'Smith', 'Robert', NULL, 'Johnson', 'Mary', NULL, 150000.00, 'Farmer', 5, 'High School', 'No', NULL, NULL, NULL, 'submitted', '2026-01-12 23:07:18', NULL, NULL, NULL, '2026-01-12 23:07:18', '2026-01-12 23:07:18');

-- --------------------------------------------------------

--
-- Table structure for table `application_documents`
--

CREATE TABLE `application_documents` (
  `id` int(11) NOT NULL,
  `application_id` int(11) NOT NULL,
  `document_type` enum('id_picture','birth_certificate','grades','income_certificate','barangay_clearance','tax_declaration','certificate_of_indigency','other') NOT NULL,
  `file_name` varchar(255) NOT NULL,
  `file_path` varchar(500) NOT NULL,
  `uploaded_at` timestamp NOT NULL DEFAULT current_timestamp()
) ENGINE=InnoDB DEFAULT CHARSET=utf8mb4 COLLATE=utf8mb4_general_ci;

-- --------------------------------------------------------

--
-- Table structure for table `application_status_history`
--

CREATE TABLE `application_status_history` (
  `id` int(11) NOT NULL,
  `application_id` int(11) NOT NULL,
  `old_status` enum('draft','submitted','under_review','approved','rejected') DEFAULT NULL,
  `new_status` enum('draft','submitted','under_review','approved','rejected') NOT NULL,
  `changed_by` int(11) NOT NULL,
  `notes` text DEFAULT NULL,
  `created_at` timestamp NOT NULL DEFAULT current_timestamp()
) ENGINE=InnoDB DEFAULT CHARSET=utf8mb4 COLLATE=utf8mb4_general_ci;

-- --------------------------------------------------------

--
-- Table structure for table `appointments`
--

CREATE TABLE `appointments` (
  `appointment_id` int(11) NOT NULL,
  `case_id` int(11) DEFAULT NULL,
  `StudID` int(11) DEFAULT NULL,
  `UserID` int(11) DEFAULT NULL,
  `appointment_date` datetime DEFAULT NULL,
  `duration_minutes` int(11) DEFAULT NULL,
  `appointment_type` varchar(50) DEFAULT NULL,
  `location` varchar(100) DEFAULT NULL,
  `status` varchar(20) DEFAULT NULL,
  `notes` text DEFAULT NULL,
  `reminder_sent` tinyint(1) DEFAULT 0,
  `created_by` int(11) DEFAULT NULL,
  `created_at` timestamp NOT NULL DEFAULT current_timestamp(),
  `updated_at` timestamp NOT NULL DEFAULT current_timestamp() ON UPDATE current_timestamp()
) ENGINE=InnoDB DEFAULT CHARSET=utf8mb4 COLLATE=utf8mb4_general_ci;

-- --------------------------------------------------------

--
-- Table structure for table `assessment_weights`
--

CREATE TABLE `assessment_weights` (
  `id` int(11) NOT NULL,
  `grading_period_id` int(11) NOT NULL,
  `component` enum('Attendance','Quizzes','Activities','Exam','Project','Assignment','Summative') NOT NULL,
  `component_weight` decimal(5,2) NOT NULL,
  `created_at` datetime DEFAULT current_timestamp()
) ENGINE=InnoDB DEFAULT CHARSET=utf8mb4 COLLATE=utf8mb4_general_ci;

--
-- Dumping data for table `assessment_weights`
--

INSERT INTO `assessment_weights` (`id`, `grading_period_id`, `component`, `component_weight`, `created_at`) VALUES
(1, 1, 'Attendance', 10.00, '2025-11-20 15:13:04'),
(2, 1, 'Quizzes', 10.00, '2025-11-20 15:13:04'),
(3, 1, 'Activities', 10.00, '2025-11-20 15:13:04'),
(4, 1, 'Exam', 30.00, '2025-11-20 15:13:04'),
(5, 1, 'Project', 15.00, '2025-11-20 15:13:04'),
(6, 1, 'Assignment', 5.00, '2025-11-20 15:13:04'),
(7, 1, 'Summative', 20.00, '2025-11-20 15:13:04'),
(8, 2, 'Attendance', 10.00, '2025-11-20 15:13:04'),
(9, 2, 'Quizzes', 10.00, '2025-11-20 15:13:04'),
(10, 2, 'Activities', 10.00, '2025-11-20 15:13:04'),
(11, 2, 'Exam', 30.00, '2025-11-20 15:13:04'),
(12, 2, 'Project', 15.00, '2025-11-20 15:13:04'),
(13, 2, 'Assignment', 5.00, '2025-11-20 15:13:04'),
(14, 2, 'Summative', 20.00, '2025-11-20 15:13:04'),
(15, 3, 'Attendance', 10.00, '2025-11-20 15:13:04'),
(16, 3, 'Quizzes', 10.00, '2025-11-20 15:13:04'),
(17, 3, 'Activities', 10.00, '2025-11-20 15:13:04'),
(18, 3, 'Exam', 30.00, '2025-11-20 15:13:04'),
(19, 3, 'Project', 15.00, '2025-11-20 15:13:04'),
(20, 3, 'Assignment', 5.00, '2025-11-20 15:13:04'),
(21, 3, 'Summative', 20.00, '2025-11-20 15:13:04'),
(22, 4, 'Attendance', 10.00, '2025-11-20 15:13:04'),
(23, 4, 'Quizzes', 10.00, '2025-11-20 15:13:04'),
(24, 4, 'Activities', 10.00, '2025-11-20 15:13:04'),
(25, 4, 'Exam', 30.00, '2025-11-20 15:13:04'),
(26, 4, 'Project', 15.00, '2025-11-20 15:13:04'),
(27, 4, 'Assignment', 5.00, '2025-11-20 15:13:04'),
(28, 4, 'Summative', 20.00, '2025-11-20 15:13:04');

-- --------------------------------------------------------

--
-- Table structure for table `assignment`
--

CREATE TABLE `assignment` (
  `AssignmentID` int(11) NOT NULL,
  `schedule_id` int(11) NOT NULL,
  `Title` varchar(255) NOT NULL,
  `Description` text DEFAULT NULL,
  `FilePath` varchar(500) DEFAULT NULL,
  `FileName` varchar(255) DEFAULT NULL,
  `FileType` varchar(50) DEFAULT NULL,
  `DueDate` datetime DEFAULT NULL,
  `TotalPoints` decimal(5,2) NOT NULL DEFAULT 0.00,
  `CreatedBy` int(11) NOT NULL,
  `CreatedAt` timestamp NOT NULL DEFAULT current_timestamp(),
  `UpdatedAt` timestamp NOT NULL DEFAULT current_timestamp() ON UPDATE current_timestamp(),
  `IsPublished` tinyint(1) DEFAULT 0
) ENGINE=InnoDB DEFAULT CHARSET=utf8mb4 COLLATE=utf8mb4_general_ci;

--
-- Dumping data for table `assignment`
--

INSERT INTO `assignment` (`AssignmentID`, `schedule_id`, `Title`, `Description`, `FilePath`, `FileName`, `FileType`, `DueDate`, `TotalPoints`, `CreatedBy`, `CreatedAt`, `UpdatedAt`, `IsPublished`) VALUES
(1, 7, 'SDJFDKFG', 'KDJFKSDJF', NULL, NULL, NULL, '2026-01-13 14:51:00', 100.00, 43, '2026-01-13 06:51:29', '2026-01-13 06:51:29', 0),
(2, 7, 'jzhdjsf', 'fsdjfkdsf', NULL, NULL, NULL, '2026-01-13 15:11:00', 100.00, 43, '2026-01-13 07:11:32', '2026-01-13 07:11:32', 0);

-- --------------------------------------------------------

--
-- Table structure for table `assignmentsubmission`
--

CREATE TABLE `assignmentsubmission` (
  `SubmissionID` int(11) NOT NULL,
  `AssignmentID` int(11) NOT NULL,
  `StudID` int(11) NOT NULL,
  `FilePath` varchar(500) DEFAULT NULL,
  `FileName` varchar(255) DEFAULT NULL,
  `FileType` varchar(50) DEFAULT NULL,
  `Comments` text DEFAULT NULL,
  `Grade` decimal(5,2) DEFAULT NULL,
  `Feedback` text DEFAULT NULL,
  `GradedBy` int(11) DEFAULT NULL,
  `GradedAt` datetime DEFAULT NULL,
  `SubmittedAt` timestamp NOT NULL DEFAULT current_timestamp(),
  `Status` enum('submitted','graded','late') DEFAULT 'submitted'
) ENGINE=InnoDB DEFAULT CHARSET=utf8mb4 COLLATE=utf8mb4_general_ci;

-- --------------------------------------------------------

--
-- Table structure for table `attendance_logs`
--

CREATE TABLE `attendance_logs` (
  `log_id` int(11) NOT NULL,
  `user_id` int(11) DEFAULT NULL,
  `schedule_id` int(11) DEFAULT NULL,
  `attendance_date` date DEFAULT NULL,
  `time_in` time DEFAULT NULL,
  `time_out` time DEFAULT NULL,
  `status` varchar(50) DEFAULT NULL,
  `created_at` timestamp NOT NULL DEFAULT current_timestamp(),
  `employee_id` int(11) DEFAULT NULL,
  `expected_start_time` time DEFAULT NULL,
  `expected_end_time` time DEFAULT NULL,
  `snapshot_path` varchar(500) DEFAULT NULL,
  `check_type` enum('in','out') DEFAULT 'in',
  `is_synced` tinyint(1) DEFAULT 0,
  `updated_at` timestamp NULL DEFAULT NULL
) ENGINE=InnoDB DEFAULT CHARSET=utf8mb4 COLLATE=utf8mb4_general_ci;

--
-- Dumping data for table `attendance_logs`
--

INSERT INTO `attendance_logs` (`log_id`, `user_id`, `schedule_id`, `attendance_date`, `time_in`, `time_out`, `status`, `created_at`, `employee_id`, `expected_start_time`, `expected_end_time`, `snapshot_path`, `check_type`, `is_synced`, `updated_at`) VALUES
(1, NULL, NULL, '2025-12-29', '03:14:34', '03:15:37', 'Undertime', '2025-12-28 11:14:34', 2, '01:00:00', '08:39:00', 'uploads/snapshots/snapshot_1_1766949337.png', 'in', 1, '2025-12-28 11:15:37'),
(2, NULL, NULL, '2025-12-28', NULL, NULL, 'Absent', '2025-12-28 11:15:01', 2, '20:36:00', '23:55:00', NULL, 'in', 1, NULL),
(3, NULL, NULL, '2026-01-11', NULL, NULL, 'Absent', '2026-01-11 08:15:25', 2, '20:36:00', '23:55:00', NULL, 'in', 1, NULL),
(5, NULL, NULL, '2026-01-13', '15:37:00', '18:40:00', 'Late', '2026-01-13 07:37:39', 7, '08:00:00', '17:00:00', 'uploads/snapshots/snapshot_5_1768289931.png', 'in', 1, '2026-01-13 07:38:51');

-- --------------------------------------------------------

--
-- Table structure for table `attendance_logs_security`
--

CREATE TABLE `attendance_logs_security` (
  `id_security` int(11) NOT NULL,
  `user_id_security` int(11) NOT NULL,
  `log_type_security` enum('check_in','check_out') NOT NULL,
  `log_date_security` date NOT NULL,
  `log_time_security` time NOT NULL,
  `location_security` varchar(100) DEFAULT NULL,
  `notes_security` text DEFAULT NULL,
  `auto_logout_security` tinyint(1) DEFAULT 0,
  `created_at_security` timestamp NOT NULL DEFAULT current_timestamp(),
  `student_id_security` int(11) DEFAULT NULL
) ENGINE=InnoDB DEFAULT CHARSET=utf8mb4 COLLATE=utf8mb4_general_ci;

--
-- Dumping data for table `attendance_logs_security`
--

INSERT INTO `attendance_logs_security` (`id_security`, `user_id_security`, `log_type_security`, `log_date_security`, `log_time_security`, `location_security`, `notes_security`, `auto_logout_security`, `created_at_security`, `student_id_security`) VALUES
(100, 15, 'check_in', '2026-01-12', '14:44:00', 'main', '', 0, '2026-01-12 06:44:14', NULL),
(101, 15, 'check_out', '2026-01-12', '15:53:55', NULL, NULL, 0, '2026-01-12 07:53:55', NULL);

-- --------------------------------------------------------

--
-- Table structure for table `attendance_schedules_security`
--

CREATE TABLE `attendance_schedules_security` (
  `id_security` int(11) NOT NULL,
  `user_id_security` int(11) NOT NULL,
  `schedule_type_security` enum('fixed','flexible','shift') NOT NULL,
  `expected_check_in_security` time NOT NULL,
  `expected_check_out_security` time NOT NULL,
  `effective_date_security` date NOT NULL,
  `end_date_security` date DEFAULT NULL,
  `is_active_security` tinyint(1) DEFAULT 1,
  `created_at_security` timestamp NOT NULL DEFAULT current_timestamp(),
  `student_id_security` int(11) DEFAULT NULL
) ENGINE=InnoDB DEFAULT CHARSET=utf8mb4 COLLATE=utf8mb4_general_ci;

-- --------------------------------------------------------

--
-- Table structure for table `attendance_settings_security`
--

CREATE TABLE `attendance_settings_security` (
  `id_security` int(11) NOT NULL,
  `setting_key_security` varchar(100) NOT NULL,
  `setting_value_security` text NOT NULL,
  `description_security` text DEFAULT NULL,
  `updated_at_security` timestamp NOT NULL DEFAULT current_timestamp() ON UPDATE current_timestamp()
) ENGINE=InnoDB DEFAULT CHARSET=utf8mb4 COLLATE=utf8mb4_general_ci;

--
-- Dumping data for table `attendance_settings_security`
--

INSERT INTO `attendance_settings_security` (`id_security`, `setting_key_security`, `setting_value_security`, `description_security`, `updated_at_security`) VALUES
(1, 'grace_period_minutes', '15', 'Allowed minutes before/after scheduled time', '2025-10-29 17:12:04'),
(2, 'auto_logout_time', '18:00:00', 'Automatic logout time for shifts', '2025-10-29 17:12:04'),
(3, 'max_hours_per_day', '12', 'Maximum allowed working hours per day', '2025-10-29 17:12:04'),
(4, 'enable_auto_logout', '1', 'Enable automatic logout at end of day', '2025-10-29 17:12:04'),
(5, 'require_location', '1', 'Require location when checking in/out', '2025-10-29 17:12:04');

-- --------------------------------------------------------

--
-- Table structure for table `audit_logs`
--

CREATE TABLE `audit_logs` (
  `log_id` int(11) NOT NULL,
  `user_id` int(11) DEFAULT NULL,
  `action` varchar(100) NOT NULL,
  `table_name` varchar(50) NOT NULL,
  `record_id` int(11) DEFAULT NULL,
  `old_values` longtext CHARACTER SET utf8mb4 COLLATE utf8mb4_bin DEFAULT NULL CHECK (json_valid(`old_values`)),
  `new_values` longtext CHARACTER SET utf8mb4 COLLATE utf8mb4_bin DEFAULT NULL CHECK (json_valid(`new_values`)),
  `ip_address` varchar(45) DEFAULT NULL,
  `user_agent` varchar(500) DEFAULT NULL,
  `created_at` timestamp NOT NULL DEFAULT current_timestamp()
) ENGINE=InnoDB DEFAULT CHARSET=utf8mb4 COLLATE=utf8mb4_general_ci;

--
-- Dumping data for table `audit_logs`
--

INSERT INTO `audit_logs` (`log_id`, `user_id`, `action`, `table_name`, `record_id`, `old_values`, `new_values`, `ip_address`, `user_agent`, `created_at`) VALUES
(1, 2, 'Inserted new grade for enrollment ID: 15', 'grades', 15, NULL, NULL, NULL, NULL, '2026-01-13 06:45:26'),
(2, 2, 'Inserted new grade for enrollment ID: 37', 'grades', 37, NULL, NULL, NULL, NULL, '2026-01-13 08:59:02'),
(3, 2, 'Inserted new grade for enrollment ID: 17', 'grades', 17, NULL, NULL, NULL, NULL, '2026-01-13 08:59:02'),
(4, 2, 'Inserted new grade for enrollment ID: 28', 'grades', 28, NULL, NULL, NULL, NULL, '2026-01-13 08:59:02'),
(5, 2, 'Inserted new grade for enrollment ID: 32', 'grades', 32, NULL, NULL, NULL, NULL, '2026-01-13 08:59:02'),
(6, 2, 'Inserted new grade for enrollment ID: 12', 'grades', 12, NULL, NULL, NULL, NULL, '2026-01-13 09:01:44');

-- --------------------------------------------------------

--
-- Table structure for table `backup_logs`
--

CREATE TABLE `backup_logs` (
  `id` int(11) NOT NULL,
  `filename` varchar(255) DEFAULT NULL,
  `file_path` varchar(1024) DEFAULT NULL,
  `created_by` int(11) DEFAULT NULL,
  `notes` text DEFAULT NULL,
  `created_at` timestamp NOT NULL DEFAULT current_timestamp()
) ENGINE=InnoDB DEFAULT CHARSET=utf8mb4 COLLATE=utf8mb4_general_ci;

-- --------------------------------------------------------

--
-- Table structure for table `backup_restore_settings`
--

CREATE TABLE `backup_restore_settings` (
  `id` int(11) NOT NULL,
  `backup_time` time DEFAULT NULL,
  `restore_enabled` tinyint(1) DEFAULT NULL,
  `backup_frequency` varchar(20) DEFAULT 'weekly',
  `session_timeout_minutes` int(11) DEFAULT 30
) ENGINE=InnoDB DEFAULT CHARSET=utf8mb4 COLLATE=utf8mb4_general_ci;

--
-- Dumping data for table `backup_restore_settings`
--

INSERT INTO `backup_restore_settings` (`id`, `backup_time`, `restore_enabled`, `backup_frequency`, `session_timeout_minutes`) VALUES
(1, NULL, 1, 'weekly', 30);

-- --------------------------------------------------------

--
-- Table structure for table `billed_out_fees`
--

CREATE TABLE `billed_out_fees` (
  `billed_fee_id` int(11) NOT NULL,
  `billing_id` int(11) NOT NULL,
  `fee_id` int(11) NOT NULL,
  `amount` decimal(10,2) NOT NULL,
  `billed_at` timestamp NOT NULL DEFAULT current_timestamp()
) ENGINE=InnoDB DEFAULT CHARSET=utf8mb4 COLLATE=utf8mb4_general_ci;

--
-- Dumping data for table `billed_out_fees`
--

INSERT INTO `billed_out_fees` (`billed_fee_id`, `billing_id`, `fee_id`, `amount`, `billed_at`) VALUES
(1, 1, 3, 700.00, '2026-01-13 07:09:03'),
(2, 2, 3, 700.00, '2026-01-13 07:09:03'),
(3, 5, 3, 700.00, '2026-01-13 07:09:03'),
(4, 6, 3, 700.00, '2026-01-13 07:09:03'),
(5, 17, 3, 700.00, '2026-01-13 08:57:54'),
(6, 15, 3, 700.00, '2026-01-13 08:57:54'),
(7, 18, 3, 700.00, '2026-01-13 08:57:54');

-- --------------------------------------------------------

--
-- Table structure for table `billing`
--

CREATE TABLE `billing` (
  `billing_id` int(11) NOT NULL,
  `StudID` int(11) NOT NULL,
  `total_amount` decimal(10,2) NOT NULL,
  `balance` decimal(10,2) NOT NULL,
  `status` enum('Paid','Unpaid','Partial') DEFAULT 'Unpaid',
  `total_fees` decimal(10,2) DEFAULT 0.00,
  `paid_amount` decimal(10,2) DEFAULT 0.00,
  `created_at` timestamp NOT NULL DEFAULT current_timestamp()
) ENGINE=InnoDB DEFAULT CHARSET=utf8mb4 COLLATE=utf8mb4_general_ci;

--
-- Dumping data for table `billing`
--

INSERT INTO `billing` (`billing_id`, `StudID`, `total_amount`, `balance`, `status`, `total_fees`, `paid_amount`, `created_at`) VALUES
(1, 125, 1200.00, 1200.00, 'Unpaid', 1200.00, 0.00, '2026-01-11 09:37:51'),
(2, 126, 700.00, 700.00, 'Unpaid', 700.00, 0.00, '2026-01-11 09:54:43'),
(3, 125, 6288.14, 6288.14, 'Unpaid', 6288.14, 0.00, '2026-01-13 04:23:30'),
(4, 126, 3144.07, 3144.07, 'Unpaid', 3144.07, 0.00, '2026-01-13 04:23:35'),
(5, 127, 6988.14, 6988.14, 'Unpaid', 6988.14, 0.00, '2026-01-13 04:23:38'),
(6, 128, 3844.07, 3844.07, 'Unpaid', 3844.07, 0.00, '2026-01-13 06:48:31'),
(7, 125, 500.00, 500.00, '', 500.00, 0.00, '2026-01-13 07:08:03'),
(8, 126, 500.00, 500.00, '', 500.00, 0.00, '2026-01-13 07:08:03'),
(9, 127, 500.00, 500.00, '', 500.00, 0.00, '2026-01-13 07:08:03'),
(10, 128, 500.00, 500.00, '', 500.00, 0.00, '2026-01-13 07:08:03'),
(11, 125, 200.00, 200.00, '', 200.00, 0.00, '2026-01-13 07:08:20'),
(12, 126, 200.00, 200.00, '', 200.00, 0.00, '2026-01-13 07:08:20'),
(13, 127, 200.00, 200.00, '', 200.00, 0.00, '2026-01-13 07:08:20'),
(14, 128, 200.00, 200.00, '', 200.00, 0.00, '2026-01-13 07:08:20'),
(15, 130, 700.00, 700.00, 'Unpaid', 700.00, 0.00, '2026-01-13 08:28:12'),
(16, 130, 6288.14, 6288.14, 'Unpaid', 6288.14, 0.00, '2026-01-13 08:43:27'),
(17, 129, 6988.14, 6988.14, 'Unpaid', 6988.14, 0.00, '2026-01-13 08:43:32'),
(18, 135, 700.00, 700.00, 'Unpaid', 700.00, 0.00, '2026-01-13 08:57:54');

-- --------------------------------------------------------

--
-- Table structure for table `books`
--

CREATE TABLE `books` (
  `BookID` int(11) NOT NULL,
  `isbn` varchar(50) NOT NULL,
  `title` varchar(255) NOT NULL,
  `author` varchar(255) NOT NULL,
  `category` varchar(255) NOT NULL,
  `publisher` varchar(255) NOT NULL,
  `year_published` int(11) NOT NULL,
  `copies` int(11) DEFAULT 0,
  `available` int(11) DEFAULT 0,
  `SubjectID` int(11) NOT NULL,
  `created_at` timestamp NOT NULL DEFAULT current_timestamp(),
  `price` int(6) NOT NULL
) ENGINE=InnoDB DEFAULT CHARSET=utf8mb4 COLLATE=utf8mb4_general_ci;

--
-- Dumping data for table `books`
--

INSERT INTO `books` (`BookID`, `isbn`, `title`, `author`, `category`, `publisher`, `year_published`, `copies`, `available`, `SubjectID`, `created_at`, `price`) VALUES
(1, '978-0134685991', 'Introduction to Programming', 'John Doe', 'Computer Science', 'Tech Publishing', 2023, 10, 8, 101, '2024-01-15 02:00:00', 50),
(2, '978-0262033848', 'Introduction to Algorithms', 'Thomas H. Cormen', 'Computer Science', 'MIT Press', 2022, 5, 3, 101, '2024-01-16 01:30:00', 90),
(3, '978-0072467505', 'Fundamentals of Data Structures', 'Ellis Horowitz', 'Computer Science', 'McGraw-Hill', 2021, 8, 6, 2, '2024-01-17 06:15:00', 60),
(4, '978-0131103627', 'The C Programming Language', 'Brian W. Kernighan', 'Programming', 'Prentice Hall', 2024, 12, 10, 101, '2024-01-18 03:45:00', 40),
(8, '4444', 'dfdff', 'fdfs', '', '', 23, 1, 1, 2, '2026-01-13 08:38:29', 0);

-- --------------------------------------------------------

--
-- Table structure for table `cases`
--

CREATE TABLE `cases` (
  `case_id` int(11) NOT NULL,
  `case_number` varchar(20) DEFAULT NULL,
  `StudGuidance_ID` int(11) DEFAULT NULL,
  `case_type_id` int(11) DEFAULT NULL,
  `status_id` int(11) DEFAULT NULL,
  `priority_id` int(11) DEFAULT NULL,
  `created_by` int(11) DEFAULT NULL,
  `assigned_to` int(11) DEFAULT NULL,
  `title` varchar(200) DEFAULT NULL,
  `description` text DEFAULT NULL,
  `presenting_issue` text DEFAULT NULL,
  `case_opened_date` date DEFAULT NULL,
  `case_closed_date` date DEFAULT NULL,
  `last_session_date` date DEFAULT NULL,
  `next_appointment_date` datetime DEFAULT NULL,
  `total_sessions` int(11) DEFAULT 0,
  `outcome_summary` text DEFAULT NULL,
  `closed_at` datetime DEFAULT NULL,
  `created_at` timestamp NOT NULL DEFAULT current_timestamp(),
  `updated_at` timestamp NOT NULL DEFAULT current_timestamp() ON UPDATE current_timestamp()
) ENGINE=InnoDB DEFAULT CHARSET=utf8mb4 COLLATE=utf8mb4_general_ci;

-- --------------------------------------------------------

--
-- Table structure for table `case_counselors`
--

CREATE TABLE `case_counselors` (
  `case_counselor_id` int(11) NOT NULL,
  `case_id` int(11) DEFAULT NULL,
  `UserID` int(11) DEFAULT NULL,
  `role_in_case` varchar(50) DEFAULT NULL,
  `assigned_date` date DEFAULT NULL,
  `removed_date` date DEFAULT NULL
) ENGINE=InnoDB DEFAULT CHARSET=utf8mb4 COLLATE=utf8mb4_general_ci;

-- --------------------------------------------------------

--
-- Table structure for table `case_documents`
--

CREATE TABLE `case_documents` (
  `document_id` int(11) NOT NULL,
  `case_id` int(11) DEFAULT NULL,
  `UserID` int(11) DEFAULT NULL,
  `document_name` varchar(255) DEFAULT NULL,
  `original_filename` varchar(255) DEFAULT NULL,
  `file_path` varchar(500) DEFAULT NULL,
  `file_type` varchar(50) DEFAULT NULL,
  `file_size` int(11) DEFAULT NULL,
  `document_category` varchar(50) DEFAULT NULL,
  `description` text DEFAULT NULL,
  `upload_date` timestamp NOT NULL DEFAULT current_timestamp()
) ENGINE=InnoDB DEFAULT CHARSET=utf8mb4 COLLATE=utf8mb4_general_ci;

-- --------------------------------------------------------

--
-- Table structure for table `case_statuses`
--

CREATE TABLE `case_statuses` (
  `status_id` int(11) NOT NULL,
  `status_name` varchar(50) NOT NULL,
  `description` text DEFAULT NULL,
  `color_code` varchar(7) DEFAULT NULL
) ENGINE=InnoDB DEFAULT CHARSET=utf8mb4 COLLATE=utf8mb4_general_ci;

--
-- Dumping data for table `case_statuses`
--

INSERT INTO `case_statuses` (`status_id`, `status_name`, `description`, `color_code`) VALUES
(5, 'Active', 'Open case, currently being handled', '#007bff'),
(6, 'Follow-up Needed', 'Requires follow-up action from counselor', '#fd7e14'),
(7, 'Pending Closure', 'Case is ready for closure, awaiting final approval', '#6f42c1'),
(8, 'Closed', 'Case has been fully resolved and closed', '#6c757d');

-- --------------------------------------------------------

--
-- Table structure for table `case_types`
--

CREATE TABLE `case_types` (
  `case_type_id` int(11) NOT NULL,
  `type_name` varchar(50) NOT NULL,
  `description` text DEFAULT NULL,
  `color_code` varchar(7) DEFAULT NULL
) ENGINE=InnoDB DEFAULT CHARSET=utf8mb4 COLLATE=utf8mb4_general_ci;

--
-- Dumping data for table `case_types`
--

INSERT INTO `case_types` (`case_type_id`, `type_name`, `description`, `color_code`) VALUES
(7, 'Academic', 'Academic performance and schoolwork concerns', '#17a2b8'),
(8, 'Behavioral', 'Behavioral or conduct-related cases', '#fd7e14'),
(9, 'Social-Emotional', 'Emotional, social, or mental health concerns', '#6f42c1'),
(10, 'Career', 'Career guidance and planning', '#20c997'),
(11, 'Family', 'Family or home-related issues', '#6610f2'),
(12, 'Other', 'Cases that do not fit a specific category', '#6c757d');

-- --------------------------------------------------------

--
-- Table structure for table `class_users`
--

CREATE TABLE `class_users` (
  `user_id` int(11) NOT NULL,
  `username` varchar(100) NOT NULL,
  `password` varchar(255) NOT NULL,
  `role` enum('admin','student','instructor') NOT NULL,
  `user_ref_id` int(11) DEFAULT NULL,
  `created_at` timestamp NOT NULL DEFAULT current_timestamp()
) ENGINE=InnoDB DEFAULT CHARSET=utf8mb4 COLLATE=utf8mb4_general_ci;

--
-- Dumping data for table `class_users`
--

INSERT INTO `class_users` (`user_id`, `username`, `password`, `role`, `user_ref_id`, `created_at`) VALUES
(1, 'admin', '$2y$10$t4UPL80VlCodyLcclDqgie1drMS05AD6v8chB4tOcGMfRP5Py18a6', 'admin', NULL, '2025-10-28 19:28:15'),
(2, 'francisco', '$2y$10$Ba2ocxMcwwRopXbehx2Ub.QrLRkmeCUyhsS2lZP51gVyOYSEvuYaC', 'instructor', 1, '2026-01-10 09:15:53'),
(3, 'russel', '$2y$10$j7sfztDkkpJ/jFRIwEpYoeKqIsE6IUXmaiEVXJYehm4BtCzmxPOZm', 'student', 123, '2026-01-10 09:46:55'),
(4, 'admin', '$2y$10$t4UPL80VlCodyLcclDqgie1drMS05AD6v8chB4tOcGMfRP5Py18a6', 'admin', NULL, '2025-10-28 11:28:15');

-- --------------------------------------------------------

--
-- Table structure for table `clearances`
--

CREATE TABLE `clearances` (
  `clearance_id` int(11) NOT NULL,
  `request_id` int(11) NOT NULL,
  `department` varchar(50) NOT NULL,
  `status` enum('Pending','Approved','Rejected') DEFAULT 'Pending',
  `remarks` text DEFAULT NULL,
  `signed_by` int(11) DEFAULT NULL,
  `signed_at` datetime DEFAULT NULL
) ENGINE=InnoDB DEFAULT CHARSET=utf8mb4 COLLATE=utf8mb4_general_ci;

-- --------------------------------------------------------

--
-- Table structure for table `courses`
--

CREATE TABLE `courses` (
  `id` int(11) NOT NULL,
  `category` varchar(100) NOT NULL,
  `name` varchar(255) NOT NULL,
  `level` enum('Diploma','Undergraduate','Graduate') NOT NULL,
  `description` text DEFAULT NULL,
  `created_at` timestamp NOT NULL DEFAULT current_timestamp()
) ENGINE=InnoDB DEFAULT CHARSET=utf8mb4 COLLATE=utf8mb4_general_ci;

--
-- Dumping data for table `courses`
--

INSERT INTO `courses` (`id`, `category`, `name`, `level`, `description`, `created_at`) VALUES
(1, 'College Diploma Programs', 'Diploma in Hospitality Management Major in Hotel and Restaurant Management', 'Diploma', NULL, '2026-01-12 14:36:48'),
(2, 'College Diploma Programs', 'Diploma in Information Technology', 'Diploma', NULL, '2026-01-12 14:36:48'),
(3, 'College Diploma Programs', 'Diploma in Entrepreneurship', 'Diploma', NULL, '2026-01-12 14:36:48'),
(4, 'College Diploma Programs', 'Diploma in Culinary Arts', 'Diploma', NULL, '2026-01-12 14:36:48'),
(5, 'College Diploma Programs', 'Diploma in Tourism', 'Diploma', NULL, '2026-01-12 14:36:48'),
(6, 'College of Engineering and Computer Studies', 'Bachelor of Science in Civil Engineering', 'Undergraduate', NULL, '2026-01-12 14:36:48'),
(7, 'College of Engineering and Computer Studies', 'Bachelor of Science in Computer Engineering', 'Undergraduate', NULL, '2026-01-12 14:36:48'),
(8, 'College of Engineering and Computer Studies', 'Bachelor of Science in Computer Science', 'Undergraduate', NULL, '2026-01-12 14:36:48'),
(9, 'College of Engineering and Computer Studies', 'Bachelor of Science in Information Technology', 'Undergraduate', NULL, '2026-01-12 14:36:48'),
(10, 'College of Nursing and Midwifery', 'Bachelor of Science in Nursing', 'Undergraduate', NULL, '2026-01-12 14:36:48'),
(11, 'College of Nursing and Midwifery', 'Bachelor of Science in Midwifery', 'Undergraduate', NULL, '2026-01-12 14:36:48'),
(12, 'College of Business Administration & Accountancy', 'Bachelor of Science in Accountancy', 'Undergraduate', NULL, '2026-01-12 14:36:48'),
(13, 'College of Business Administration & Accountancy', 'Bachelor of Science in Accounting Information System', 'Undergraduate', NULL, '2026-01-12 14:36:48'),
(14, 'College of Business Administration & Accountancy', 'Bachelor of Science in Entrepreneurship', 'Undergraduate', NULL, '2026-01-12 14:36:48'),
(15, 'College of Business Administration & Accountancy', 'Bachelor of Science in Business Administration Major in Human Resources Development Management', 'Undergraduate', NULL, '2026-01-12 14:36:48'),
(16, 'College of Business Administration & Accountancy', 'Bachelor of Science in Business Administration Major in Marketing Management', 'Undergraduate', NULL, '2026-01-12 14:36:48'),
(17, 'College of Business Administration & Accountancy', 'Bachelor of Science in Business Administration Major in Business Economics', 'Undergraduate', NULL, '2026-01-12 14:36:48'),
(18, 'College of Business Administration & Accountancy', 'Bachelor of Science in Business Administration Major in Financial Management', 'Undergraduate', NULL, '2026-01-12 14:36:48'),
(19, 'College of Business Administration & Accountancy', 'Bachelor of Science in Business Administration Major in Operations Management', 'Undergraduate', NULL, '2026-01-12 14:36:48'),
(20, 'College of Liberal Arts', 'Bachelor of Science in Criminology', 'Undergraduate', NULL, '2026-01-12 14:36:48'),
(21, 'College of Liberal Arts', 'Bachelor of Science in Elementary Education', 'Undergraduate', NULL, '2026-01-12 14:36:48'),
(22, 'College of Liberal Arts', 'Bachelor of Science in Secondary Education Major in English', 'Undergraduate', NULL, '2026-01-12 14:36:48'),
(23, 'College of Liberal Arts', 'Bachelor of Science in Secondary Education Major in Math', 'Undergraduate', NULL, '2026-01-12 14:36:48'),
(24, 'College of Liberal Arts', 'Bachelor of Science in Secondary Education Major in Filipino', 'Undergraduate', NULL, '2026-01-12 14:36:48'),
(25, 'College of Liberal Arts', 'Bachelor of Science in Secondary Education Major in Science', 'Undergraduate', NULL, '2026-01-12 14:36:48'),
(26, 'College of Liberal Arts', 'Bachelor of Science in Hospitality Management', 'Undergraduate', NULL, '2026-01-12 14:36:48'),
(27, 'College of Liberal Arts', 'Bachelor of Science in Tourism Management', 'Undergraduate', NULL, '2026-01-12 14:36:48'),
(28, 'College of Liberal Arts', 'Bachelor of Science in Travel Management', 'Undergraduate', NULL, '2026-01-12 14:36:48'),
(29, 'College of Liberal Arts', 'Bachelor of Arts in Psychology', 'Undergraduate', NULL, '2026-01-12 14:36:48'),
(30, 'College of Liberal Arts', 'Bachelor of Arts in Communication', 'Undergraduate', NULL, '2026-01-12 14:36:48'),
(31, 'College of Liberal Arts', 'Bachelor of Arts in Journalism', 'Undergraduate', NULL, '2026-01-12 14:36:48'),
(32, 'College of Liberal Arts', 'Bachelor of Arts in Broadcasting', 'Undergraduate', NULL, '2026-01-12 14:36:48'),
(33, 'College of Liberal Arts', 'Bachelor of Laws', 'Undergraduate', NULL, '2026-01-12 14:36:48');

-- --------------------------------------------------------

--
-- Table structure for table `departments`
--

CREATE TABLE `departments` (
  `department_id` int(11) NOT NULL,
  `department_name` varchar(100) DEFAULT NULL,
  `created_at` timestamp NULL DEFAULT NULL,
  `updated_at` timestamp NULL DEFAULT NULL
) ENGINE=InnoDB DEFAULT CHARSET=utf8mb4 COLLATE=utf8mb4_general_ci;

--
-- Dumping data for table `departments`
--

INSERT INTO `departments` (`department_id`, `department_name`, `created_at`, `updated_at`) VALUES
(1, 'Computer Engineering', '2025-12-21 09:15:58', NULL),
(2, 'N/A', '2025-12-28 04:25:17', NULL);

-- --------------------------------------------------------

--
-- Table structure for table `dept`
--

CREATE TABLE `dept` (
  `DeptID` int(11) NOT NULL,
  `DeptName` varchar(100) NOT NULL
) ENGINE=InnoDB DEFAULT CHARSET=utf8mb4 COLLATE=utf8mb4_general_ci;

--
-- Dumping data for table `dept`
--

INSERT INTO `dept` (`DeptID`, `DeptName`) VALUES
(5, 'Arts and Sciences'),
(3, 'Business Administration'),
(1, 'Computer Science'),
(4, 'Education'),
(2, 'Engineering');

-- --------------------------------------------------------

--
-- Table structure for table `document_requests`
--

CREATE TABLE `document_requests` (
  `Request_id` int(11) NOT NULL,
  `User_id` int(11) NOT NULL COMMENT 'Legacy field - deprecated',
  `UserID` int(11) DEFAULT NULL COMMENT 'FK to users.UserID',
  `StudID` int(11) DEFAULT NULL,
  `user_source` enum('student','users') DEFAULT 'student',
  `Doctype_id` int(11) NOT NULL,
  `Purpose` varchar(255) NOT NULL,
  `Urgency` enum('Normal','Urgent') NOT NULL,
  `processing_days` int(11) DEFAULT 3,
  `requires_clearance` tinyint(1) DEFAULT 0,
  `is_digital` tinyint(1) DEFAULT 1,
  `Status` enum('Pending','Processing','Approved','Rejected','Completed') DEFAULT 'Pending',
  `clearance_status` enum('Pending','In Progress','Completed') DEFAULT 'Pending',
  `Payment_status` enum('Pending','For Cash Payment','Paid','Rejected','Waived') DEFAULT 'Pending',
  `Comments` varchar(255) DEFAULT NULL,
  `rejection_reason` text DEFAULT NULL,
  `Request_date` datetime DEFAULT current_timestamp(),
  `expected_release_date` date DEFAULT NULL,
  `Completion_date` datetime DEFAULT NULL,
  `last_updated` datetime DEFAULT current_timestamp() ON UPDATE current_timestamp(),
  `created_at` timestamp NOT NULL DEFAULT current_timestamp(),
  `updated_at` timestamp NOT NULL DEFAULT current_timestamp() ON UPDATE current_timestamp(),
  `payment_id` int(11) DEFAULT NULL,
  `pickup_schedule_id` int(11) DEFAULT NULL
) ENGINE=InnoDB DEFAULT CHARSET=utf8mb4 COLLATE=utf8mb4_general_ci;

--
-- Dumping data for table `document_requests`
--

INSERT INTO `document_requests` (`Request_id`, `User_id`, `UserID`, `StudID`, `user_source`, `Doctype_id`, `Purpose`, `Urgency`, `processing_days`, `requires_clearance`, `is_digital`, `Status`, `clearance_status`, `Payment_status`, `Comments`, `rejection_reason`, `Request_date`, `expected_release_date`, `Completion_date`, `last_updated`, `created_at`, `updated_at`, `payment_id`, `pickup_schedule_id`) VALUES
(1, 125, NULL, 125, 'student', 2, 'ajhsdjhsajdhjashd', 'Normal', 3, 0, 0, 'Approved', 'Pending', 'Waived', '', NULL, '2026-01-12 17:57:08', '2026-01-15', NULL, '2026-01-12 17:58:42', '2026-01-12 09:57:08', '2026-01-12 09:58:42', NULL, 1),
(2, 125, NULL, 125, 'student', 3, 'jshfjashfjshfj', 'Normal', 3, 0, 0, 'Pending', 'Pending', 'Waived', '', NULL, '2026-01-13 14:38:00', '2026-01-16', NULL, '2026-01-13 14:38:00', '2026-01-13 06:38:00', '2026-01-13 06:38:00', NULL, 2),
(3, 125, NULL, 125, 'student', 7, 'hghgjdjhsgjha', 'Normal', 3, 0, 0, 'Pending', 'Pending', 'Pending', '', NULL, '2026-01-13 14:50:20', '2026-01-16', NULL, '2026-01-13 14:50:20', '2026-01-13 06:50:20', '2026-01-13 06:50:20', 7, 3),
(4, 125, NULL, 125, 'student', 1, 'work eyegeegdtffedftfeefrf', 'Urgent', 3, 0, 0, 'Pending', 'Pending', 'Pending', '', NULL, '2026-01-13 15:11:07', '2026-01-15', NULL, '2026-01-13 15:11:07', '2026-01-13 07:11:07', '2026-01-13 07:11:07', 11, 4),
(5, 130, NULL, 130, 'student', 2, 'for scholarship', 'Normal', 3, 0, 0, 'Approved', 'Pending', 'Waived', '', NULL, '2026-01-13 16:36:44', '2026-01-16', NULL, '2026-01-13 16:46:06', '2026-01-13 08:36:44', '2026-01-13 08:46:06', NULL, 5);

--
-- Triggers `document_requests`
--
DELIMITER $$
CREATE TRIGGER `check_completion_date` BEFORE UPDATE ON `document_requests` FOR EACH ROW BEGIN
  IF NEW.Completion_date IS NOT NULL
     AND NEW.Completion_date < NEW.Request_date THEN
    SIGNAL SQLSTATE '45000'
    SET MESSAGE_TEXT = 'Completion date cannot be before request date';
  END IF;
END
$$
DELIMITER ;
DELIMITER $$
CREATE TRIGGER `trg_count_daily_request` BEFORE INSERT ON `document_requests` FOR EACH ROW BEGIN
  DECLARE today_count INT;
  DECLARE max_limit INT DEFAULT 30;

  INSERT IGNORE INTO request_counters (date) VALUES (CURDATE());

  SELECT count, max_limit
  INTO today_count, max_limit
  FROM request_counters
  WHERE date = CURDATE();

  IF today_count >= max_limit THEN
    SIGNAL SQLSTATE '45000'
    SET MESSAGE_TEXT = 'Daily request limit reached';
  END IF;

  UPDATE request_counters
  SET count = count + 1
  WHERE date = CURDATE();
END
$$
DELIMITER ;
DELIMITER $$
CREATE TRIGGER `validate_status_transition` BEFORE UPDATE ON `document_requests` FOR EACH ROW BEGIN
  IF NOT (
    OLD.Status = NEW.Status OR
    (OLD.Status = 'Pending' AND NEW.Status IN ('Processing','Approved','Rejected')) OR
    (OLD.Status = 'Processing' AND NEW.Status IN ('Approved','Rejected')) OR
    (OLD.Status = 'Approved' AND NEW.Status IN ('Completed','Rejected')) OR
    (OLD.Status = 'Rejected' AND NEW.Status = 'Pending')
  ) THEN
    SIGNAL SQLSTATE '45000'
    SET MESSAGE_TEXT = 'Invalid status transition';
  END IF;
END
$$
DELIMITER ;

-- --------------------------------------------------------

--
-- Table structure for table `document_types`
--

CREATE TABLE `document_types` (
  `Doctype_id` int(11) NOT NULL,
  `Name` varchar(100) NOT NULL,
  `Requirements_approval` tinyint(1) DEFAULT 0,
  `requires_clearance` tinyint(1) DEFAULT 0,
  `Description` text DEFAULT NULL,
  `BaseFee` decimal(10,2) DEFAULT 0.00,
  `processing_days` int(11) DEFAULT 3,
  `Digital` tinyint(1) DEFAULT 1,
  `created_at` timestamp NOT NULL DEFAULT current_timestamp(),
  `updated_at` timestamp NOT NULL DEFAULT current_timestamp() ON UPDATE current_timestamp()
) ENGINE=InnoDB DEFAULT CHARSET=utf8mb4 COLLATE=utf8mb4_general_ci;

--
-- Dumping data for table `document_types`
--

INSERT INTO `document_types` (`Doctype_id`, `Name`, `Requirements_approval`, `requires_clearance`, `Description`, `BaseFee`, `processing_days`, `Digital`, `created_at`, `updated_at`) VALUES
(1, 'Transcript of Records (TOR)', 1, 0, 'Official academic record of courses taken and grades earned', 200.00, 3, 1, '2025-12-11 22:29:33', '2025-12-11 22:29:33'),
(2, 'Certificate of Enrollment (COE)', 0, 0, 'Proof of current enrollment status', 0.00, 3, 1, '2025-12-11 22:29:33', '2025-12-11 22:29:33'),
(3, 'Good Moral Certificate (GMC)', 0, 0, 'Certification of good moral character', 0.00, 3, 1, '2025-12-11 22:29:33', '2025-12-11 22:29:33'),
(4, 'Diploma', 1, 0, 'Official diploma or degree certificate', 500.00, 3, 1, '2025-12-11 22:29:33', '2025-12-11 22:29:33'),
(5, 'Certificate of Graduation', 1, 0, 'Official certificate confirming completion of degree program', 150.00, 3, 1, '2025-12-11 22:29:33', '2025-12-11 22:29:33'),
(6, 'Certificate of Completion', 0, 0, 'Certificate of completion for specific courses or programs', 100.00, 3, 1, '2025-12-11 22:29:33', '2025-12-11 22:29:33'),
(7, 'Certified True Copy', 0, 0, 'Authentication and certified true copies of academic documents', 50.00, 3, 1, '2025-12-11 22:29:33', '2025-12-11 22:29:33'),
(8, 'Recommendation Letter', 0, 0, 'Official letter of recommendation from faculty or administration', 0.00, 3, 1, '2025-12-11 22:29:33', '2025-12-11 22:29:33'),
(10, 'Verification', 0, 1, 'For other document papers', 200.00, 3, 1, '2025-12-16 18:40:31', '2025-12-16 18:40:49'),
(15, 'jdsfkdsfjdsjfksd', 0, 0, 'kssakjsakjfkajfkjf', 0.00, 3, 1, '2026-01-09 06:43:55', '2026-01-09 06:43:55');

-- --------------------------------------------------------

--
-- Table structure for table `eaaps_attendance_settings`
--

CREATE TABLE `eaaps_attendance_settings` (
  `id` int(11) NOT NULL,
  `late_threshold_minutes` int(11) DEFAULT 15,
  `undertime_threshold_minutes` int(11) DEFAULT 30,
  `regular_overtime_multiplier` decimal(5,2) DEFAULT 1.25,
  `holiday_overtime_multiplier` decimal(5,2) DEFAULT 2.00,
  `auto_ot_minutes` int(11) DEFAULT 30,
  `created_at` timestamp NOT NULL DEFAULT current_timestamp(),
  `updated_at` timestamp NOT NULL DEFAULT current_timestamp() ON UPDATE current_timestamp()
) ENGINE=InnoDB DEFAULT CHARSET=utf8mb4 COLLATE=utf8mb4_general_ci;

--
-- Dumping data for table `eaaps_attendance_settings`
--

INSERT INTO `eaaps_attendance_settings` (`id`, `late_threshold_minutes`, `undertime_threshold_minutes`, `regular_overtime_multiplier`, `holiday_overtime_multiplier`, `auto_ot_minutes`, `created_at`, `updated_at`) VALUES
(1, 15, 30, 1.25, 2.00, 30, '2025-11-20 20:44:20', '2025-11-20 20:44:20');

-- --------------------------------------------------------

--
-- Table structure for table `eaaps_payroll_settings`
--

CREATE TABLE `eaaps_payroll_settings` (
  `id` int(11) NOT NULL,
  `regular_holiday_rate` decimal(5,2) DEFAULT 2.00,
  `regular_holiday_ot_rate` decimal(5,2) DEFAULT 2.60,
  `special_nonworking_rate` decimal(5,2) DEFAULT 1.30,
  `special_nonworking_ot_rate` decimal(5,2) DEFAULT 1.69,
  `special_working_rate` decimal(5,2) DEFAULT 1.30,
  `special_working_ot_rate` decimal(5,2) DEFAULT 1.69,
  `created_at` timestamp NOT NULL DEFAULT current_timestamp(),
  `updated_at` timestamp NOT NULL DEFAULT current_timestamp() ON UPDATE current_timestamp()
) ENGINE=InnoDB DEFAULT CHARSET=utf8mb4 COLLATE=utf8mb4_general_ci;

--
-- Dumping data for table `eaaps_payroll_settings`
--

INSERT INTO `eaaps_payroll_settings` (`id`, `regular_holiday_rate`, `regular_holiday_ot_rate`, `special_nonworking_rate`, `special_nonworking_ot_rate`, `special_working_rate`, `special_working_ot_rate`, `created_at`, `updated_at`) VALUES
(1, 2.00, 2.60, 1.30, 1.69, 1.30, 1.69, '2025-11-20 20:44:20', '2025-11-20 20:44:20');

-- --------------------------------------------------------

--
-- Table structure for table `eaaps_school_settings`
--

CREATE TABLE `eaaps_school_settings` (
  `id` int(11) NOT NULL,
  `logo_path` varchar(500) DEFAULT NULL,
  `system_name` varchar(100) NOT NULL DEFAULT 'EAAPS Admin',
  `created_at` timestamp NOT NULL DEFAULT current_timestamp(),
  `updated_at` timestamp NOT NULL DEFAULT current_timestamp() ON UPDATE current_timestamp(),
  `annual_paid_leave_days` int(11) DEFAULT 15,
  `annual_unpaid_leave_days` int(11) DEFAULT 5,
  `annual_sick_leave_days` int(11) DEFAULT 10
) ENGINE=InnoDB DEFAULT CHARSET=utf8mb4 COLLATE=utf8mb4_general_ci;

--
-- Dumping data for table `eaaps_school_settings`
--

INSERT INTO `eaaps_school_settings` (`id`, `logo_path`, `system_name`, `created_at`, `updated_at`, `annual_paid_leave_days`, `annual_unpaid_leave_days`, `annual_sick_leave_days`) VALUES
(1, 'uploads/logos/logo_1763922067.jpg', 'EAAPS', '2025-11-20 20:44:20', '2026-01-12 10:08:37', 10, 15, 15);

-- --------------------------------------------------------

--
-- Table structure for table `eaaps_tax_deduction_settings`
--

CREATE TABLE `eaaps_tax_deduction_settings` (
  `id` int(11) NOT NULL,
  `philhealth_rate` decimal(5,2) DEFAULT 5.00,
  `philhealth_min` decimal(10,2) DEFAULT 500.00,
  `philhealth_max` decimal(10,2) DEFAULT 5000.00,
  `philhealth_split_5050` tinyint(1) DEFAULT 1,
  `pagibig_threshold` decimal(10,2) DEFAULT 1500.00,
  `pagibig_employee_low_rate` decimal(5,2) DEFAULT 1.00,
  `pagibig_employee_high_rate` decimal(5,2) DEFAULT 2.00,
  `pagibig_employer_rate` decimal(5,2) DEFAULT 2.00,
  `sss_msc_min` int(11) DEFAULT 10000,
  `sss_msc_max` int(11) DEFAULT 20000,
  `sss_er_contribution` decimal(10,2) DEFAULT 1160.00,
  `sss_ee_contribution` decimal(10,2) DEFAULT 450.00,
  `income_tax_rate` decimal(5,2) DEFAULT 10.00,
  `tax_calculation_rule` enum('standard','flat','custom') DEFAULT 'flat',
  `custom_tax_formula` text DEFAULT NULL,
  `auto_apply_deductions` tinyint(1) DEFAULT 1,
  `created_at` timestamp NOT NULL DEFAULT current_timestamp(),
  `updated_at` timestamp NOT NULL DEFAULT current_timestamp() ON UPDATE current_timestamp()
) ENGINE=InnoDB DEFAULT CHARSET=utf8mb4 COLLATE=utf8mb4_general_ci;

--
-- Dumping data for table `eaaps_tax_deduction_settings`
--

INSERT INTO `eaaps_tax_deduction_settings` (`id`, `philhealth_rate`, `philhealth_min`, `philhealth_max`, `philhealth_split_5050`, `pagibig_threshold`, `pagibig_employee_low_rate`, `pagibig_employee_high_rate`, `pagibig_employer_rate`, `sss_msc_min`, `sss_msc_max`, `sss_er_contribution`, `sss_ee_contribution`, `income_tax_rate`, `tax_calculation_rule`, `custom_tax_formula`, `auto_apply_deductions`, `created_at`, `updated_at`) VALUES
(1, 5.00, 500.00, 5000.00, 1, 1500.00, 1.00, 2.00, 2.00, 10000, 20000, 1160.00, 450.00, 10.00, 'flat', NULL, 1, '2025-11-20 20:44:20', '2025-11-20 20:44:20');

-- --------------------------------------------------------

--
-- Table structure for table `eaaps_time_date_settings`
--

CREATE TABLE `eaaps_time_date_settings` (
  `id` int(11) NOT NULL,
  `default_timezone` varchar(50) NOT NULL DEFAULT 'PHST',
  `date_format` enum('MM/DD/YYYY','DD/MM/YYYY','YYYY-MM-DD') DEFAULT 'MM/DD/YYYY',
  `auto_logout_time_hours` decimal(6,5) DEFAULT 1.00000,
  `created_at` timestamp NOT NULL DEFAULT current_timestamp(),
  `updated_at` timestamp NOT NULL DEFAULT current_timestamp() ON UPDATE current_timestamp(),
  `grace_in_minutes` int(11) DEFAULT 0,
  `grace_out_minutes` int(11) DEFAULT 0,
  `company_hours_per_day` decimal(5,2) DEFAULT 8.00
) ENGINE=InnoDB DEFAULT CHARSET=utf8mb4 COLLATE=utf8mb4_general_ci;

--
-- Dumping data for table `eaaps_time_date_settings`
--

INSERT INTO `eaaps_time_date_settings` (`id`, `default_timezone`, `date_format`, `auto_logout_time_hours`, `created_at`, `updated_at`, `grace_in_minutes`, `grace_out_minutes`, `company_hours_per_day`) VALUES
(1, 'PHST', 'DD/MM/YYYY', 0.00000, '2025-11-20 20:44:20', '2025-12-21 09:31:41', 6, 5, 8.00);

-- --------------------------------------------------------

--
-- Table structure for table `eims_audit_logs`
--

CREATE TABLE `eims_audit_logs` (
  `audit_id` int(11) NOT NULL,
  `user_id` int(11) NOT NULL,
  `action` varchar(100) NOT NULL,
  `target_type` varchar(50) DEFAULT NULL,
  `target_id` int(11) DEFAULT NULL,
  `details` text DEFAULT NULL,
  `ip_address` varchar(45) DEFAULT NULL,
  `created_at` timestamp NOT NULL DEFAULT current_timestamp()
) ENGINE=InnoDB DEFAULT CHARSET=utf8mb4 COLLATE=utf8mb4_general_ci;

--
-- Dumping data for table `eims_audit_logs`
--

INSERT INTO `eims_audit_logs` (`audit_id`, `user_id`, `action`, `target_type`, `target_id`, `details`, `ip_address`, `created_at`) VALUES
(0, 1, 'Logout', 'User', 1, 'User logged out', '192.168.0.151', '2026-01-13 06:35:53'),
(1, 1, 'Login', 'User', 1, 'User logged in', '::1', '2026-01-09 18:13:33'),
(2, 1, 'Logout', 'User', 1, 'User logged out', '::1', '2026-01-09 18:28:19'),
(3, 1, 'Login', 'User', 1, 'User logged in', '::1', '2026-01-09 18:28:58'),
(4, 1, 'Add', 'Equipment', 5, 'Added equipment: ProClean Detergents', '::1', '2026-01-09 19:34:55'),
(5, 1, 'Add', 'User', 7, 'Created user: paul', '::1', '2026-01-09 19:38:26'),
(6, 1, 'Add', 'Transaction', 1, 'Created new transaction', '::1', '2026-01-09 19:39:07'),
(7, 1, 'Add', 'Transaction', 2, 'Created new transaction', '::1', '2026-01-09 19:40:13'),
(8, 1, 'Return', 'Transaction', 1, 'Marked equipment as returned', '::1', '2026-01-09 19:40:29'),
(9, 1, 'Logout', 'User', 1, 'User logged out', '::1', '2026-01-09 19:48:27'),
(10, 1, 'Login', 'User', 1, 'User logged in', '::1', '2026-01-09 20:01:48'),
(11, 1, 'Logout', 'User', 1, 'User logged out', '::1', '2026-01-09 20:06:38'),
(12, 1, 'Login', 'User', 1, 'User logged in', '::1', '2026-01-09 20:25:18'),
(13, 1, 'Logout', 'User', 1, 'User logged out', '::1', '2026-01-09 20:41:07'),
(14, 7, 'Login', 'User', 7, 'User logged in', '::1', '2026-01-09 20:41:13'),
(15, 7, 'Borrow Request', 'Transaction', 3, 'Submitted borrow request', '::1', '2026-01-09 20:42:00'),
(16, 7, 'Logout', 'User', 7, 'User logged out', '::1', '2026-01-09 20:42:14'),
(17, 1, 'Login', 'User', 1, 'User logged in', '::1', '2026-01-09 20:42:21'),
(18, 1, 'Add', 'User', 8, 'Created user: rommel', '::1', '2026-01-09 21:44:47'),
(19, 1, 'Logout', 'User', 1, 'User logged out', '::1', '2026-01-09 21:45:08'),
(20, 8, 'Login', 'User', 8, 'User logged in', '::1', '2026-01-09 21:45:14'),
(21, 8, 'Borrow Request', 'Transaction', 4, 'Submitted borrow request', '::1', '2026-01-09 21:45:42'),
(22, 8, 'Logout', 'User', 8, 'User logged out', '::1', '2026-01-09 21:45:53'),
(23, 1, 'Login', 'User', 1, 'User logged in', '::1', '2026-01-09 21:46:01'),
(24, 1, 'Approve', 'Transaction', 4, 'Approved borrow request', '::1', '2026-01-09 21:46:22'),
(25, 1, 'Logout', 'User', 1, 'User logged out', '::1', '2026-01-09 21:48:40'),
(26, 8, 'Login', 'User', 8, 'User logged in', '::1', '2026-01-09 21:48:53'),
(27, 8, 'Borrow Request', 'Transaction', 5, 'Submitted borrow request', '::1', '2026-01-09 21:49:23'),
(28, 8, 'Logout', 'User', 8, 'User logged out', '::1', '2026-01-09 21:49:28'),
(29, 1, 'Login', 'User', 1, 'User logged in', '::1', '2026-01-09 21:49:36'),
(30, 1, 'Reject', 'Transaction', 5, 'Rejected borrow request', '::1', '2026-01-09 21:50:22'),
(31, 1, 'Logout', 'User', 1, 'User logged out', '::1', '2026-01-09 21:56:53'),
(32, 8, 'Login', 'User', 8, 'User logged in', '::1', '2026-01-09 21:57:02'),
(33, 8, 'Borrow Request', 'Transaction', 6, 'Submitted borrow request', '::1', '2026-01-09 21:57:29'),
(34, 8, 'Borrow Request', 'Transaction', 7, 'Submitted borrow request', '::1', '2026-01-09 21:57:52'),
(35, 8, 'Logout', 'User', 8, 'User logged out', '::1', '2026-01-09 21:57:57'),
(36, 1, 'Login', 'User', 1, 'User logged in', '::1', '2026-01-09 21:58:03'),
(37, 1, 'Approve', 'Transaction', 6, 'Approved borrow request', '::1', '2026-01-09 21:58:26'),
(38, 1, 'Reject', 'Transaction', 7, 'Rejected borrow request', '::1', '2026-01-09 22:01:50'),
(39, 1, 'Logout', 'User', 1, 'User logged out', '::1', '2026-01-09 22:06:44'),
(40, 8, 'Login', 'User', 8, 'User logged in', '::1', '2026-01-09 22:06:55'),
(41, 8, 'Borrow Request', 'Transaction', 8, 'Submitted borrow request', '::1', '2026-01-09 22:07:22'),
(42, 8, 'Borrow Request', 'Transaction', 9, 'Submitted borrow request', '::1', '2026-01-09 22:07:40'),
(43, 8, 'Logout', 'User', 8, 'User logged out', '::1', '2026-01-09 22:07:44'),
(44, 1, 'Login', 'User', 1, 'User logged in', '::1', '2026-01-09 22:07:55'),
(45, 1, 'Approve', 'Transaction', 8, 'Approved borrow request', '::1', '2026-01-09 22:08:09'),
(46, 1, 'Approve', 'Transaction', 9, 'Approved borrow request', '::1', '2026-01-09 22:10:04'),
(47, 1, 'Logout', 'User', 1, 'User logged out', '::1', '2026-01-09 22:28:52'),
(48, 1, 'Login', 'User', 1, 'User logged in', '::1', '2026-01-09 22:28:59'),
(49, 1, 'Return', 'Transaction', 9, 'Marked equipment as returned', '::1', '2026-01-09 22:29:09'),
(50, 1, 'Return', 'Transaction', 2, 'Marked equipment as returned', '::1', '2026-01-09 22:29:16'),
(51, 1, 'Return', 'Transaction', 6, 'Marked equipment as returned', '::1', '2026-01-09 22:29:27'),
(52, 1, 'Logout', 'User', 1, 'User logged out', '::1', '2026-01-09 22:29:32'),
(53, 8, 'Login', 'User', 8, 'User logged in', '::1', '2026-01-09 22:29:40'),
(54, 8, 'Borrow Request', 'Transaction', 10, 'Submitted borrow request', '::1', '2026-01-09 22:30:03'),
(55, 8, 'Logout', 'User', 8, 'User logged out', '::1', '2026-01-09 22:30:10'),
(56, 1, 'Login', 'User', 1, 'User logged in', '::1', '2026-01-09 22:30:48'),
(57, 1, 'Approve', 'Transaction', 10, 'Approved borrow request', '::1', '2026-01-09 22:30:57'),
(58, 1, 'Logout', 'User', 1, 'User logged out', '::1', '2026-01-10 00:42:16'),
(59, 8, 'Login', 'User', 8, 'User logged in', '::1', '2026-01-10 01:04:50'),
(60, 8, 'Logout', 'User', 8, 'User logged out', '::1', '2026-01-10 01:07:33'),
(61, 1, 'Login', 'User', 1, 'User logged in', '::1', '2026-01-10 01:07:51'),
(62, 1, 'Return', 'Transaction', 10, 'Marked equipment as returned', '::1', '2026-01-10 01:08:04'),
(63, 1, 'Return', 'Transaction', 8, 'Marked equipment as returned', '::1', '2026-01-10 01:08:10'),
(64, 1, 'Return', 'Transaction', 4, 'Marked equipment as returned', '::1', '2026-01-10 01:08:16'),
(65, 1, 'Approve', 'Transaction', 3, 'Approved borrow request', '::1', '2026-01-10 01:08:23'),
(66, 1, 'Logout', 'User', 1, 'User logged out', '::1', '2026-01-10 01:08:27'),
(67, 8, 'Login', 'User', 8, 'User logged in', '::1', '2026-01-10 01:08:47'),
(68, 8, 'Logout', 'User', 8, 'User logged out', '::1', '2026-01-10 01:45:31'),
(69, 1, 'Login', 'User', 1, 'User logged in', '::1', '2026-01-10 01:45:40'),
(70, 1, 'Login', 'User', 1, 'User logged in', '10.89.229.219', '2026-01-12 06:06:50'),
(71, 1, 'Login', 'User', 1, 'User logged in', '192.168.1.101', '2026-01-13 04:07:27'),
(72, 1, 'Add', 'Transaction', 11, 'Created new transaction', '192.168.1.101', '2026-01-13 04:17:41'),
(73, 1, 'Logout', 'User', 1, 'User logged out', '192.168.1.101', '2026-01-13 04:17:59'),
(74, 8, 'Login', 'User', 8, 'User logged in', '192.168.1.101', '2026-01-13 04:18:08'),
(75, 8, 'Borrow Request', 'Transaction', 12, 'Submitted borrow request', '192.168.1.101', '2026-01-13 04:19:06'),
(76, 8, 'Logout', 'User', 8, 'User logged out', '192.168.1.101', '2026-01-13 04:19:20'),
(77, 1, 'Login', 'User', 1, 'User logged in', '192.168.1.101', '2026-01-13 04:19:47'),
(78, 1, 'Approve', 'Transaction', 12, 'Approved borrow request', '192.168.1.101', '2026-01-13 04:20:15'),
(79, 1, 'Add', 'Maintenance', 1, 'Reported new maintenance issue', '192.168.1.101', '2026-01-13 04:23:14'),
(80, 1, 'Add', 'Transaction', 13, 'Created new transaction', '192.168.1.101', '2026-01-13 04:26:03'),
(81, 7, 'Login', 'User', 7, 'User logged in', '192.168.0.151', '2026-01-13 06:36:07'),
(82, 7, 'Logout', 'User', 7, 'User logged out', '192.168.0.151', '2026-01-13 06:36:13'),
(83, 1, 'Login', 'User', 1, 'User logged in', '192.168.0.151', '2026-01-13 06:36:17'),
(84, 1, 'Logout', 'User', 1, 'User logged out', '192.168.0.151', '2026-01-13 06:53:20'),
(85, 1, 'Login', 'User', 1, 'User logged in', '192.168.0.151', '2026-01-13 06:53:31'),
(86, 1, 'Add', 'Equipment', 6, 'Added equipment: Orashare Speaker', '192.168.0.151', '2026-01-13 06:58:48'),
(87, 1, 'Logout', 'User', 1, 'User logged out', '192.168.0.151', '2026-01-13 07:05:23'),
(88, 1, 'Login', 'User', 1, 'User logged in', '192.168.0.151', '2026-01-13 07:25:04'),
(89, 1, 'Login', 'User', 1, 'User logged in', '192.168.0.151', '2026-01-13 07:54:20'),
(90, 1, 'Add', 'User', 9, 'Created user: rivas', '192.168.0.151', '2026-01-13 07:56:19'),
(91, 1, 'Logout', 'User', 1, 'User logged out', '192.168.0.151', '2026-01-13 07:56:30'),
(92, 1, 'Login', 'User', 1, 'User logged in', '192.168.0.151', '2026-01-13 07:56:47'),
(93, 1, 'Add', 'User', 10, 'Created user: dennis', '192.168.0.151', '2026-01-13 07:57:33'),
(94, 1, 'Logout', 'User', 1, 'User logged out', '192.168.0.151', '2026-01-13 07:57:43'),
(95, 10, 'Login', 'User', 10, 'User logged in', '192.168.0.151', '2026-01-13 07:57:48'),
(96, 10, 'Borrow Request', 'Transaction', 14, 'Submitted borrow request', '192.168.0.151', '2026-01-13 07:58:35'),
(97, 10, 'Borrow Request', 'Transaction', 15, 'Submitted borrow request', '192.168.0.151', '2026-01-13 07:59:16'),
(98, 10, 'Borrow Request', 'Transaction', 16, 'Submitted borrow request', '192.168.0.151', '2026-01-13 08:00:25'),
(99, 10, 'Logout', 'User', 10, 'User logged out', '192.168.0.151', '2026-01-13 08:00:55'),
(100, 1, 'Login', 'User', 1, 'User logged in', '192.168.0.151', '2026-01-13 08:00:59'),
(101, 1, 'Reject', 'Transaction', 16, 'Rejected borrow request', '192.168.0.151', '2026-01-13 08:01:56'),
(102, 1, 'Logout', 'User', 1, 'User logged out', '192.168.0.151', '2026-01-13 08:02:01'),
(103, 10, 'Login', 'User', 10, 'User logged in', '192.168.0.151', '2026-01-13 08:02:04'),
(104, 10, 'Logout', 'User', 10, 'User logged out', '192.168.0.151', '2026-01-13 08:03:29'),
(105, 1, 'Login', 'User', 1, 'User logged in', '192.168.0.151', '2026-01-13 08:03:34'),
(106, 1, 'Approve', 'Transaction', 15, 'Approved borrow request', '192.168.0.151', '2026-01-13 08:03:40'),
(107, 1, 'Approve', 'Transaction', 14, 'Approved borrow request', '192.168.0.151', '2026-01-13 08:03:47');

-- --------------------------------------------------------

--
-- Table structure for table `eims_categories`
--

CREATE TABLE `eims_categories` (
  `category_id` int(11) NOT NULL,
  `category_name` varchar(100) NOT NULL,
  `description` varchar(255) DEFAULT NULL,
  `created_at` timestamp NOT NULL DEFAULT current_timestamp()
) ENGINE=InnoDB DEFAULT CHARSET=utf8mb4 COLLATE=utf8mb4_general_ci;

--
-- Dumping data for table `eims_categories`
--

INSERT INTO `eims_categories` (`category_id`, `category_name`, `description`, `created_at`) VALUES
(1, 'Computer Equipment', 'Computers, laptops, monitors, keyboards, mice', '2026-01-09 14:31:24'),
(2, 'Laboratory Equipment', 'Laboratory tools and instruments', '2026-01-09 14:31:24'),
(3, 'Projectors & Displays', 'Projectors, smart boards, displays', '2026-01-09 14:31:24'),
(4, 'Audio Equipment', 'Speakers, microphones, audio systems', '2026-01-09 14:31:24'),
(5, 'Tools', 'General tools and equipment', '2026-01-09 14:31:24'),
(6, 'Furniture', 'Tables, chairs, cabinets', '2026-01-09 14:31:24');

-- --------------------------------------------------------

--
-- Table structure for table `eims_equipment`
--

CREATE TABLE `eims_equipment` (
  `equipment_id` int(11) NOT NULL,
  `category_id` int(11) DEFAULT NULL,
  `name` varchar(150) NOT NULL,
  `serial_number` varchar(100) DEFAULT NULL,
  `quantity` int(11) NOT NULL DEFAULT 1,
  `available_quantity` int(11) NOT NULL DEFAULT 1,
  `location` varchar(150) DEFAULT NULL,
  `condition` enum('Good','Damaged','For Repair') DEFAULT 'Good',
  `status` enum('Available','Borrowed','Under Maintenance') DEFAULT 'Available',
  `remarks` text DEFAULT NULL,
  `created_at` timestamp NOT NULL DEFAULT current_timestamp(),
  `updated_at` timestamp NOT NULL DEFAULT current_timestamp() ON UPDATE current_timestamp()
) ENGINE=InnoDB DEFAULT CHARSET=utf8mb4 COLLATE=utf8mb4_general_ci;

--
-- Dumping data for table `eims_equipment`
--

INSERT INTO `eims_equipment` (`equipment_id`, `category_id`, `name`, `serial_number`, `quantity`, `available_quantity`, `location`, `condition`, `status`, `remarks`, `created_at`, `updated_at`) VALUES
(1, 1, 'Dell Laptop', 'DELL-2024-001', 5, 1, 'IT Room A', 'Good', 'Borrowed', NULL, '2026-01-09 14:45:24', '2026-01-10 01:08:23'),
(2, 2, 'Microscope', 'MICRO-2024-001', 3, -3, 'Science Lab 1', 'Good', 'Borrowed', NULL, '2026-01-09 14:45:24', '2026-01-13 08:03:40'),
(3, 3, 'Epson Projector', 'EPSON-2024-001', 4, 2, 'Equipment Room', 'Good', 'Available', NULL, '2026-01-09 14:45:24', '2026-01-13 04:26:03'),
(4, 4, 'Wireless Microphone', 'MIC-2024-001', 6, 7, 'Audio Room', 'Good', 'Under Maintenance', NULL, '2026-01-09 14:45:24', '2026-01-13 04:23:14'),
(5, 4, 'ProClean Detergents', '31432424', 10, 4, 'LAB 2', 'Good', 'Borrowed', 'fdasfds', '2026-01-09 19:34:54', '2026-01-13 04:20:15'),
(6, 4, 'Orashare Speaker', '324-3214-534', 5, -5, 'Faculty', 'Good', 'Borrowed', 'Speakers', '2026-01-13 06:58:48', '2026-01-13 08:03:47');

-- --------------------------------------------------------

--
-- Table structure for table `eims_maintenance`
--

CREATE TABLE `eims_maintenance` (
  `maintenance_id` int(11) NOT NULL,
  `equipment_id` int(11) NOT NULL,
  `reported_by` int(11) NOT NULL,
  `issue_description` text NOT NULL,
  `reported_date` datetime NOT NULL DEFAULT current_timestamp(),
  `status` enum('Open','In Progress','Completed','Rejected') DEFAULT 'Open',
  `resolution_notes` text DEFAULT NULL,
  `cost` decimal(10,2) DEFAULT NULL,
  `resolved_by` int(11) DEFAULT NULL,
  `resolved_date` datetime DEFAULT NULL,
  `created_at` timestamp NOT NULL DEFAULT current_timestamp(),
  `updated_at` timestamp NOT NULL DEFAULT current_timestamp() ON UPDATE current_timestamp()
) ENGINE=InnoDB DEFAULT CHARSET=utf8mb4 COLLATE=utf8mb4_general_ci;

--
-- Dumping data for table `eims_maintenance`
--

INSERT INTO `eims_maintenance` (`maintenance_id`, `equipment_id`, `reported_by`, `issue_description`, `reported_date`, `status`, `resolution_notes`, `cost`, `resolved_by`, `resolved_date`, `created_at`, `updated_at`) VALUES
(1, 4, 1, 'ssada', '2026-01-13 12:22:00', 'Open', NULL, 10000.00, NULL, NULL, '2026-01-13 04:23:14', '2026-01-13 04:23:14');

-- --------------------------------------------------------

--
-- Table structure for table `eims_notifications`
--

CREATE TABLE `eims_notifications` (
  `notification_id` int(11) NOT NULL,
  `user_id` int(11) NOT NULL,
  `transaction_id` int(11) DEFAULT NULL,
  `type` enum('request','approval','rejection','reminder','info') DEFAULT 'info',
  `title` varchar(150) NOT NULL,
  `message` text NOT NULL,
  `is_read` tinyint(1) DEFAULT 0,
  `created_at` timestamp NOT NULL DEFAULT current_timestamp()
) ENGINE=InnoDB DEFAULT CHARSET=utf8mb4 COLLATE=utf8mb4_general_ci;

--
-- Dumping data for table `eims_notifications`
--

INSERT INTO `eims_notifications` (`notification_id`, `user_id`, `transaction_id`, `type`, `title`, `message`, `is_read`, `created_at`) VALUES
(1, 7, 1, 'info', 'Equipment Returned', 'Your borrowed equipment has been marked as returned.', 0, '2026-01-09 19:40:29'),
(2, 1, 3, 'request', 'New Borrow Request', 'Paul Eduard Soriano has requested to borrow equipment.', 1, '2026-01-09 20:42:00'),
(3, 2, 3, 'request', 'New Borrow Request', 'Paul Eduard Soriano has requested to borrow equipment.', 0, '2026-01-09 20:42:00'),
(5, 1, 4, 'request', 'New Borrow Request', 'Rommel Salas has requested to borrow ProClean Detergents (Quantity: 3)', 1, '2026-01-09 21:45:42'),
(6, 2, 4, 'request', 'New Borrow Request', 'Rommel Salas has requested to borrow ProClean Detergents (Quantity: 3)', 0, '2026-01-09 21:45:42'),
(7, 8, 4, 'approval', 'Borrow Request Approved', 'Your request to borrow ProClean Detergents has been approved by System Administrator. Please collect the equipment by January 10, 2026 5:45 AM', 0, '2026-01-09 21:46:22'),
(8, 1, 5, 'request', 'New Borrow Request', 'Rommel Salas has requested to borrow Wireless Microphone (Quantity: 2)', 1, '2026-01-09 21:49:23'),
(9, 2, 5, 'request', 'New Borrow Request', 'Rommel Salas has requested to borrow Wireless Microphone (Quantity: 2)', 0, '2026-01-09 21:49:23'),
(10, 8, 5, 'rejection', 'Borrow Request Rejected', 'Your request to borrow Wireless Microphone has been rejected. Reason: bawal', 0, '2026-01-09 21:50:22'),
(11, 1, 6, 'request', 'New Borrow Request', 'Rommel Salas has requested to borrow Dell Laptop (Quantity: 2)', 1, '2026-01-09 21:57:29'),
(12, 2, 6, 'request', 'New Borrow Request', 'Rommel Salas has requested to borrow Dell Laptop (Quantity: 2)', 0, '2026-01-09 21:57:29'),
(13, 1, 7, 'request', 'New Borrow Request', 'Rommel Salas has requested to borrow Wireless Microphone (Quantity: 3)', 1, '2026-01-09 21:57:52'),
(14, 2, 7, 'request', 'New Borrow Request', 'Rommel Salas has requested to borrow Wireless Microphone (Quantity: 3)', 0, '2026-01-09 21:57:52'),
(15, 8, 6, 'approval', 'Borrow Request Approved', 'Your request to borrow Dell Laptop has been approved by System Administrator. Please collect the equipment by January 10, 2026 5:57 AM', 0, '2026-01-09 21:58:26'),
(16, 8, 7, 'rejection', 'Borrow Request Rejected', 'Your request to borrow Wireless Microphone has been rejected. Reason: bawal', 0, '2026-01-09 22:01:50'),
(17, 1, 8, 'request', 'New Borrow Request', 'Rommel Salas has requested to borrow Wireless Microphone (Quantity: 2)', 1, '2026-01-09 22:07:22'),
(18, 2, 8, 'request', 'New Borrow Request', 'Rommel Salas has requested to borrow Wireless Microphone (Quantity: 2)', 0, '2026-01-09 22:07:22'),
(19, 1, 9, 'request', 'New Borrow Request', 'Rommel Salas has requested to borrow Epson Projector (Quantity: 2)', 1, '2026-01-09 22:07:40'),
(20, 2, 9, 'request', 'New Borrow Request', 'Rommel Salas has requested to borrow Epson Projector (Quantity: 2)', 0, '2026-01-09 22:07:40'),
(21, 8, 8, 'approval', 'Borrow Request Approved', 'Your request to borrow Wireless Microphone has been approved by System Administrator. Please collect the equipment by January 10, 2026 6:07 AM', 0, '2026-01-09 22:08:09'),
(22, 8, 9, 'approval', 'Borrow Request Approved', 'Your request to borrow Epson Projector has been approved by System Administrator. Please collect the equipment by January 10, 2026 6:07 AM', 0, '2026-01-09 22:10:04'),
(23, 8, 9, 'info', 'Equipment Returned', 'Your borrowed equipment has been marked as returned. Thank you!', 0, '2026-01-09 22:29:09'),
(24, 7, 2, 'info', 'Equipment Returned', 'Your borrowed equipment has been marked as returned. Thank you!', 0, '2026-01-09 22:29:16'),
(25, 8, 6, 'info', 'Equipment Returned', 'Your borrowed equipment has been marked as returned. Thank you!', 0, '2026-01-09 22:29:27'),
(26, 1, 10, 'request', 'New Borrow Request', 'Rommel Salas has requested to borrow Epson Projector (Quantity: 2)', 1, '2026-01-09 22:30:02'),
(27, 2, 10, 'request', 'New Borrow Request', 'Rommel Salas has requested to borrow Epson Projector (Quantity: 2)', 0, '2026-01-09 22:30:03'),
(28, 8, 10, 'approval', 'Borrow Request Approved', 'Your request to borrow Epson Projector has been approved by System Administrator. Please collect the equipment by January 10, 2026 6:29 AM', 0, '2026-01-09 22:30:57'),
(29, 8, 10, 'info', 'Equipment Returned', 'Your borrowed equipment has been marked as returned. Thank you!', 0, '2026-01-10 01:08:04'),
(30, 8, 8, 'info', 'Equipment Returned', 'Your borrowed equipment has been marked as returned. Thank you!', 0, '2026-01-10 01:08:10'),
(31, 8, 4, 'info', 'Equipment Returned', 'Your borrowed equipment has been marked as returned. Thank you!', 0, '2026-01-10 01:08:16'),
(32, 7, 3, 'approval', 'Borrow Request Approved', 'Your request to borrow Dell Laptop has been approved by System Administrator. Please collect the equipment by January 10, 2026 4:41 AM', 0, '2026-01-10 01:08:23'),
(33, 1, 12, 'request', 'New Borrow Request', 'Rommel Salas has requested to borrow ProClean Detergents (Quantity: 3)', 1, '2026-01-13 04:19:06'),
(34, 2, 12, 'request', 'New Borrow Request', 'Rommel Salas has requested to borrow ProClean Detergents (Quantity: 3)', 0, '2026-01-13 04:19:06'),
(35, 8, 12, 'approval', 'Borrow Request Approved', 'Your request to borrow ProClean Detergents has been approved by System Administrator. Please collect the equipment by January 13, 2026 12:18 PM', 0, '2026-01-13 04:20:15'),
(36, 1, 14, 'request', 'New Borrow Request', 'Dennis Gresola has requested to borrow Orashare Speaker (Quantity: 5)', 0, '2026-01-13 07:58:35'),
(37, 2, 14, 'request', 'New Borrow Request', 'Dennis Gresola has requested to borrow Orashare Speaker (Quantity: 5)', 0, '2026-01-13 07:58:35'),
(38, 1, 15, 'request', 'New Borrow Request', 'Dennis Gresola has requested to borrow Microscope (Quantity: 3)', 0, '2026-01-13 07:59:16'),
(39, 2, 15, 'request', 'New Borrow Request', 'Dennis Gresola has requested to borrow Microscope (Quantity: 3)', 0, '2026-01-13 07:59:16'),
(40, 1, 16, 'request', 'New Borrow Request', 'Dennis Gresola has requested to borrow Epson Projector (Quantity: 2)', 0, '2026-01-13 08:00:25'),
(41, 2, 16, 'request', 'New Borrow Request', 'Dennis Gresola has requested to borrow Epson Projector (Quantity: 2)', 0, '2026-01-13 08:00:25'),
(42, 10, 16, 'rejection', 'Borrow Request Rejected', 'Your request to borrow Epson Projector has been rejected. Reason: maraksot tim boses', 1, '2026-01-13 08:01:56'),
(43, 10, 15, 'approval', 'Borrow Request Approved', 'Your request to borrow Microscope has been approved by System Administrator. Please collect the equipment by January 13, 2026 3:59 PM', 0, '2026-01-13 08:03:40'),
(44, 10, 14, 'approval', 'Borrow Request Approved', 'Your request to borrow Orashare Speaker has been approved by System Administrator. Please collect the equipment by January 13, 2026 3:58 PM', 0, '2026-01-13 08:03:47');

-- --------------------------------------------------------

--
-- Table structure for table `eims_roles`
--

CREATE TABLE `eims_roles` (
  `role_id` int(11) NOT NULL,
  `role_name` varchar(50) NOT NULL,
  `description` varchar(255) DEFAULT NULL,
  `created_at` timestamp NOT NULL DEFAULT current_timestamp()
) ENGINE=InnoDB DEFAULT CHARSET=utf8mb4 COLLATE=utf8mb4_general_ci;

--
-- Dumping data for table `eims_roles`
--

INSERT INTO `eims_roles` (`role_id`, `role_name`, `description`, `created_at`) VALUES
(1, 'Admin', 'System Administrator - Full Access', '2026-01-09 14:31:24'),
(2, 'Staff', 'Staff Member - Manage equipment and transactions', '2026-01-09 14:31:24'),
(3, 'Borrower', 'Equipment Borrower - Can request to borrow equipment', '2026-01-09 14:31:24');

-- --------------------------------------------------------

--
-- Table structure for table `eims_transactions`
--

CREATE TABLE `eims_transactions` (
  `transaction_id` int(11) NOT NULL,
  `equipment_id` int(11) NOT NULL,
  `borrower_id` int(11) NOT NULL,
  `recorded_by_id` int(11) NOT NULL,
  `quantity` int(11) NOT NULL DEFAULT 1,
  `borrow_date` datetime NOT NULL,
  `due_date` datetime DEFAULT NULL,
  `return_date` datetime DEFAULT NULL,
  `status` enum('Request','Borrowed','Returned','Overdue','Rejected') DEFAULT 'Request',
  `purpose` text DEFAULT NULL,
  `remarks` text DEFAULT NULL,
  `approved_by` int(11) DEFAULT NULL,
  `approved_date` datetime DEFAULT NULL,
  `created_at` timestamp NOT NULL DEFAULT current_timestamp(),
  `updated_at` timestamp NOT NULL DEFAULT current_timestamp() ON UPDATE current_timestamp()
) ENGINE=InnoDB DEFAULT CHARSET=utf8mb4 COLLATE=utf8mb4_general_ci;

--
-- Dumping data for table `eims_transactions`
--

INSERT INTO `eims_transactions` (`transaction_id`, `equipment_id`, `borrower_id`, `recorded_by_id`, `quantity`, `borrow_date`, `due_date`, `return_date`, `status`, `purpose`, `remarks`, `approved_by`, `approved_date`, `created_at`, `updated_at`) VALUES
(1, 5, 7, 1, 4, '2026-01-10 03:38:00', '2026-01-17 03:38:00', '2026-01-10 03:40:29', 'Returned', 'kbnsdkg', NULL, 1, '2026-01-10 03:39:07', '2026-01-09 19:39:07', '2026-01-09 19:40:29'),
(2, 4, 7, 1, 1, '2026-01-10 03:39:00', '2026-01-17 03:39:00', '2026-01-10 06:29:16', 'Returned', 'fjnrjsd', NULL, 1, '2026-01-10 03:40:12', '2026-01-09 19:40:12', '2026-01-09 22:29:16'),
(3, 1, 7, 7, 2, '2026-01-10 04:41:00', '2026-01-17 04:41:00', NULL, 'Borrowed', 'kgmdfgkldfm', NULL, 1, '2026-01-10 09:08:23', '2026-01-09 20:42:00', '2026-01-10 01:08:23'),
(4, 5, 8, 8, 3, '2026-01-10 05:45:00', '2026-01-17 05:45:00', '2026-01-10 09:08:15', 'Returned', 'fasfd', NULL, 1, '2026-01-10 05:46:22', '2026-01-09 21:45:42', '2026-01-10 01:08:15'),
(5, 4, 8, 8, 2, '2026-01-10 05:49:00', '2026-01-17 05:49:00', NULL, 'Rejected', 'dfdsfds', NULL, NULL, NULL, '2026-01-09 21:49:23', '2026-01-09 21:50:22'),
(6, 1, 8, 8, 2, '2026-01-10 05:57:00', '2026-01-17 05:57:00', '2026-01-10 06:29:27', 'Returned', 'fdasfads', NULL, 1, '2026-01-10 05:58:25', '2026-01-09 21:57:29', '2026-01-09 22:29:27'),
(7, 4, 8, 8, 3, '2026-01-10 05:57:00', '2026-01-17 05:57:00', NULL, 'Rejected', 'dasdsadsa', NULL, NULL, NULL, '2026-01-09 21:57:52', '2026-01-09 22:01:50'),
(8, 4, 8, 8, 2, '2026-01-10 06:07:00', '2026-01-17 06:07:00', '2026-01-10 09:08:09', 'Returned', 'fdfdfsd', NULL, 1, '2026-01-10 06:08:09', '2026-01-09 22:07:22', '2026-01-10 01:08:09'),
(9, 3, 8, 8, 2, '2026-01-10 06:07:00', '2026-01-17 06:07:00', '2026-01-10 06:29:09', 'Returned', 'sdfdsf', NULL, 1, '2026-01-10 06:10:04', '2026-01-09 22:07:40', '2026-01-09 22:29:09'),
(10, 3, 8, 8, 2, '2026-01-10 06:29:00', '2026-01-17 06:29:00', '2026-01-10 09:08:04', 'Returned', 'nkbkb', NULL, 1, '2026-01-10 06:30:57', '2026-01-09 22:30:02', '2026-01-10 01:08:04'),
(11, 5, 7, 1, 4, '2026-01-13 12:17:00', '2026-01-20 12:17:00', NULL, 'Borrowed', 'dsasad', NULL, 1, '2026-01-13 12:17:41', '2026-01-13 04:17:41', '2026-01-13 04:17:41'),
(12, 5, 8, 8, 3, '2026-01-13 12:18:00', '2026-01-20 12:18:00', NULL, 'Borrowed', 'sdsfds', NULL, 1, '2026-01-13 12:20:15', '2026-01-13 04:19:06', '2026-01-13 04:20:15'),
(13, 3, 7, 1, 2, '2026-01-13 12:25:00', '2026-01-13 12:26:00', NULL, 'Overdue', 'dfds', NULL, 1, '2026-01-13 12:26:03', '2026-01-13 04:26:03', '2026-01-13 04:26:03'),
(14, 6, 10, 10, 5, '2026-01-13 15:58:00', '2026-01-20 15:58:00', NULL, 'Borrowed', 'kailangan', NULL, 1, '2026-01-13 16:03:47', '2026-01-13 07:58:35', '2026-01-13 08:03:47'),
(15, 2, 10, 10, 3, '2026-01-13 15:59:00', '2026-01-20 15:59:00', NULL, 'Borrowed', 'ds', NULL, 1, '2026-01-13 16:03:40', '2026-01-13 07:59:16', '2026-01-13 08:03:40'),
(16, 3, 10, 10, 2, '2026-01-13 15:59:00', '2026-01-20 15:59:00', NULL, 'Rejected', 'ewq', NULL, NULL, NULL, '2026-01-13 08:00:25', '2026-01-13 08:01:56');

--
-- Triggers `eims_transactions`
--
DELIMITER $$
CREATE TRIGGER `trg_update_equipment_on_borrow` AFTER UPDATE ON `eims_transactions` FOR EACH ROW BEGIN
    IF NEW.status = 'Borrowed' AND OLD.status = 'Request' THEN
        UPDATE eims_equipment 
        SET status = 'Borrowed',
            available_quantity = available_quantity - NEW.quantity
        WHERE equipment_id = NEW.equipment_id;
    END IF;
END
$$
DELIMITER ;
DELIMITER $$
CREATE TRIGGER `trg_update_equipment_on_return` AFTER UPDATE ON `eims_transactions` FOR EACH ROW BEGIN
    IF NEW.status = 'Returned' AND OLD.status IN ('Borrowed', 'Overdue') THEN
        UPDATE eims_equipment 
        SET available_quantity = available_quantity + NEW.quantity
        WHERE equipment_id = NEW.equipment_id;
        
        -- Update equipment status to Available if no active borrows
        UPDATE eims_equipment e
        SET e.status = 'Available'
        WHERE e.equipment_id = NEW.equipment_id
        AND NOT EXISTS (
            SELECT 1 FROM eims_transactions t 
            WHERE t.equipment_id = NEW.equipment_id 
            AND t.status IN ('Borrowed', 'Request')
        );
    END IF;
END
$$
DELIMITER ;

-- --------------------------------------------------------

--
-- Table structure for table `eims_users`
--

CREATE TABLE `eims_users` (
  `user_id` int(11) NOT NULL,
  `role_id` int(11) NOT NULL DEFAULT 3,
  `username` varchar(100) NOT NULL,
  `password_hash` varchar(255) NOT NULL,
  `full_name` varchar(150) NOT NULL,
  `email` varchar(150) DEFAULT NULL,
  `phone` varchar(20) DEFAULT NULL,
  `department` varchar(100) DEFAULT NULL,
  `user_type` enum('local','student','instructor') DEFAULT 'local',
  `student_id` int(11) DEFAULT NULL COMMENT 'Links to enrollment system student.StudID',
  `instructor_id` int(11) DEFAULT NULL COMMENT 'Links to enrollment system instructor.InsID',
  `is_active` tinyint(1) DEFAULT 1,
  `created_at` timestamp NOT NULL DEFAULT current_timestamp(),
  `updated_at` timestamp NOT NULL DEFAULT current_timestamp() ON UPDATE current_timestamp()
) ENGINE=InnoDB DEFAULT CHARSET=utf8mb4 COLLATE=utf8mb4_general_ci;

--
-- Dumping data for table `eims_users`
--

INSERT INTO `eims_users` (`user_id`, `role_id`, `username`, `password_hash`, `full_name`, `email`, `phone`, `department`, `user_type`, `student_id`, `instructor_id`, `is_active`, `created_at`, `updated_at`) VALUES
(1, 1, 'admin', '$2y$10$92IXUNpkjO0rOQ5byMi.Ye4oKoEa3Ro9llC/.og/at2.uheWG/igi', 'System Administrator', NULL, NULL, NULL, 'local', NULL, NULL, 1, '2026-01-09 14:31:24', '2026-01-09 14:31:24'),
(2, 2, 'staff', '$2y$10$92IXUNpkjO0rOQ5byMi.Ye4oKoEa3Ro9llC/.og/at2.uheWG/igi', 'Staff Member', NULL, NULL, NULL, 'local', NULL, NULL, 1, '2026-01-09 14:31:24', '2026-01-09 14:31:24'),
(7, 3, 'paul', '$2y$10$1eQMtWAXVxNe1niNo7TdmeUSJaRLwxrWdPVaV2ZvNwRbzfTWULBzq', 'Paul Eduard Soriano', 'pauleduard@gmail.com', '09966426624', 'Soaring Phoenix', 'student', 11, NULL, 1, '2026-01-09 19:38:26', '2026-01-09 19:38:26'),
(8, 3, 'rommel', '$2y$10$.ClQUvOGzD9xFBG9EdHYlu9ilR87z9AXBswBsiQH.ktP16Wmjjpb2', 'Rommel Salas', 'rommelbaquiran15@gmail.com', '09966426624', 'Soaring Phoenix', 'student', 13, NULL, 1, '2026-01-09 21:44:47', '2026-01-09 21:44:47'),
(9, 3, 'rivas', '$2y$10$slRXchOImQSty8rDoAcRieNfGQCx4xSk7P0Fy8Ut47m0gdY7QL9Ve', 'Francisco Rivas', 'franz.rivas@gmail.com', '09432424444', 'Phoenix', 'student', 128, NULL, 1, '2026-01-13 07:56:19', '2026-01-13 07:56:19'),
(10, 3, 'dennis', '$2y$10$X1hfsn.pokImtPNjjNFsMe.NzD8LqWOrXIWMDklLgv.nVoVbe5YMG', 'Dennis Gresola', 'dennis@gmail.com', '09123456789', 'Soaring Phoenix', 'instructor', NULL, 3, 1, '2026-01-13 07:57:33', '2026-01-13 07:57:33');

-- --------------------------------------------------------

--
-- Table structure for table `employees`
--

CREATE TABLE `employees` (
  `employee_id` int(11) NOT NULL,
  `user_id` int(11) DEFAULT NULL,
  `first_name` varchar(100) NOT NULL,
  `last_name` varchar(100) NOT NULL,
  `department_id` int(11) DEFAULT NULL,
  `position_id` int(11) DEFAULT NULL,
  `hire_date` date DEFAULT NULL,
  `address` text DEFAULT NULL,
  `gender` enum('Male','Female','Other') DEFAULT NULL,
  `marital_status` enum('Single','Married','Divorced','Widowed','Other') DEFAULT 'Single',
  `status` enum('Active','Inactive','On Leave') DEFAULT 'Active',
  `email` varchar(255) DEFAULT NULL,
  `contact_number` varchar(20) DEFAULT NULL,
  `emergency_contact_name` varchar(100) DEFAULT NULL,
  `emergency_contact_phone` varchar(20) DEFAULT NULL,
  `emergency_contact_relationship` varchar(50) DEFAULT NULL,
  `rate_per_hour` decimal(10,2) DEFAULT 0.00,
  `rate_per_day` decimal(10,2) DEFAULT 0.00,
  `annual_paid_leave_days` int(11) DEFAULT 15,
  `annual_unpaid_leave_days` int(11) DEFAULT 5,
  `annual_sick_leave_days` int(11) DEFAULT 10,
  `avatar_path` varchar(500) DEFAULT NULL,
  `created_at` timestamp NULL DEFAULT NULL,
  `updated_at` timestamp NULL DEFAULT NULL,
  `date_of_birth` date DEFAULT NULL,
  `leave_balance_year` int(11) DEFAULT NULL
) ENGINE=InnoDB DEFAULT CHARSET=utf8mb4 COLLATE=utf8mb4_general_ci;

--
-- Dumping data for table `employees`
--

INSERT INTO `employees` (`employee_id`, `user_id`, `first_name`, `last_name`, `department_id`, `position_id`, `hire_date`, `address`, `gender`, `marital_status`, `status`, `email`, `contact_number`, `emergency_contact_name`, `emergency_contact_phone`, `emergency_contact_relationship`, `rate_per_hour`, `rate_per_day`, `annual_paid_leave_days`, `annual_unpaid_leave_days`, `annual_sick_leave_days`, `avatar_path`, `created_at`, `updated_at`, `date_of_birth`, `leave_balance_year`) VALUES
(5, 0, 'Katrina', 'Cadevero', 1, 2, '2026-01-12', 'IJJAHDUHEUHA', 'Female', 'Single', 'Active', 'katrina@gmail.com', '09327476427', 'Lina Cadavero', '09305909175', 'Mother', 16.25, 130.00, 10, 15, 15, NULL, '2026-01-12 10:14:32', '2026-01-12 10:14:32', '2003-12-12', NULL),
(6, 4, 'alvin', 'marone', 1, 2, '2026-01-13', 'Tacloban City', 'Male', 'Single', 'Active', 'a@gmail.com', '09876543211', 'Alexander Osias', '09305909175', 'tatay', 16.25, 130.00, 10, 15, 15, 'uploads/avatars/emp_1768278017_6965c801924ca.jpg', '2026-01-13 04:20:17', '2026-01-13 04:20:17', '2001-01-13', NULL),
(7, 5, 'Francis', 'Rivas', 1, 2, '2026-01-13', 'Tacloban City', 'Male', 'Married', 'Active', 'francisrivas@gmail.com', '09343243242', 'Alexander Osias', '09305909175', 'Father', 16.25, 130.00, 10, 15, 15, NULL, '2026-01-13 07:24:18', '2026-01-13 07:24:18', '2000-05-04', 2026);

-- --------------------------------------------------------

--
-- Table structure for table `employee_schedules`
--

CREATE TABLE `employee_schedules` (
  `id` int(11) NOT NULL,
  `employee_id` int(11) NOT NULL,
  `day_of_week` enum('Monday','Tuesday','Wednesday','Thursday','Friday','Saturday','Sunday') NOT NULL,
  `shift_name` varchar(100) NOT NULL,
  `start_time` time NOT NULL,
  `end_time` time NOT NULL,
  `break_minutes` int(11) NOT NULL DEFAULT 0,
  `is_working` tinyint(1) NOT NULL DEFAULT 1,
  `created_at` timestamp NOT NULL DEFAULT current_timestamp(),
  `updated_at` timestamp NOT NULL DEFAULT current_timestamp() ON UPDATE current_timestamp()
) ENGINE=InnoDB DEFAULT CHARSET=utf8mb4 COLLATE=utf8mb4_general_ci;

--
-- Dumping data for table `employee_schedules`
--

INSERT INTO `employee_schedules` (`id`, `employee_id`, `day_of_week`, `shift_name`, `start_time`, `end_time`, `break_minutes`, `is_working`, `created_at`, `updated_at`) VALUES
(1, 2, 'Sunday', 'Sample Shift', '20:36:00', '23:55:00', 0, 1, '2025-12-28 04:37:07', '2025-12-28 04:37:07'),
(2, 2, 'Monday', 'PE', '01:00:00', '08:39:00', 0, 1, '2025-12-28 10:39:31', '2025-12-28 10:39:31'),
(3, 4, 'Monday', 'ertesg', '18:59:00', '22:59:00', 0, 1, '2026-01-12 09:59:18', '2026-01-12 09:59:18'),
(6, 6, 'Wednesday', 'PE', '13:21:00', '17:21:00', 0, 1, '2026-01-13 04:21:20', '2026-01-13 04:21:20'),
(7, 7, 'Monday', 'Regular Shift', '08:00:00', '17:00:00', 0, 1, '2026-01-13 07:28:04', '2026-01-13 07:28:04'),
(8, 7, 'Tuesday', 'Regular Shift', '08:00:00', '17:00:00', 0, 1, '2026-01-13 07:28:23', '2026-01-13 07:28:23');

-- --------------------------------------------------------

--
-- Table structure for table `enrollment`
--

CREATE TABLE `enrollment` (
  `EnrollID` int(11) NOT NULL,
  `StudID` int(11) NOT NULL,
  `EPeriodID` int(11) DEFAULT NULL,
  `Semester` varchar(10) DEFAULT NULL,
  `Summer` tinyint(1) DEFAULT 0,
  `Status` varchar(20) DEFAULT 'pending',
  `CreatedAt` timestamp NOT NULL DEFAULT current_timestamp(),
  `schedule_id` int(11) NOT NULL COMMENT 'FK to schedules table'
) ENGINE=InnoDB DEFAULT CHARSET=utf8mb4 COLLATE=utf8mb4_general_ci;

--
-- Dumping data for table `enrollment`
--

INSERT INTO `enrollment` (`EnrollID`, `StudID`, `EPeriodID`, `Semester`, `Summer`, `Status`, `CreatedAt`, `schedule_id`) VALUES
(10, 125, 2, '2nd Sem', 0, 'completed', '2026-01-11 06:52:08', 0),
(11, 125, NULL, NULL, 0, 'enrolled', '2026-01-11 06:52:36', 3),
(12, 126, 2, '2nd Sem', 0, 'completed', '2026-01-11 06:58:53', 0),
(15, 126, NULL, NULL, 0, 'enrolled', '2026-01-11 08:07:23', 4),
(16, 126, NULL, NULL, 0, 'enrolled', '2026-01-11 08:54:14', 3),
(17, 127, 2, '2nd Sem', 0, 'completed', '2026-01-12 05:57:41', 0),
(21, 127, NULL, NULL, 0, 'enrolled', '2026-01-13 04:06:00', 8),
(23, 128, 2, '2nd Sem', 0, 'completed', '2026-01-13 06:46:31', 0),
(25, 128, NULL, NULL, 0, 'enrolled', '2026-01-13 07:07:00', 7),
(28, 129, 2, '2nd Sem', 0, 'completed', '2026-01-13 07:47:42', 0),
(30, 129, NULL, NULL, 0, 'enrolled', '2026-01-13 07:51:07', 8),
(32, 130, 2, '2nd Sem', 0, 'completed', '2026-01-13 08:26:36', 0),
(34, 130, NULL, NULL, 0, 'enrolled', '2026-01-13 08:29:34', 7),
(35, 130, NULL, NULL, 0, 'enrolled', '2026-01-13 08:29:47', 8),
(37, 135, 2, '2nd Sem', 0, 'completed', '2026-01-13 08:55:36', 0),
(38, 135, NULL, NULL, 0, 'enrolled', '2026-01-13 08:55:58', 7);

-- --------------------------------------------------------

--
-- Table structure for table `enrollperiod`
--

CREATE TABLE `enrollperiod` (
  `EPeriodID` int(11) NOT NULL,
  `SchoolYear` varchar(9) NOT NULL,
  `Semester` varchar(20) DEFAULT '1st Sem',
  `CreatedAt` date DEFAULT NULL
) ENGINE=InnoDB DEFAULT CHARSET=utf8mb4 COLLATE=utf8mb4_general_ci;

--
-- Dumping data for table `enrollperiod`
--

INSERT INTO `enrollperiod` (`EPeriodID`, `SchoolYear`, `Semester`, `CreatedAt`) VALUES
(1, '2024-2025', '1st Sem', '2026-01-09'),
(2, '2024-2025', '2nd Sem', '2026-01-09');

-- --------------------------------------------------------

--
-- Table structure for table `fees`
--

CREATE TABLE `fees` (
  `fee_id` int(11) NOT NULL,
  `fee_code` varchar(20) NOT NULL,
  `description` varchar(255) NOT NULL,
  `amount` decimal(10,2) NOT NULL,
  `school_year` varchar(20) DEFAULT NULL,
  `course` varchar(10) NOT NULL,
  `year_level` varchar(9) NOT NULL,
  `semester` varchar(50) DEFAULT NULL,
  `created_at` datetime DEFAULT current_timestamp(),
  `updated_at` datetime DEFAULT current_timestamp() ON UPDATE current_timestamp()
) ENGINE=InnoDB DEFAULT CHARSET=utf8mb4 COLLATE=utf8mb4_general_ci;

--
-- Dumping data for table `fees`
--

INSERT INTO `fees` (`fee_id`, `fee_code`, `description`, `amount`, `school_year`, `course`, `year_level`, `semester`, `created_at`, `updated_at`) VALUES
(1, 'qwrq', 'qwrqw', 123124.00, '120141', 'Bachelor o', '1st Year', '12412', '2026-01-11 18:18:28', '2026-01-11 18:18:28'),
(2, 'EVAL_FEE', 'Evaluation fee', 200.00, NULL, '', '', NULL, '2026-01-13 15:08:03', '2026-01-13 15:08:20'),
(3, '111', 'ID FEE', 700.00, '', 'ALL', 'ALL', '', '2026-01-13 15:08:59', '2026-01-13 15:08:59');

-- --------------------------------------------------------

--
-- Table structure for table `gpa`
--

CREATE TABLE `gpa` (
  `gpa_id` int(11) NOT NULL,
  `StudID` int(11) NOT NULL,
  `enrollperiod_id` int(11) DEFAULT NULL,
  `cumulative_gpa` decimal(3,2) DEFAULT NULL,
  `standing` enum('Excellent','Very Good','Good','Satisfactory','Warning','Failed') DEFAULT NULL
) ENGINE=InnoDB DEFAULT CHARSET=utf8mb4 COLLATE=utf8mb4_general_ci;

--
-- Dumping data for table `gpa`
--

INSERT INTO `gpa` (`gpa_id`, `StudID`, `enrollperiod_id`, `cumulative_gpa`, `standing`) VALUES
(1, 125, 1, 1.45, 'Very Good'),
(2, 126, 1, 1.75, 'Good');

-- --------------------------------------------------------

--
-- Table structure for table `grades`
--

CREATE TABLE `grades` (
  `grade_id` int(11) NOT NULL,
  `enrollment_id` int(11) NOT NULL,
  `grading_period` enum('Prelims','Midterms','Semifinals','Finals') NOT NULL DEFAULT 'Prelims',
  `grade_value` decimal(3,2) NOT NULL,
  `remarks` enum('Excellent','Very Good','Good','Satisfactory','Passing','Failed') NOT NULL,
  `date_recorded` datetime DEFAULT current_timestamp(),
  `grade` decimal(5,2) DEFAULT NULL,
  `StudID` int(11) DEFAULT NULL,
  `subject_code` varchar(50) NOT NULL,
  `midterm` decimal(5,2) DEFAULT 0.00,
  `final` decimal(5,2) DEFAULT 0.00,
  `final_grade` decimal(5,2) DEFAULT 0.00,
  `status` varchar(10) DEFAULT 'Enrolled',
  `year_level` varchar(20) DEFAULT NULL,
  `course` varchar(20) DEFAULT NULL,
  `semester` varchar(20) DEFAULT NULL
) ENGINE=InnoDB DEFAULT CHARSET=utf8mb4 COLLATE=utf8mb4_general_ci;

--
-- Dumping data for table `grades`
--

INSERT INTO `grades` (`grade_id`, `enrollment_id`, `grading_period`, `grade_value`, `remarks`, `date_recorded`, `grade`, `StudID`, `subject_code`, `midterm`, `final`, `final_grade`, `status`, `year_level`, `course`, `semester`) VALUES
(2, 2, 'Prelims', 2.00, 'Passing', '2025-11-08 12:42:34', NULL, NULL, '', 0.00, 0.00, 0.00, 'Enrolled', NULL, NULL, NULL),
(3, 4, 'Prelims', 1.25, 'Very Good', '2025-11-08 12:42:34', NULL, NULL, '', 0.00, 0.00, 0.00, 'Enrolled', NULL, NULL, NULL),
(4, 5, 'Prelims', 1.50, 'Good', '2025-11-08 13:47:27', NULL, NULL, '', 0.00, 0.00, 0.00, 'Enrolled', NULL, NULL, NULL),
(5, 6, 'Prelims', 1.75, 'Satisfactory', '2025-11-08 13:47:27', NULL, NULL, '', 0.00, 0.00, 0.00, 'Enrolled', NULL, NULL, NULL),
(6, 7, 'Prelims', 2.00, 'Passing', '2025-11-08 13:47:27', NULL, NULL, '', 0.00, 0.00, 0.00, 'Enrolled', NULL, NULL, NULL),
(7, 8, 'Prelims', 1.25, 'Very Good', '2025-11-08 13:47:27', NULL, NULL, '', 0.00, 0.00, 0.00, 'Enrolled', NULL, NULL, NULL),
(8, 1, 'Prelims', 1.50, 'Good', '2025-11-21 15:01:25', NULL, NULL, '', 0.00, 0.00, 0.00, 'Enrolled', NULL, NULL, NULL),
(9, 5, 'Midterms', 1.50, 'Good', '2025-11-21 16:07:27', NULL, NULL, '', 0.00, 0.00, 0.00, 'Enrolled', NULL, NULL, NULL),
(10, 6, 'Midterms', 1.50, 'Good', '2025-11-21 16:07:27', NULL, NULL, '', 0.00, 0.00, 0.00, 'Enrolled', NULL, NULL, NULL),
(11, 1, 'Semifinals', 1.50, 'Good', '2025-11-24 08:59:51', NULL, NULL, '', 0.00, 0.00, 0.00, 'Enrolled', NULL, NULL, NULL),
(12, 5, 'Semifinals', 1.00, 'Excellent', '2025-11-24 16:15:48', NULL, NULL, '', 0.00, 0.00, 0.00, 'Enrolled', NULL, NULL, NULL),
(13, 6, 'Semifinals', 1.50, 'Good', '2025-11-24 16:15:48', NULL, NULL, '', 0.00, 0.00, 0.00, 'Enrolled', NULL, NULL, NULL),
(15, 9, 'Prelims', 2.00, 'Passing', '2025-11-27 23:14:35', NULL, NULL, '', 0.00, 0.00, 0.00, 'Enrolled', NULL, NULL, NULL),
(16, 10, 'Prelims', 1.00, 'Excellent', '2025-11-28 14:41:14', NULL, NULL, '', 0.00, 0.00, 0.00, 'Enrolled', NULL, NULL, NULL),
(18, 10, 'Semifinals', 1.75, 'Satisfactory', '2025-11-28 14:44:32', NULL, NULL, '', 0.00, 0.00, 0.00, 'Enrolled', NULL, NULL, NULL),
(19, 11, 'Prelims', 1.00, 'Excellent', '2025-12-01 09:13:44', NULL, NULL, '', 0.00, 0.00, 0.00, 'Enrolled', NULL, NULL, NULL),
(21, 9, 'Semifinals', 1.75, 'Satisfactory', '2025-12-21 12:36:14', NULL, NULL, '', 0.00, 0.00, 0.00, 'Enrolled', NULL, NULL, NULL),
(22, 0, 'Prelims', 0.00, 'Excellent', '2026-01-11 14:26:17', NULL, NULL, 'IT 302', 1.00, 1.00, 1.00, 'Passed', '2', 'Bachelor of Science ', '2nd Sem'),
(25, 15, 'Prelims', 5.00, 'Failed', '2026-01-13 14:45:26', NULL, NULL, '', 0.00, 0.00, 0.00, 'Enrolled', NULL, NULL, NULL),
(27, 37, 'Prelims', 1.00, 'Excellent', '2026-01-13 16:59:02', NULL, NULL, '', 0.00, 0.00, 0.00, 'Enrolled', NULL, NULL, NULL),
(28, 17, 'Prelims', 1.00, 'Excellent', '2026-01-13 16:59:02', NULL, NULL, '', 0.00, 0.00, 0.00, 'Enrolled', NULL, NULL, NULL),
(29, 28, 'Prelims', 1.00, 'Excellent', '2026-01-13 16:59:02', NULL, NULL, '', 0.00, 0.00, 0.00, 'Enrolled', NULL, NULL, NULL),
(30, 32, 'Prelims', 1.00, 'Excellent', '2026-01-13 16:59:02', NULL, NULL, '', 0.00, 0.00, 0.00, 'Enrolled', NULL, NULL, NULL),
(31, 12, 'Prelims', 1.00, 'Excellent', '2026-01-13 17:01:44', NULL, NULL, '', 0.00, 0.00, 0.00, 'Enrolled', NULL, NULL, NULL);

-- --------------------------------------------------------

--
-- Table structure for table `gradesummary`
--

CREATE TABLE `gradesummary` (
  `GradeID` int(11) NOT NULL,
  `StudID` int(11) NOT NULL,
  `schedule_id` int(11) NOT NULL,
  `QuizGrade` decimal(5,2) DEFAULT 0.00,
  `AssignmentGrade` decimal(5,2) DEFAULT 0.00,
  `ActivityGrade` decimal(5,2) DEFAULT 0.00,
  `ExamGrade` decimal(5,2) DEFAULT 0.00,
  `FinalGrade` decimal(5,2) DEFAULT 0.00,
  `Remarks` varchar(255) DEFAULT NULL,
  `UpdatedAt` timestamp NOT NULL DEFAULT current_timestamp() ON UPDATE current_timestamp(),
  `UpdatedBy` int(11) DEFAULT NULL
) ENGINE=InnoDB DEFAULT CHARSET=utf8mb4 COLLATE=utf8mb4_general_ci;

-- --------------------------------------------------------

--
-- Table structure for table `grade_reads`
--

CREATE TABLE `grade_reads` (
  `id` int(11) NOT NULL,
  `grade_id` varchar(50) DEFAULT NULL,
  `student_id` varchar(50) DEFAULT NULL,
  `subject_code` varchar(50) DEFAULT NULL,
  `read_at` timestamp NOT NULL DEFAULT current_timestamp()
) ENGINE=InnoDB DEFAULT CHARSET=utf8mb4 COLLATE=utf8mb4_general_ci;

--
-- Dumping data for table `grade_reads`
--

INSERT INTO `grade_reads` (`id`, `grade_id`, `student_id`, `subject_code`, `read_at`) VALUES
(1, '26', '128', 'ITP 101', '2026-01-13 07:08:37');

-- --------------------------------------------------------

--
-- Table structure for table `grade_scale`
--

CREATE TABLE `grade_scale` (
  `scale_id` int(11) NOT NULL,
  `grade_point` decimal(3,2) NOT NULL,
  `description` varchar(50) NOT NULL,
  `min_percentage` decimal(5,2) DEFAULT NULL,
  `max_percentage` decimal(5,2) DEFAULT NULL,
  `remarks` varchar(100) DEFAULT NULL
) ENGINE=InnoDB DEFAULT CHARSET=utf8mb4 COLLATE=utf8mb4_general_ci;

--
-- Dumping data for table `grade_scale`
--

INSERT INTO `grade_scale` (`scale_id`, `grade_point`, `description`, `min_percentage`, `max_percentage`, `remarks`) VALUES
(1, 1.00, 'Excellent', 98.00, 100.00, 'Highest distinction'),
(2, 1.25, 'Very Good', 95.00, 97.99, 'Outstanding performance'),
(3, 1.50, 'Good', 92.00, 94.99, 'Above average performance'),
(4, 1.75, 'Satisfactory', 89.00, 91.99, 'Meets basic expectations'),
(6, 5.00, 'Failed', 0.00, 85.99, 'Does not meet requirements');

-- --------------------------------------------------------

--
-- Table structure for table `grading_periods`
--

CREATE TABLE `grading_periods` (
  `grading_period_id` int(11) NOT NULL,
  `name` enum('Prelims','Midterms','Semifinals','Finals') NOT NULL,
  `period_weight` decimal(5,2) DEFAULT 100.00,
  `created_at` datetime DEFAULT current_timestamp()
) ENGINE=InnoDB DEFAULT CHARSET=utf8mb4 COLLATE=utf8mb4_general_ci;

--
-- Dumping data for table `grading_periods`
--

INSERT INTO `grading_periods` (`grading_period_id`, `name`, `period_weight`, `created_at`) VALUES
(1, 'Prelims', 25.00, '2025-11-20 15:13:04'),
(2, 'Midterms', 25.00, '2025-11-20 15:13:04'),
(3, 'Semifinals', 25.00, '2025-11-20 15:13:04'),
(4, 'Finals', 25.00, '2025-11-20 15:13:04');

-- --------------------------------------------------------

--
-- Table structure for table `guards`
--

CREATE TABLE `guards` (
  `guard_id` int(11) NOT NULL,
  `username` varchar(50) NOT NULL,
  `password` varchar(255) NOT NULL,
  `full_name` varchar(100) DEFAULT NULL,
  `is_active` tinyint(1) DEFAULT 1
) ENGINE=InnoDB DEFAULT CHARSET=utf8mb4 COLLATE=utf8mb4_general_ci;

--
-- Dumping data for table `guards`
--

INSERT INTO `guards` (`guard_id`, `username`, `password`, `full_name`, `is_active`) VALUES
(1, 'guard1', '$2y$10$MLxEKk2ip6flfvSD4zZte.mYvCjOlAaRlLA7H5DkPhOFfVsxNCiqq', NULL, 1);

-- --------------------------------------------------------

--
-- Table structure for table `guidance_settings`
--

CREATE TABLE `guidance_settings` (
  `setting_id` int(11) NOT NULL,
  `setting_key` varchar(100) NOT NULL,
  `setting_value` text DEFAULT NULL,
  `description` text DEFAULT NULL,
  `category` varchar(50) DEFAULT NULL,
  `updated_by` int(11) DEFAULT NULL,
  `updated_at` timestamp NOT NULL DEFAULT current_timestamp() ON UPDATE current_timestamp()
) ENGINE=InnoDB DEFAULT CHARSET=utf8mb4 COLLATE=utf8mb4_general_ci;

--
-- Dumping data for table `guidance_settings`
--

INSERT INTO `guidance_settings` (`setting_id`, `setting_key`, `setting_value`, `description`, `category`, `updated_by`, `updated_at`) VALUES
(4, 'system_name', 'ADFC Guidance System', 'Name of the guidance system', 'general', 1, '2025-12-08 00:05:22'),
(5, 'school_year', '2024-2025', 'Current academic school year', 'general', 1, '2025-12-08 00:05:22'),
(6, 'timezone', 'Asia/Manila', 'System timezone for all date/time operations', 'general', 1, '2025-12-08 00:05:22'),
(7, 'date_format', 'MM/DD/YYYY', 'Preferred date display format', 'general', 1, '2025-12-08 00:05:22'),
(8, 'max_users', '50', 'Maximum number of users allowed in the system', 'user_management', 1, '2025-12-08 00:05:22'),
(9, 'session_timeout', '30', 'User session timeout in minutes', 'user_management', 1, '2025-12-08 00:05:22'),
(10, 'allow_registration', '1', 'Allow new users to register themselves', 'user_management', 1, '2025-12-08 00:05:22'),
(11, 'require_approval', '0', 'New users require admin approval', 'user_management', 1, '2025-12-08 00:05:22'),
(12, 'email_notifications', '1', 'Send notifications via email', 'notifications', 1, '2025-12-08 00:05:22'),
(13, 'appointment_reminders', '1', 'Send appointment reminders', 'notifications', 1, '2025-12-08 00:05:22'),
(14, 'case_updates', '0', 'Notify on case status changes', 'notifications', 1, '2025-12-08 00:05:22'),
(15, 'reminder_time', '1 hour', 'Time before appointments to send reminders', 'notifications', 1, '2025-12-08 00:05:22'),
(16, 'backup_frequency', 'Weekly', 'Frequency of automatic database backups', 'data_management', 1, '2025-12-08 00:05:22'),
(17, 'retention_period', '3 years', 'How long to keep records before archiving', 'data_management', 1, '2025-12-08 00:05:22'),
(18, 'anonymize_records', '0', 'Remove personal data from old records', 'data_management', 1, '2025-12-08 00:05:22'),
(19, 'two_factor_auth', '0', 'Require 2FA for all users', 'security', 1, '2025-11-23 03:13:37'),
(20, 'password_policy', '1', 'Require strong passwords', 'security', 1, '2025-12-08 00:05:22'),
(21, 'password_expiry', '90', 'Number of days before passwords expire', 'security', 1, '2025-12-08 00:05:22'),
(22, 'login_attempts', '5', 'Maximum failed login attempts before lockout', 'security', 1, '2025-12-08 00:05:22'),
(23, 'theme', 'Light', 'System visual theme', 'appearance', 1, '2025-12-08 00:05:22'),
(24, 'language', 'English', 'System language', 'appearance', 1, '2025-12-08 00:05:22'),
(25, 'compact_mode', '0', 'Use compact interface elements', 'appearance', 1, '2025-12-08 00:05:23'),
(26, 'high_contrast', '0', 'Increase color contrast for accessibility', 'appearance', 1, '2025-12-08 00:05:23'),
(27, 'default_reminder_hours', '24', 'Default reminder hours before appointment', 'appointments', 1, '2025-12-05 14:25:35');

-- --------------------------------------------------------

--
-- Table structure for table `guidance_users`
--

CREATE TABLE `guidance_users` (
  `GuidanceUserID` int(11) NOT NULL,
  `UserID` int(11) NOT NULL,
  `profile_picture` varchar(255) DEFAULT NULL,
  `contact_number` varchar(50) DEFAULT NULL,
  `created_at` timestamp NOT NULL DEFAULT current_timestamp(),
  `updated_at` timestamp NOT NULL DEFAULT current_timestamp() ON UPDATE current_timestamp()
) ENGINE=InnoDB DEFAULT CHARSET=utf8mb4 COLLATE=utf8mb4_unicode_ci;

--
-- Dumping data for table `guidance_users`
--

INSERT INTO `guidance_users` (`GuidanceUserID`, `UserID`, `profile_picture`, `contact_number`, `created_at`, `updated_at`) VALUES
(1, 4, NULL, NULL, '2026-01-09 16:25:47', '2026-01-09 16:25:47');

-- --------------------------------------------------------

--
-- Table structure for table `holidays`
--

CREATE TABLE `holidays` (
  `holiday_id` int(11) NOT NULL,
  `holiday_name` varchar(100) DEFAULT NULL,
  `holiday_date` date DEFAULT NULL,
  `holiday_type` enum('regular','special_non_working','special_working') DEFAULT NULL,
  `end_date` date DEFAULT NULL,
  `start_date` date DEFAULT NULL
) ENGINE=InnoDB DEFAULT CHARSET=utf8mb4 COLLATE=utf8mb4_general_ci;

-- --------------------------------------------------------

--
-- Table structure for table `honors_classification`
--

CREATE TABLE `honors_classification` (
  `id` int(11) NOT NULL,
  `title` varchar(50) NOT NULL,
  `gpa_min` decimal(3,2) NOT NULL,
  `gpa_max` decimal(3,2) NOT NULL
) ENGINE=InnoDB DEFAULT CHARSET=utf8mb4 COLLATE=utf8mb4_general_ci;

--
-- Dumping data for table `honors_classification`
--

INSERT INTO `honors_classification` (`id`, `title`, `gpa_min`, `gpa_max`) VALUES
(1, 'Summa Cum Laude', 1.00, 1.00),
(2, 'Magna Cum Laude', 1.01, 1.24),
(3, 'Cum Laude', 1.25, 1.75),
(4, 'With Honors', 1.76, 2.00);

-- --------------------------------------------------------

--
-- Table structure for table `instructor`
--

CREATE TABLE `instructor` (
  `InsID` int(11) NOT NULL,
  `FName` varchar(50) NOT NULL,
  `LName` varchar(50) NOT NULL,
  `MI` varchar(5) DEFAULT NULL,
  `ExtName` varchar(10) DEFAULT NULL,
  `Sex` varchar(10) DEFAULT NULL,
  `email` varchar(255) NOT NULL,
  `HighestDeg` varchar(100) DEFAULT NULL,
  `ProfLicense` varchar(50) DEFAULT NULL,
  `DeptID` int(11) DEFAULT NULL,
  `PrimaryTeachingDisp` varchar(20) DEFAULT NULL,
  `FullTimePartTime` varchar(20) DEFAULT NULL,
  `BachelorDegree` varchar(100) DEFAULT NULL,
  `BachelorSchoolID` varchar(50) DEFAULT NULL,
  `MastersDegree` varchar(100) DEFAULT NULL,
  `MastersSchoolID` varchar(50) DEFAULT NULL,
  `DoctorateDegree` varchar(100) DEFAULT NULL,
  `DoctorateSchoolID` varchar(50) DEFAULT NULL,
  `Tenure` varchar(20) DEFAULT NULL,
  `FacultyRank` varchar(20) DEFAULT NULL,
  `TeachingLoad` varchar(20) DEFAULT NULL,
  `SubjectsTaught` text DEFAULT NULL,
  `AnnualSalary` decimal(12,2) DEFAULT NULL,
  `user_id` int(11) DEFAULT NULL,
  `username` varchar(100) DEFAULT NULL,
  `password` varchar(255) DEFAULT NULL,
  `department` varchar(50) DEFAULT NULL COMMENT 'Assigned department',
  `max_hours_week` int(11) NOT NULL COMMENT 'Maximum teaching hours per week',
  `availability` varchar(100) DEFAULT NULL COMMENT 'Available schedule slots',
  `created_at` timestamp NOT NULL DEFAULT current_timestamp(),
  `updated_at` timestamp NOT NULL DEFAULT current_timestamp() ON UPDATE current_timestamp()
) ENGINE=InnoDB DEFAULT CHARSET=utf8mb4 COLLATE=utf8mb4_general_ci;

--
-- Dumping data for table `instructor`
--

INSERT INTO `instructor` (`InsID`, `FName`, `LName`, `MI`, `ExtName`, `Sex`, `email`, `HighestDeg`, `ProfLicense`, `DeptID`, `PrimaryTeachingDisp`, `FullTimePartTime`, `BachelorDegree`, `BachelorSchoolID`, `MastersDegree`, `MastersSchoolID`, `DoctorateDegree`, `DoctorateSchoolID`, `Tenure`, `FacultyRank`, `TeachingLoad`, `SubjectsTaught`, `AnnualSalary`, `user_id`, `username`, `password`, `department`, `max_hours_week`, `availability`, `created_at`, `updated_at`) VALUES
(1, 'Prof.', 'Francisco Rivas', '', 'Jr', '1', '', '903', '24', 1, '460100', '1', 'Bachelor of Science in Information Technology', '178916', 'Master in Information Technology', '178912', '', '', '1', '20', '30', 'System Integration, System Architecture', 8.00, 2, 'francisco', NULL, 'IT', 12, 'MWF 7:00-6:00', '2026-01-13 13:29:52', '2026-01-13 13:29:52'),
(3, 'Dennis', 'Gresola', 'P', '', '1', '', '904', '24', 1, '460101', '1', 'Bachelor of Science in Information Technology', '178912', '', '', '', '', '1', '20', '20', 'platform technology', 8.00, 43, 'dens', NULL, 'IT', 10, 'TTH 7:00-5:00', '2026-01-13 13:29:52', '2026-01-13 13:29:52');

-- --------------------------------------------------------

--
-- Table structure for table `job_positions`
--

CREATE TABLE `job_positions` (
  `position_id` int(11) NOT NULL,
  `department_id` int(11) DEFAULT NULL,
  `position_name` varchar(100) DEFAULT NULL,
  `working_hours_per_day` decimal(5,2) DEFAULT 8.00,
  `rate_per_day` decimal(10,2) DEFAULT 0.00,
  `rate_per_hour` decimal(10,2) DEFAULT 0.00,
  `payroll_frequency` enum('weekly','bi-weekly','monthly') DEFAULT 'bi-weekly',
  `created_at` timestamp NULL DEFAULT NULL,
  `updated_at` timestamp NULL DEFAULT NULL
) ENGINE=InnoDB DEFAULT CHARSET=utf8mb4 COLLATE=utf8mb4_general_ci;

--
-- Dumping data for table `job_positions`
--

INSERT INTO `job_positions` (`position_id`, `department_id`, `position_name`, `working_hours_per_day`, `rate_per_day`, `rate_per_hour`, `payroll_frequency`, `created_at`, `updated_at`) VALUES
(2, NULL, 'IT Instructor', 8.00, 130.00, 16.25, 'bi-weekly', '2025-12-28 04:25:08', NULL),
(4, NULL, 'vakljg', 8.00, 128.00, 16.00, 'bi-weekly', '2026-01-13 04:23:26', NULL),
(5, NULL, 'Cashier', 8.00, 150.00, 18.75, 'bi-weekly', '2026-01-13 07:24:52', NULL);

-- --------------------------------------------------------

--
-- Table structure for table `keys_m`
--

CREATE TABLE `keys_m` (
  `KeyID` int(11) NOT NULL,
  `key_name` varchar(100) DEFAULT NULL,
  `description` varchar(255) DEFAULT NULL,
  `status` varchar(50) DEFAULT NULL,
  `created_at` timestamp NOT NULL DEFAULT current_timestamp(),
  `Room_ID` varchar(50) DEFAULT NULL,
  `Key_Code` varchar(100) NOT NULL,
  `QRCode` varchar(255) DEFAULT NULL,
  `Location` varchar(150) DEFAULT NULL,
  `Date_Added` timestamp NOT NULL DEFAULT current_timestamp()
) ENGINE=InnoDB DEFAULT CHARSET=utf8mb4 COLLATE=utf8mb4_general_ci;

--
-- Dumping data for table `keys_m`
--

INSERT INTO `keys_m` (`KeyID`, `key_name`, `description`, `status`, `created_at`, `Room_ID`, `Key_Code`, `QRCode`, `Location`, `Date_Added`) VALUES
(2, NULL, NULL, 'available', '2026-01-09 19:35:23', 'LAB1', 'K-LAB1', 'K-LAB1', 'Laboratory 1', '2026-01-09 12:35:23'),
(3, NULL, NULL, 'available', '2026-01-09 19:35:36', 'LAB2', 'K-LAB2', 'K-LAB2', 'Laboratory 2', '2026-01-09 12:35:36'),
(0, NULL, NULL, 'available', '2026-01-13 07:08:27', 'LAB3', 'K-LAB3', 'K-LAB3', 'Laboratory 3', '2026-01-13 00:08:27');

-- --------------------------------------------------------

--
-- Table structure for table `key_logs`
--

CREATE TABLE `key_logs` (
  `LogID` int(11) NOT NULL,
  `KeyID` int(11) NOT NULL,
  `Key_UserID` int(11) NOT NULL,
  `Location` varchar(150) NOT NULL,
  `Date` date NOT NULL,
  `TimeBorrowed` time NOT NULL,
  `TimeReturned` time DEFAULT NULL,
  `DueDate` datetime NOT NULL,
  `Status` enum('Borrowed','Returned','Overdue','Lost') NOT NULL,
  `created_at` timestamp NOT NULL DEFAULT current_timestamp(),
  `updated_at` timestamp NOT NULL DEFAULT current_timestamp() ON UPDATE current_timestamp(),
  `overdue_notified` tinyint(1) DEFAULT 0
) ENGINE=InnoDB DEFAULT CHARSET=utf8mb4 COLLATE=utf8mb4_general_ci;

--
-- Dumping data for table `key_logs`
--

INSERT INTO `key_logs` (`LogID`, `KeyID`, `Key_UserID`, `Location`, `Date`, `TimeBorrowed`, `TimeReturned`, `DueDate`, `Status`, `created_at`, `updated_at`, `overdue_notified`) VALUES
(1, 2, 2, 'Laboratory 1', '2026-01-10', '03:36:29', NULL, '2026-01-10 16:45:00', 'Overdue', '2026-01-09 19:36:29', '2026-01-11 05:15:49', 0),
(0, 0, 0, 'Laboratory 3', '2026-01-13', '15:10:15', NULL, '2026-01-13 06:11:00', 'Overdue', '2026-01-13 07:10:15', '2026-01-13 07:30:41', 0);

-- --------------------------------------------------------

--
-- Table structure for table `key_management_security`
--

CREATE TABLE `key_management_security` (
  `id_security` int(11) NOT NULL,
  `key_name_security` varchar(100) NOT NULL,
  `key_code_security` varchar(50) NOT NULL,
  `key_type_id_security` int(11) NOT NULL,
  `location_security` varchar(100) NOT NULL,
  `current_holder_security` int(11) DEFAULT NULL,
  `borrowed_at_security` timestamp NULL DEFAULT NULL,
  `expected_return_security` timestamp NULL DEFAULT NULL,
  `actual_return_security` timestamp NULL DEFAULT NULL,
  `status_security` enum('available','borrowed','maintenance','lost','retired') DEFAULT 'available',
  `condition_notes_security` text DEFAULT NULL,
  `last_maintenance_security` date DEFAULT NULL,
  `created_by_security` int(11) NOT NULL,
  `created_at_security` timestamp NOT NULL DEFAULT current_timestamp(),
  `updated_at_security` timestamp NOT NULL DEFAULT current_timestamp() ON UPDATE current_timestamp(),
  `student_id_security` int(11) DEFAULT NULL
) ENGINE=InnoDB DEFAULT CHARSET=utf8mb4 COLLATE=utf8mb4_general_ci;

--
-- Dumping data for table `key_management_security`
--

INSERT INTO `key_management_security` (`id_security`, `key_name_security`, `key_code_security`, `key_type_id_security`, `location_security`, `current_holder_security`, `borrowed_at_security`, `expected_return_security`, `actual_return_security`, `status_security`, `condition_notes_security`, `last_maintenance_security`, `created_by_security`, `created_at_security`, `updated_at_security`, `student_id_security`) VALUES
(1, 'Lab 1 Key', 'KEY-LAB 1', 1, 'First Floor Laboratory', NULL, NULL, NULL, NULL, 'available', NULL, NULL, 1, '2025-10-27 19:30:05', '2025-12-01 23:28:59', NULL),
(2, 'Lab 2 Key', 'KEY-LAB-2', 1, 'First Floor Laboratory', NULL, NULL, NULL, NULL, 'available', NULL, NULL, 1, '2025-10-27 19:30:05', '2025-12-01 23:30:00', NULL),
(3, 'Lab 3 Key', 'KEY-LAB-3', 1, 'First Floor Laboratory', NULL, NULL, NULL, '2025-11-23 08:33:54', 'available', NULL, NULL, 1, '2025-10-27 19:30:05', '2025-12-01 23:30:35', NULL),
(4, 'Faculty Room', 'KEY-FAC', 1, 'Faculty Building Room ', NULL, NULL, NULL, '2025-12-10 14:04:03', 'available', '\nStatus Update: OK pamn', NULL, 1, '2025-10-27 19:30:05', '2025-12-10 14:04:28', NULL),
(7, 'Key Room 208', 'Key 208', 1, 'Second Floor Room 208', NULL, NULL, NULL, NULL, 'available', '', NULL, 12, '2025-12-02 05:20:34', '2025-12-02 05:20:34', NULL),
(8, 'Key Room 206', 'Key 206', 1, 'Second Floor Room 206', 16, '2025-12-19 23:27:06', '2025-12-20 19:26:00', '2025-12-20 19:26:00', 'available', '', NULL, 12, '2025-12-02 05:23:45', '2025-12-19 23:27:06', NULL),
(9, 'Key Room 305', 'Key 305', 1, 'Third Floor Room 305', NULL, NULL, NULL, NULL, 'available', '', NULL, 12, '2025-12-02 05:30:03', '2025-12-02 05:30:03', NULL),
(10, 'Key Room 302', 'Key 302', 1, 'Third Floor', NULL, NULL, NULL, NULL, 'available', 'OK pa', NULL, 13, '2025-12-08 12:42:40', '2025-12-08 12:42:40', NULL),
(100, 'Key Room 308', 'Key 308', 1, 'Third Floor', NULL, NULL, NULL, NULL, 'available', '', NULL, 13, '2025-12-20 05:25:49', '2025-12-20 05:26:09', NULL);

-- --------------------------------------------------------

--
-- Table structure for table `key_transaction_logs_security`
--

CREATE TABLE `key_transaction_logs_security` (
  `id_security` int(11) NOT NULL,
  `key_id_security` int(11) NOT NULL,
  `user_id_security` int(11) NOT NULL,
  `transaction_type_security` enum('borrow','return','maintenance','transfer') NOT NULL,
  `transaction_time_security` timestamp NOT NULL DEFAULT current_timestamp(),
  `notes_security` text DEFAULT NULL,
  `admin_id_security` int(11) DEFAULT NULL,
  `student_id_security` int(11) DEFAULT NULL
) ENGINE=InnoDB DEFAULT CHARSET=utf8mb4 COLLATE=utf8mb4_general_ci;

--
-- Dumping data for table `key_transaction_logs_security`
--

INSERT INTO `key_transaction_logs_security` (`id_security`, `key_id_security`, `user_id_security`, `transaction_type_security`, `transaction_time_security`, `notes_security`, `admin_id_security`, `student_id_security`) VALUES
(100, 8, 16, 'borrow', '2025-12-19 23:27:06', '', 10, NULL);

-- --------------------------------------------------------

--
-- Table structure for table `key_types_security`
--

CREATE TABLE `key_types_security` (
  `id_security` int(11) NOT NULL,
  `type_name_security` varchar(50) NOT NULL,
  `description_security` text DEFAULT NULL,
  `is_active_security` tinyint(1) DEFAULT 1,
  `created_at_security` timestamp NOT NULL DEFAULT current_timestamp()
) ENGINE=InnoDB DEFAULT CHARSET=utf8mb4 COLLATE=utf8mb4_general_ci;

--
-- Dumping data for table `key_types_security`
--

INSERT INTO `key_types_security` (`id_security`, `type_name_security`, `description_security`, `is_active_security`, `created_at_security`) VALUES
(1, 'Room Key', 'Keys for individual rooms and offices', 1, '2025-10-28 03:30:05'),
(2, 'Master Key', 'Master keys for building access', 1, '2025-10-28 03:30:05'),
(3, 'Cabinet Key', 'Keys for storage cabinets and lockers', 1, '2025-10-28 03:30:05'),
(4, 'Vehicle Key', 'Keys for institutional vehicles', 1, '2025-10-28 03:30:05'),
(5, 'Special Access', 'Keys for restricted areas', 1, '2025-10-28 03:30:05');

-- --------------------------------------------------------

--
-- Table structure for table `key_users`
--

CREATE TABLE `key_users` (
  `Key_UsersID` int(11) NOT NULL,
  `Lname` varchar(100) NOT NULL,
  `Fname` varchar(100) NOT NULL,
  `Department` varchar(100) NOT NULL,
  `Role` enum('Instructor','Staff') NOT NULL,
  `Email` varchar(150) NOT NULL,
  `created_at` timestamp NOT NULL DEFAULT current_timestamp(),
  `updated_at` timestamp NOT NULL DEFAULT current_timestamp() ON UPDATE current_timestamp()
) ENGINE=InnoDB DEFAULT CHARSET=utf8mb4 COLLATE=utf8mb4_general_ci;

--
-- Dumping data for table `key_users`
--

INSERT INTO `key_users` (`Key_UsersID`, `Lname`, `Fname`, `Department`, `Role`, `Email`, `created_at`, `updated_at`) VALUES
(1, 'Rivas', 'Francisco', 'IT', 'Instructor', 'francisco@gmail.com', '2026-01-09 19:35:55', '2026-01-09 19:35:55'),
(2, 'Auxley', 'Klyxion', 'IT', 'Instructor', 'klyxion19@gmail.com', '2026-01-09 19:36:14', '2026-01-09 19:36:14'),
(0, 'Gresola', 'Dennis', 'IT', 'Instructor', 'gresola@gmail.com', '2026-01-13 07:07:24', '2026-01-13 07:07:24');

-- --------------------------------------------------------

--
-- Table structure for table `laboratories_security`
--

CREATE TABLE `laboratories_security` (
  `id_security` int(11) NOT NULL,
  `lab_code_security` varchar(20) NOT NULL,
  `lab_name_security` varchar(100) NOT NULL,
  `building_security` varchar(50) NOT NULL,
  `room_number_security` varchar(20) NOT NULL,
  `capacity_security` int(11) DEFAULT NULL,
  `is_active_security` tinyint(1) DEFAULT 1,
  `created_at_security` timestamp NOT NULL DEFAULT current_timestamp(),
  `student_id_security` int(11) DEFAULT NULL
) ENGINE=InnoDB DEFAULT CHARSET=utf8mb4 COLLATE=utf8mb4_general_ci;

--
-- Dumping data for table `laboratories_security`
--

INSERT INTO `laboratories_security` (`id_security`, `lab_code_security`, `lab_name_security`, `building_security`, `room_number_security`, `capacity_security`, `is_active_security`, `created_at_security`, `student_id_security`) VALUES
(1, 'LAB-1', 'Computer Laboratory 1', 'First Floor', 'Room Lab 1', 40, 1, '2025-10-28 03:30:05', NULL),
(2, 'LAB-2', 'Computer Laboratory 2', 'First Floor', 'Room Lab 2', 40, 1, '2025-10-28 03:30:05', NULL),
(3, 'LAB-3', 'Computer Laboratory 3', 'First Floor', 'Room Lab 3', 40, 1, '2025-10-28 03:30:05', NULL);

-- --------------------------------------------------------

--
-- Table structure for table `lab_access_logs_security`
--

CREATE TABLE `lab_access_logs_security` (
  `id_security` int(11) NOT NULL,
  `user_id_security` int(11) NOT NULL,
  `lab_id_security` int(11) NOT NULL,
  `access_type_security` enum('entry','exit') NOT NULL,
  `access_time_security` timestamp NOT NULL DEFAULT current_timestamp(),
  `purpose_security` varchar(200) DEFAULT NULL,
  `notes_security` text DEFAULT NULL,
  `student_id_security` int(11) DEFAULT NULL
) ENGINE=InnoDB DEFAULT CHARSET=utf8mb4 COLLATE=utf8mb4_general_ci;

-- --------------------------------------------------------

--
-- Table structure for table `lab_equipment_security`
--

CREATE TABLE `lab_equipment_security` (
  `id_security` int(11) NOT NULL,
  `lab_id_security` int(11) NOT NULL,
  `equipment_name_security` varchar(100) NOT NULL,
  `model_security` varchar(100) DEFAULT NULL,
  `serial_number_security` varchar(100) DEFAULT NULL,
  `purchase_date_security` date DEFAULT NULL,
  `warranty_expiry_security` date DEFAULT NULL,
  `status_security` enum('operational','maintenance','damaged','retired') DEFAULT 'operational',
  `last_maintenance_security` date DEFAULT NULL,
  `next_maintenance_security` date DEFAULT NULL,
  `notes_security` text DEFAULT NULL,
  `created_at_security` timestamp NOT NULL DEFAULT current_timestamp(),
  `updated_at_security` timestamp NOT NULL DEFAULT current_timestamp() ON UPDATE current_timestamp(),
  `student_id_security` int(11) DEFAULT NULL
) ENGINE=InnoDB DEFAULT CHARSET=utf8mb4 COLLATE=utf8mb4_general_ci;

--
-- Dumping data for table `lab_equipment_security`
--

INSERT INTO `lab_equipment_security` (`id_security`, `lab_id_security`, `equipment_name_security`, `model_security`, `serial_number_security`, `purchase_date_security`, `warranty_expiry_security`, `status_security`, `last_maintenance_security`, `next_maintenance_security`, `notes_security`, `created_at_security`, `updated_at_security`, `student_id_security`) VALUES
(1, 1, 'Desktop Computer', 'Dell Optiplex 7070', 'SN-DELL-001', NULL, NULL, 'operational', NULL, NULL, NULL, '2025-10-28 03:30:05', '2025-10-28 03:30:05', NULL),
(2, 1, 'Monitor', 'Dell 24-inch', 'SN-MON-001', NULL, NULL, 'operational', NULL, NULL, NULL, '2025-10-28 03:30:05', '2025-10-28 03:30:05', NULL),
(3, 1, 'Network Switch', 'Cisco 24-port', 'SN-CISCO-001', NULL, NULL, 'operational', NULL, NULL, NULL, '2025-10-28 03:30:05', '2025-10-28 03:30:05', NULL),
(4, 2, 'Desktop Computer', 'HP ProDesk', 'SN-HP-001', NULL, NULL, 'maintenance', NULL, NULL, NULL, '2025-10-28 03:30:05', '2025-10-28 03:30:05', NULL);

-- --------------------------------------------------------

--
-- Table structure for table `lab_incidents_security`
--

CREATE TABLE `lab_incidents_security` (
  `id_security` int(11) NOT NULL,
  `reported_by_security` int(11) NOT NULL,
  `lab_id_security` int(11) NOT NULL,
  `equipment_id_security` int(11) DEFAULT NULL,
  `incident_type_security` enum('damage','theft','unauthorized_access','software_issue','maintenance','other') NOT NULL,
  `title_security` varchar(200) NOT NULL,
  `description_security` text NOT NULL,
  `severity_security` enum('low','medium','high','critical') NOT NULL,
  `status_security` enum('reported','under_review','in_progress','resolved','closed') DEFAULT 'reported',
  `reported_date_security` date NOT NULL,
  `estimated_cost_security` decimal(10,2) DEFAULT NULL,
  `resolution_notes_security` text DEFAULT NULL,
  `resolved_by_security` int(11) DEFAULT NULL,
  `resolved_at_security` timestamp NULL DEFAULT NULL,
  `created_at_security` timestamp NOT NULL DEFAULT current_timestamp(),
  `updated_at_security` timestamp NOT NULL DEFAULT current_timestamp() ON UPDATE current_timestamp(),
  `student_id_security` int(11) DEFAULT NULL
) ENGINE=InnoDB DEFAULT CHARSET=utf8mb4 COLLATE=utf8mb4_general_ci;

--
-- Dumping data for table `lab_incidents_security`
--

INSERT INTO `lab_incidents_security` (`id_security`, `reported_by_security`, `lab_id_security`, `equipment_id_security`, `incident_type_security`, `title_security`, `description_security`, `severity_security`, `status_security`, `reported_date_security`, `estimated_cost_security`, `resolution_notes_security`, `resolved_by_security`, `resolved_at_security`, `created_at_security`, `updated_at_security`, `student_id_security`) VALUES
(5, 13, 1, 1, 'damage', 'Naguba an monitor', 'Naguba', 'medium', 'reported', '2025-12-07', 1500.00, NULL, NULL, NULL, '2025-12-06 22:45:45', '2025-12-06 22:45:45', NULL);

-- --------------------------------------------------------

--
-- Table structure for table `learningmaterials`
--

CREATE TABLE `learningmaterials` (
  `MaterialID` int(11) NOT NULL,
  `schedule_id` int(11) NOT NULL,
  `FolderID` int(11) DEFAULT NULL,
  `Title` varchar(255) NOT NULL,
  `Description` text DEFAULT NULL,
  `FilePath` varchar(500) NOT NULL,
  `FileName` varchar(255) NOT NULL,
  `FileType` varchar(50) NOT NULL,
  `FileSize` int(11) NOT NULL,
  `Downloads` int(11) DEFAULT 0,
  `UploadedBy` int(11) NOT NULL,
  `UploadedAt` timestamp NOT NULL DEFAULT current_timestamp(),
  `UpdatedAt` timestamp NOT NULL DEFAULT current_timestamp() ON UPDATE current_timestamp(),
  `IsPublished` tinyint(1) DEFAULT 1
) ENGINE=InnoDB DEFAULT CHARSET=utf8mb4 COLLATE=utf8mb4_general_ci;

--
-- Dumping data for table `learningmaterials`
--

INSERT INTO `learningmaterials` (`MaterialID`, `schedule_id`, `FolderID`, `Title`, `Description`, `FilePath`, `FileName`, `FileType`, `FileSize`, `Downloads`, `UploadedBy`, `UploadedAt`, `UpdatedAt`, `IsPublished`) VALUES
(1, 3, NULL, 'FINAL PROJECT DOCUMENT SIA', NULL, 'file_6964e3a58a4f2_1768219557.docx', 'FINAL-PROJECT-DOCUMENT-SIA.docx', 'docx', 24713340, 0, 6, '2026-01-12 12:05:57', '2026-01-12 12:05:57', 1),
(2, 3, NULL, 'FINAL PROJECT DOCUMENT SIA', NULL, 'file_6965ea74df1bf_1768286836.docx', 'FINAL-PROJECT-DOCUMENT-SIA.docx', 'docx', 24713340, 0, 6, '2026-01-13 06:47:16', '2026-01-13 06:47:16', 1),
(3, 3, NULL, 'MATH', 'KAJFK MATH', 'material_6965ed0f9c938.docx', '', 'docx', 24713340, 0, 43, '2026-01-13 06:58:23', '2026-01-13 06:58:23', 1),
(4, 4, NULL, 'FINAL PROJECT DOCUMENT SIA', NULL, 'file_6965f3842ab35_1768289156.docx', 'FINAL-PROJECT-DOCUMENT-SIA.docx', 'docx', 24713340, 0, 6, '2026-01-13 07:25:56', '2026-01-13 07:25:56', 1);

-- --------------------------------------------------------

--
-- Table structure for table `leave_requests`
--

CREATE TABLE `leave_requests` (
  `leave_id` int(11) NOT NULL,
  `employee_id` int(11) DEFAULT NULL,
  `leave_type` varchar(50) DEFAULT NULL,
  `start_date` date DEFAULT NULL,
  `end_date` date DEFAULT NULL,
  `status` varchar(50) DEFAULT NULL,
  `days` int(11) DEFAULT NULL,
  `reason` text DEFAULT NULL,
  `deducted_from` varchar(50) DEFAULT NULL,
  `submitted_at` timestamp NULL DEFAULT NULL,
  `approved_at` timestamp NULL DEFAULT NULL,
  `approved_by` int(11) DEFAULT NULL,
  `proof_path` varchar(255) DEFAULT NULL,
  `admin_feedback` text DEFAULT NULL
) ENGINE=InnoDB DEFAULT CHARSET=utf8mb4 COLLATE=utf8mb4_general_ci;

-- --------------------------------------------------------

--
-- Table structure for table `login_attempts`
--

CREATE TABLE `login_attempts` (
  `id` int(11) NOT NULL,
  `username` varchar(50) NOT NULL,
  `ip_address` varchar(45) NOT NULL,
  `attempt_time` timestamp NOT NULL DEFAULT current_timestamp(),
  `successful` tinyint(1) DEFAULT 0
) ENGINE=InnoDB DEFAULT CHARSET=utf8mb4 COLLATE=utf8mb4_general_ci;

--
-- Dumping data for table `login_attempts`
--

INSERT INTO `login_attempts` (`id`, `username`, `ip_address`, `attempt_time`, `successful`) VALUES
(1, 'admin', '::1', '2026-01-12 22:44:01', 0),
(2, 'adminscholar', '::1', '2026-01-12 22:45:14', 1),
(3, 'adminscholar', '::1', '2026-01-12 22:50:03', 1),
(4, 'johnsmith', '::1', '2026-01-12 22:56:54', 1),
(5, 'lovely', '::1', '2026-01-13 01:00:54', 1),
(6, 'admin', '::1', '2026-01-13 01:42:22', 0),
(7, 'adminscholar', '::1', '2026-01-13 01:42:37', 1),
(8, 'lovely', '::1', '2026-01-13 01:57:32', 1),
(9, 'adminscholar', '192.168.0.135', '2026-01-13 06:52:29', 1),
(10, 'lovely', '192.168.0.135', '2026-01-13 07:24:31', 1),
(11, 'adminscholar', '192.168.0.135', '2026-01-13 07:31:47', 1),
(12, 'lovely', '192.168.0.131', '2026-01-13 07:47:36', 1),
(14, 'lovely', '192.168.0.135', '2026-01-13 08:01:15', 1),
(15, 'mar123', '192.168.0.135', '2026-01-13 08:18:47', 1),
(16, 'adminscholar', '192.168.0.135', '2026-01-13 08:20:00', 1);

-- --------------------------------------------------------

--
-- Table structure for table `lost_found_categories_security`
--

CREATE TABLE `lost_found_categories_security` (
  `id_security` int(11) NOT NULL,
  `category_name_security` varchar(50) NOT NULL,
  `description_security` text DEFAULT NULL,
  `is_active_security` tinyint(1) DEFAULT 1,
  `created_at_security` timestamp NOT NULL DEFAULT current_timestamp()
) ENGINE=InnoDB DEFAULT CHARSET=utf8mb4 COLLATE=utf8mb4_general_ci;

--
-- Dumping data for table `lost_found_categories_security`
--

INSERT INTO `lost_found_categories_security` (`id_security`, `category_name_security`, `description_security`, `is_active_security`, `created_at_security`) VALUES
(1, 'Electronics', 'Mobile phones, laptops, tablets, calculators, etc.', 1, '2025-10-28 03:30:05'),
(2, 'Documents', 'IDs, certificates, notebooks, books, etc.', 1, '2025-10-28 03:30:05'),
(3, 'Accessories', 'Bags, wallets, keys, jewelry, etc.', 1, '2025-10-28 03:30:05'),
(4, 'Clothing', 'Jackets, uniforms, hats, shoes, etc.', 1, '2025-10-28 03:30:05'),
(5, 'School Supplies', 'Pens, notebooks, binders, etc.', 1, '2025-10-28 03:30:05'),
(6, 'Personal Items', 'Water bottles, lunch boxes, etc.', 1, '2025-10-28 03:30:05');

-- --------------------------------------------------------

--
-- Table structure for table `lost_found_items_security`
--

CREATE TABLE `lost_found_items_security` (
  `id_security` int(11) NOT NULL,
  `reported_by_security` int(11) NOT NULL,
  `item_type_security` enum('lost','found') NOT NULL,
  `category_id_security` int(11) NOT NULL,
  `item_name_security` varchar(100) NOT NULL,
  `description_security` text NOT NULL,
  `location_found_security` varchar(100) NOT NULL,
  `date_reported_security` date NOT NULL,
  `date_occurred_security` date NOT NULL,
  `color_security` varchar(50) DEFAULT NULL,
  `brand_security` varchar(50) DEFAULT NULL,
  `serial_number_security` varchar(100) DEFAULT NULL,
  `contact_info_security` varchar(255) DEFAULT NULL,
  `status_security` enum('open','claimed','resolved','archived') DEFAULT 'open',
  `is_verified_security` tinyint(1) DEFAULT 0,
  `photo_path_security` varchar(255) DEFAULT NULL,
  `claimed_by_security` int(11) DEFAULT NULL,
  `claimed_at_security` timestamp NULL DEFAULT NULL,
  `resolved_by_security` int(11) DEFAULT NULL,
  `resolved_at_security` timestamp NULL DEFAULT NULL,
  `resolution_notes_security` text DEFAULT NULL,
  `verification_notes_security` text DEFAULT NULL,
  `created_at_security` timestamp NOT NULL DEFAULT current_timestamp(),
  `updated_at_security` timestamp NOT NULL DEFAULT current_timestamp() ON UPDATE current_timestamp(),
  `student_id_security` int(11) DEFAULT NULL
) ENGINE=InnoDB DEFAULT CHARSET=utf8mb4 COLLATE=utf8mb4_general_ci;

--
-- Dumping data for table `lost_found_items_security`
--

INSERT INTO `lost_found_items_security` (`id_security`, `reported_by_security`, `item_type_security`, `category_id_security`, `item_name_security`, `description_security`, `location_found_security`, `date_reported_security`, `date_occurred_security`, `color_security`, `brand_security`, `serial_number_security`, `contact_info_security`, `status_security`, `is_verified_security`, `photo_path_security`, `claimed_by_security`, `claimed_at_security`, `resolved_by_security`, `resolved_at_security`, `resolution_notes_security`, `verification_notes_security`, `created_at_security`, `updated_at_security`, `student_id_security`) VALUES
(103, 101, 'lost', 3, 'Black Leather Wallet', 'Small black leather wallet with multiple card slots', 'Library Near Entrance', '2025-12-19', '2025-12-19', 'Black', 'Generic', 'WLT-12345', '09461461277', 'open', 0, 'item_1766240929_6946b2a1db12b.jpg', NULL, NULL, 13, '2025-12-20 06:29:00', '', NULL, '2025-12-18 08:43:54', '2025-12-20 06:29:00', NULL),
(104, 101, 'lost', 1, 'Apple iPhone 13', 'iPhone 13 in mint condition with protective case', 'Computer Lab 1', '2025-12-20', '2025-12-20', 'Purple', 'Apple', 'PHONE-98765', NULL, 'open', 0, '6946a83507ade_1766238261.jpg', NULL, NULL, NULL, NULL, NULL, NULL, '2025-12-20 05:44:21', '2025-12-20 05:44:21', NULL);

-- --------------------------------------------------------

--
-- Table structure for table `lost_keys`
--

CREATE TABLE `lost_keys` (
  `lost_key_id` int(11) NOT NULL,
  `UserID` int(11) DEFAULT NULL,
  `Fname` varchar(100) DEFAULT NULL,
  `Lname` varchar(100) DEFAULT NULL,
  `Email` varchar(150) DEFAULT NULL,
  `Key_Code` varchar(100) DEFAULT NULL,
  `Location` varchar(255) DEFAULT NULL,
  `Date_Reported` date DEFAULT NULL,
  `Status` varchar(50) DEFAULT NULL,
  `key_id` int(11) DEFAULT NULL,
  `reported_at` timestamp NOT NULL DEFAULT current_timestamp(),
  `remarks` varchar(255) DEFAULT NULL
) ENGINE=InnoDB DEFAULT CHARSET=utf8mb4 COLLATE=utf8mb4_general_ci;

-- --------------------------------------------------------

--
-- Table structure for table `materialaccesslog`
--

CREATE TABLE `materialaccesslog` (
  `LogID` int(11) NOT NULL,
  `MaterialID` int(11) NOT NULL,
  `UserID` int(11) NOT NULL,
  `Action` enum('view','download') NOT NULL DEFAULT 'view',
  `AccessedAt` timestamp NOT NULL DEFAULT current_timestamp(),
  `IPAddress` varchar(45) DEFAULT NULL
) ENGINE=InnoDB DEFAULT CHARSET=utf8mb4 COLLATE=utf8mb4_general_ci;

-- --------------------------------------------------------

--
-- Table structure for table `materialfolder`
--

CREATE TABLE `materialfolder` (
  `FolderID` int(11) NOT NULL,
  `schedule_id` int(11) NOT NULL,
  `FolderName` varchar(255) NOT NULL,
  `Description` text DEFAULT NULL,
  `ParentFolderID` int(11) DEFAULT NULL,
  `CreatedBy` int(11) NOT NULL,
  `CreatedAt` timestamp NOT NULL DEFAULT current_timestamp(),
  `UpdatedAt` timestamp NOT NULL DEFAULT current_timestamp() ON UPDATE current_timestamp(),
  `IsActive` tinyint(1) DEFAULT 1
) ENGINE=InnoDB DEFAULT CHARSET=utf8mb4 COLLATE=utf8mb4_general_ci;

-- --------------------------------------------------------

--
-- Table structure for table `members`
--

CREATE TABLE `members` (
  `MemberID` int(11) NOT NULL,
  `SchoolID` varchar(50) NOT NULL,
  `fname` varchar(100) NOT NULL,
  `lname` varchar(100) NOT NULL,
  `course` varchar(100) DEFAULT NULL,
  `year_level` varchar(50) DEFAULT NULL,
  `contact` varchar(20) DEFAULT NULL,
  `member_type` enum('Student','Faculty') DEFAULT 'Student',
  `status` enum('active','inactive') DEFAULT 'active',
  `created_at` timestamp NOT NULL DEFAULT current_timestamp()
) ENGINE=InnoDB DEFAULT CHARSET=utf8mb4 COLLATE=utf8mb4_general_ci;

--
-- Dumping data for table `members`
--

INSERT INTO `members` (`MemberID`, `SchoolID`, `fname`, `lname`, `course`, `year_level`, `contact`, `member_type`, `status`, `created_at`) VALUES
(1, 'ADFC2025-001', 'Dagul', 'Agul', 'BSIT', '4TH', '09919815188', 'Faculty', 'active', '2025-10-07 02:52:40'),
(2, '214324', 'gerwin', 'espinosa', 'BSIT', '2nd', '09475656565', 'Student', 'active', '2026-01-11 07:54:41'),
(3, 'ADFC-3455', 'arayko', 'villa', 'BSIT', '1st', '093253555', 'Student', 'active', '2026-01-13 06:36:53');

-- --------------------------------------------------------

--
-- Table structure for table `misconducts`
--

CREATE TABLE `misconducts` (
  `id` int(11) NOT NULL,
  `student_id` varchar(32) NOT NULL,
  `name` varchar(128) NOT NULL,
  `course` varchar(128) NOT NULL,
  `year_level` varchar(32) NOT NULL,
  `reason` text NOT NULL,
  `strikes` int(11) NOT NULL DEFAULT 1,
  `date_recorded` datetime NOT NULL DEFAULT current_timestamp()
) ENGINE=InnoDB DEFAULT CHARSET=utf8mb4 COLLATE=utf8mb4_general_ci;

-- --------------------------------------------------------

--
-- Table structure for table `modules`
--

CREATE TABLE `modules` (
  `id` int(11) NOT NULL,
  `name` varchar(100) NOT NULL
) ENGINE=InnoDB DEFAULT CHARSET=utf8mb4 COLLATE=utf8mb4_general_ci;

--
-- Dumping data for table `modules`
--

INSERT INTO `modules` (`id`, `name`) VALUES
(1, 'applications'),
(4, 'release'),
(3, 'reports'),
(2, 'scholars');

-- --------------------------------------------------------

--
-- Table structure for table `notices`
--

CREATE TABLE `notices` (
  `notice_id` int(11) NOT NULL,
  `title` varchar(150) DEFAULT NULL,
  `content` text DEFAULT NULL,
  `created_at` timestamp NOT NULL DEFAULT current_timestamp()
) ENGINE=InnoDB DEFAULT CHARSET=utf8mb4 COLLATE=utf8mb4_general_ci;

--
-- Dumping data for table `notices`
--

INSERT INTO `notices` (`notice_id`, `title`, `content`, `created_at`) VALUES
(0, 'Prelims Exam', 'Prelims Exam will be held on TBA. Please prepare and review your lessons.', '2026-01-11 08:14:48'),
(0, 'Midterm Exam', 'Midterm Exam will be held on 2026-01-11. Please prepare and review your lessons.', '2026-01-11 08:31:12'),
(0, 'Prelims Exam', 'Prelims Exam will be held on 2026-01-13. Please prepare and review your lessons.', '2026-01-13 07:08:02');

-- --------------------------------------------------------

--
-- Table structure for table `notice_reads`
--

CREATE TABLE `notice_reads` (
  `id` int(11) NOT NULL,
  `notice_id` int(11) DEFAULT NULL,
  `user_id` int(11) DEFAULT NULL,
  `read_at` timestamp NOT NULL DEFAULT current_timestamp()
) ENGINE=InnoDB DEFAULT CHARSET=utf8mb4 COLLATE=utf8mb4_general_ci;

--
-- Dumping data for table `notice_reads`
--

INSERT INTO `notice_reads` (`id`, `notice_id`, `user_id`, `read_at`) VALUES
(0, 0, 128, '2026-01-13 06:47:26'),
(0, 0, 128, '2026-01-13 06:47:26'),
(0, 0, 128, '2026-01-13 07:08:37'),
(0, 0, 128, '2026-01-13 07:08:37'),
(0, 0, 128, '2026-01-13 07:08:37'),
(0, 0, 128, '2026-01-13 07:08:38'),
(0, 0, 128, '2026-01-13 07:08:38'),
(0, 0, 128, '2026-01-13 07:08:38'),
(0, 0, 129, '2026-01-13 08:20:40'),
(0, 0, 129, '2026-01-13 08:20:40'),
(0, 0, 129, '2026-01-13 08:20:40');

-- --------------------------------------------------------

--
-- Table structure for table `notifications`
--

CREATE TABLE `notifications` (
  `notification_id` int(11) NOT NULL,
  `user_id` int(11) DEFAULT NULL,
  `title` varchar(150) DEFAULT NULL,
  `message` text DEFAULT NULL,
  `is_read` tinyint(1) DEFAULT 0,
  `created_at` timestamp NOT NULL DEFAULT current_timestamp(),
  `fname` varchar(100) DEFAULT NULL,
  `lname` varchar(100) DEFAULT NULL,
  `gmail` varchar(150) DEFAULT NULL,
  `dateadded` datetime DEFAULT current_timestamp()
) ENGINE=InnoDB DEFAULT CHARSET=utf8mb4 COLLATE=utf8mb4_general_ci;

-- --------------------------------------------------------

--
-- Table structure for table `notifications_for_id`
--

CREATE TABLE `notifications_for_id` (
  `id` int(11) NOT NULL,
  `message` text NOT NULL,
  `created_at` timestamp NOT NULL DEFAULT current_timestamp(),
  `seen` tinyint(1) DEFAULT 0
) ENGINE=InnoDB DEFAULT CHARSET=utf8mb4 COLLATE=utf8mb4_general_ci;

--
-- Dumping data for table `notifications_for_id`
--

INSERT INTO `notifications_for_id` (`id`, `message`, `created_at`, `seen`) VALUES
(1, '📢 New student ID request from <strong>Arghin Mark S. Adolf</strong> (BSIT - Year 4).', '2025-12-17 01:32:19', 1),
(2, '📢 New student ID request from <strong>Jhon Wick</strong> (BSED - Year 3).', '2026-01-11 09:02:57', 0),
(3, '📢 New student ID request from <strong>Francisco Rivas</strong> (BSCE - Year 2).', '2026-01-13 06:38:09', 0);

-- --------------------------------------------------------

--
-- Table structure for table `overtime_requests`
--

CREATE TABLE `overtime_requests` (
  `overtime_id` int(11) NOT NULL,
  `employee_id` int(11) DEFAULT NULL,
  `hours` decimal(5,2) DEFAULT NULL,
  `status` varchar(50) DEFAULT NULL,
  `attendance_log_id` int(11) DEFAULT NULL,
  `scheduled_end_time` time DEFAULT NULL,
  `actual_out_time` datetime DEFAULT NULL,
  `raw_ot_minutes` int(11) DEFAULT 0,
  `approved_ot_minutes` int(11) DEFAULT 0,
  `approved_by` int(11) DEFAULT NULL,
  `approved_at` datetime DEFAULT NULL,
  `remarks` text DEFAULT NULL,
  `created_at` timestamp NULL DEFAULT NULL,
  `updated_at` timestamp NULL DEFAULT NULL,
  `date` date DEFAULT NULL
) ENGINE=InnoDB DEFAULT CHARSET=utf8mb4 COLLATE=utf8mb4_general_ci;

--
-- Dumping data for table `overtime_requests`
--

INSERT INTO `overtime_requests` (`overtime_id`, `employee_id`, `hours`, `status`, `attendance_log_id`, `scheduled_end_time`, `actual_out_time`, `raw_ot_minutes`, `approved_ot_minutes`, `approved_by`, `approved_at`, `remarks`, `created_at`, `updated_at`, `date`) VALUES
(1, 7, NULL, 'Approved', 5, '17:00:00', '2026-01-13 18:40:00', 70, 60, 1, '2026-01-13 15:50:29', '', '2026-01-13 07:46:04', '2026-01-13 07:50:29', '2026-01-13');

-- --------------------------------------------------------

--
-- Table structure for table `password_resets`
--

CREATE TABLE `password_resets` (
  `reset_id` int(11) NOT NULL,
  `user_id` int(11) DEFAULT NULL,
  `token` varchar(255) DEFAULT NULL,
  `requested_at` timestamp NOT NULL DEFAULT current_timestamp(),
  `email` varchar(255) DEFAULT NULL,
  `code` varchar(6) DEFAULT NULL,
  `expired_at` date DEFAULT NULL,
  `created_at` timestamp NULL DEFAULT NULL
) ENGINE=InnoDB DEFAULT CHARSET=utf8mb4 COLLATE=utf8mb4_general_ci;

--
-- Dumping data for table `password_resets`
--

INSERT INTO `password_resets` (`reset_id`, `user_id`, `token`, `requested_at`, `email`, `code`, `expired_at`, `created_at`) VALUES
(3, 1, NULL, '2025-12-20 21:16:35', 'superadmin@gmail.com', '185424', '2025-12-21', NULL),
(5, 2, NULL, '2025-12-27 13:21:24', 'alexanderosias123@gmail.com', '277781', '2025-12-28', NULL);

-- --------------------------------------------------------

--
-- Table structure for table `payments`
--

CREATE TABLE `payments` (
  `payment_id` int(11) NOT NULL,
  `StudID` int(11) NOT NULL,
  `billing_id` int(11) DEFAULT NULL,
  `amount_paid` decimal(10,2) NOT NULL,
  `payment_date` datetime DEFAULT current_timestamp(),
  `cashier_id` int(11) DEFAULT NULL,
  `receipt_number` varchar(50) NOT NULL,
  `description` varchar(255) DEFAULT NULL,
  `request_id` int(11) DEFAULT NULL,
  `payment_type` enum('Document','Other') DEFAULT 'Document',
  `payment_method` enum('Cash','GCash','Bank','Online') DEFAULT 'Cash',
  `reference_number` varchar(100) DEFAULT NULL,
  `payment_proof` varchar(255) DEFAULT NULL,
  `payment_status` enum('Pending','Paid','Rejected','Waived') DEFAULT 'Pending',
  `verified_by` int(11) DEFAULT NULL,
  `date_verified` datetime DEFAULT NULL,
  `rejection_reason` text DEFAULT NULL,
  `amount_due` decimal(10,2) DEFAULT NULL,
  `status` enum('Unpaid','Partially Paid','Paid') DEFAULT 'Unpaid'
) ENGINE=InnoDB DEFAULT CHARSET=utf8mb4 COLLATE=utf8mb4_general_ci;

--
-- Dumping data for table `payments`
--

INSERT INTO `payments` (`payment_id`, `StudID`, `billing_id`, `amount_paid`, `payment_date`, `cashier_id`, `receipt_number`, `description`, `request_id`, `payment_type`, `payment_method`, `reference_number`, `payment_proof`, `payment_status`, `verified_by`, `date_verified`, `rejection_reason`, `amount_due`, `status`) VALUES
(2, 125, 1, 500.00, NULL, 1, 'PRINT-1768142033-125', 'Print Request', NULL, 'Document', 'Cash', NULL, NULL, 'Pending', NULL, NULL, NULL, NULL, 'Unpaid'),
(5, 126, 2, 500.00, '2026-01-13 09:20:21', 1, '22-123455', 'Evaluation Fee', NULL, 'Document', 'Cash', NULL, NULL, 'Pending', NULL, NULL, NULL, NULL, 'Unpaid'),
(7, 125, NULL, 50.00, '2026-01-13 14:50:20', NULL, 'RCPT-20260113-000003', 'Payment for Certified True Copy', 3, 'Document', 'Cash', NULL, NULL, 'Pending', NULL, NULL, NULL, NULL, 'Unpaid'),
(9, 128, 6, 500.00, '2026-01-13 14:51:53', 1, '22-123452', 'Evaluation Fee', NULL, 'Document', 'Cash', NULL, NULL, 'Pending', NULL, NULL, NULL, NULL, 'Unpaid'),
(10, 125, 1, 500.00, '2026-01-13 14:52:29', 1, '22-123456', 'Evaluation Fee', NULL, 'Document', 'Cash', NULL, NULL, 'Pending', NULL, NULL, NULL, NULL, 'Unpaid'),
(11, 125, NULL, 300.00, '2026-01-13 15:11:07', NULL, 'RCPT-20260113-000004', 'Payment for Transcript of Records (TOR)', 4, 'Document', '', NULL, NULL, 'Pending', NULL, NULL, NULL, NULL, 'Unpaid'),
(12, 130, 15, 500.00, '2026-01-13 16:28:12', 1, '22-123457', 'Evaluation Fee', NULL, 'Document', 'Cash', NULL, NULL, 'Pending', NULL, NULL, NULL, NULL, 'Unpaid');

-- --------------------------------------------------------

--
-- Table structure for table `payment_reads`
--

CREATE TABLE `payment_reads` (
  `id` int(11) NOT NULL,
  `payment_id` varchar(50) DEFAULT NULL,
  `student_id` varchar(50) DEFAULT NULL,
  `read_at` timestamp NOT NULL DEFAULT current_timestamp()
) ENGINE=InnoDB DEFAULT CHARSET=utf8mb4 COLLATE=utf8mb4_general_ci;

-- --------------------------------------------------------

--
-- Table structure for table `payroll`
--

CREATE TABLE `payroll` (
  `payroll_id` int(11) NOT NULL,
  `employee_id` int(11) DEFAULT NULL,
  `basic_pay` decimal(12,2) NOT NULL DEFAULT 0.00,
  `basic_salary` decimal(10,2) DEFAULT NULL,
  `net_salary` decimal(10,2) DEFAULT NULL,
  `payroll_date` date DEFAULT NULL,
  `payroll_period_start` date DEFAULT NULL,
  `payroll_period_end` date DEFAULT NULL,
  `gross_pay` decimal(10,2) DEFAULT 0.00,
  `overtime_pay` decimal(12,2) DEFAULT 0.00,
  `holiday_pay` decimal(12,2) DEFAULT 0.00,
  `philhealth_deduction` decimal(10,2) DEFAULT 0.00,
  `sss_deduction` decimal(10,2) DEFAULT 0.00,
  `pagibig_deduction` decimal(10,2) DEFAULT 0.00,
  `other_deductions` decimal(10,2) DEFAULT 0.00,
  `total_deductions` decimal(10,2) GENERATED ALWAYS AS (`philhealth_deduction` + `sss_deduction` + `pagibig_deduction` + `other_deductions`) STORED,
  `net_pay` decimal(10,2) GENERATED ALWAYS AS (`gross_pay` - `total_deductions`) STORED,
  `paid_status` enum('Unpaid','Paid') DEFAULT 'Unpaid',
  `payment_date` date DEFAULT NULL,
  `created_at` timestamp NULL DEFAULT NULL,
  `updated_at` timestamp NULL DEFAULT NULL
) ENGINE=InnoDB DEFAULT CHARSET=utf8mb4 COLLATE=utf8mb4_general_ci;

--
-- Dumping data for table `payroll`
--

INSERT INTO `payroll` (`payroll_id`, `employee_id`, `basic_pay`, `basic_salary`, `net_salary`, `payroll_date`, `payroll_period_start`, `payroll_period_end`, `gross_pay`, `overtime_pay`, `holiday_pay`, `philhealth_deduction`, `sss_deduction`, `pagibig_deduction`, `other_deductions`, `paid_status`, `payment_date`, `created_at`, `updated_at`) VALUES
(0, 5, 0.00, NULL, NULL, NULL, '2026-01-01', '2026-01-14', 0.00, 0.00, 0.00, 125.00, 125.00, 7.50, 0.00, 'Unpaid', NULL, NULL, NULL),
(0, 6, 0.00, NULL, NULL, NULL, '2026-01-01', '2026-01-14', 0.00, 0.00, 0.00, 125.00, 125.00, 7.50, 0.00, 'Unpaid', NULL, NULL, NULL),
(0, 7, 130.00, NULL, NULL, NULL, '2026-01-01', '2026-01-14', 150.31, 20.31, 0.00, 125.00, 125.00, 7.50, 0.00, 'Unpaid', NULL, NULL, NULL);

-- --------------------------------------------------------

--
-- Table structure for table `payroll_audit`
--

CREATE TABLE `payroll_audit` (
  `audit_id` int(11) NOT NULL,
  `payroll_id` int(11) DEFAULT NULL,
  `action` varchar(100) DEFAULT NULL,
  `action_date` timestamp NOT NULL DEFAULT current_timestamp(),
  `period_start` date DEFAULT NULL,
  `period_end` date DEFAULT NULL,
  `role_id` int(11) DEFAULT NULL,
  `created_at` timestamp NULL DEFAULT NULL
) ENGINE=InnoDB DEFAULT CHARSET=utf8mb4 COLLATE=utf8mb4_general_ci;

--
-- Dumping data for table `payroll_audit`
--

INSERT INTO `payroll_audit` (`audit_id`, `payroll_id`, `action`, `action_date`, `period_start`, `period_end`, `role_id`, `created_at`) VALUES
(1, NULL, 'finalize_payroll', '2026-01-13 07:51:06', '2026-01-01', '2026-01-14', 0, NULL);

-- --------------------------------------------------------

--
-- Table structure for table `payroll_settings`
--

CREATE TABLE `payroll_settings` (
  `setting_id` int(11) NOT NULL,
  `setting_name` varchar(100) DEFAULT NULL,
  `setting_value` varchar(255) DEFAULT NULL
) ENGINE=InnoDB DEFAULT CHARSET=utf8mb4 COLLATE=utf8mb4_general_ci;

-- --------------------------------------------------------

--
-- Table structure for table `permissions_for_id`
--

CREATE TABLE `permissions_for_id` (
  `PermissionID` int(11) NOT NULL,
  `PermissionName` varchar(50) NOT NULL,
  `Description` varchar(255) DEFAULT NULL,
  `CreatedAt` datetime DEFAULT current_timestamp()
) ENGINE=InnoDB DEFAULT CHARSET=utf8mb4 COLLATE=utf8mb4_general_ci;

--
-- Dumping data for table `permissions_for_id`
--

INSERT INTO `permissions_for_id` (`PermissionID`, `PermissionName`, `Description`, `CreatedAt`) VALUES
(1, 'view_dashboard', 'Can view dashboard', '2025-12-20 18:43:02'),
(2, 'manage_users', 'Can add, edit, delete users', '2025-12-20 18:43:02'),
(3, 'view_users', 'Can view users', '2025-12-20 18:43:02'),
(4, 'manage_roles', 'Can manage roles and permissions', '2025-12-20 18:43:02'),
(5, 'view_reports', 'Can view reports', '2025-12-20 18:43:02'),
(6, 'create_records', 'Can create records', '2025-12-20 18:43:02'),
(7, 'edit_records', 'Can edit records', '2025-12-20 18:43:02'),
(8, 'delete_records', 'Can delete records', '2025-12-20 18:43:02');

-- --------------------------------------------------------

--
-- Table structure for table `permission_keys_security`
--

CREATE TABLE `permission_keys_security` (
  `id_security` int(11) NOT NULL,
  `permission_key_security` varchar(50) NOT NULL,
  `permission_name_security` varchar(100) NOT NULL,
  `description_security` text DEFAULT NULL,
  `module_security` varchar(50) NOT NULL,
  `is_active_security` tinyint(1) DEFAULT 1,
  `created_at_security` timestamp NOT NULL DEFAULT current_timestamp()
) ENGINE=InnoDB DEFAULT CHARSET=utf8mb4 COLLATE=utf8mb4_general_ci;

--
-- Dumping data for table `permission_keys_security`
--

INSERT INTO `permission_keys_security` (`id_security`, `permission_key_security`, `permission_name_security`, `description_security`, `module_security`, `is_active_security`, `created_at_security`) VALUES
(1, 'report_violations', 'Report Violations', 'Can report new violations and incidents', 'violations', 1, '2025-10-29 11:55:47'),
(2, 'view_violations', 'View Violations', 'Can view violations list and details', 'violations', 1, '2025-10-29 11:55:47'),
(3, 'review_violations', 'Review Violations', 'Can review and verify reported violations', 'violations', 1, '2025-10-29 11:55:47'),
(4, 'edit_violations', 'Edit Violations', 'Can edit existing violation records', 'violations', 1, '2025-10-29 11:55:47'),
(5, 'delete_violations', 'Delete Violations', 'Can delete violation records', 'violations', 1, '2025-10-29 11:55:47'),
(6, 'check_attendance', 'Check Attendance', 'Can check in/out for attendance', 'attendance', 1, '2025-10-29 11:55:47'),
(7, 'view_attendance', 'View Attendance', 'Can view attendance logs and records', 'attendance', 1, '2025-10-29 11:55:47'),
(8, 'manage_attendance', 'Manage Attendance', 'Can manage and edit attendance records', 'attendance', 1, '2025-10-29 11:55:47'),
(9, 'access_labs', 'Access Laboratories', 'Can access laboratory areas', 'lab_security', 1, '2025-10-29 11:55:47'),
(10, 'manage_labs', 'Manage Laboratories', 'Can manage laboratory access and incidents', 'lab_security', 1, '2025-10-29 11:55:47'),
(11, 'report_lab_incidents', 'Report Lab Incidents', 'Can report laboratory incidents and issues', 'lab_security', 1, '2025-10-29 11:55:47'),
(12, 'view_lab_incidents', 'View Lab Incidents', 'Can view laboratory incident reports', 'lab_security', 1, '2025-10-29 11:55:47'),
(13, 'borrow_keys', 'Borrow Keys', 'Can borrow keys from key management', 'key_management', 1, '2025-10-29 11:55:47'),
(14, 'return_keys', 'Return Keys', 'Can return borrowed keys', 'key_management', 1, '2025-10-29 11:55:47'),
(15, 'manage_keys', 'Manage Keys', 'Can manage key inventory and assignments', 'key_management', 1, '2025-10-29 11:55:47'),
(16, 'view_keys', 'View Keys', 'Can view key management system', 'key_management', 1, '2025-10-29 11:55:47'),
(17, 'view_student_info', 'View Student Information', 'Can view student profiles and information', 'student_data', 1, '2025-10-29 11:55:47'),
(18, 'edit_student_info', 'Edit Student Information', 'Can edit student information', 'student_data', 1, '2025-10-29 11:55:47'),
(19, 'manage_users', 'Manage Users', 'Can create, edit, and manage user accounts', 'user_management', 1, '2025-10-29 11:55:47'),
(20, 'view_users', 'View Users', 'Can view user list and profiles', 'user_management', 1, '2025-10-29 11:55:47'),
(21, 'deactivate_users', 'Deactivate Users', 'Can deactivate user accounts', 'user_management', 1, '2025-10-29 11:55:47'),
(22, 'view_reports', 'View Reports', 'Can view system reports and analytics', 'reports', 1, '2025-10-29 11:55:47'),
(23, 'generate_reports', 'Generate Reports', 'Can generate custom reports', 'reports', 1, '2025-10-29 11:55:47'),
(24, 'export_reports', 'Export Reports', 'Can export reports to various formats', 'reports', 1, '2025-10-29 11:55:47'),
(25, 'manage_system', 'Manage System Settings', 'Can manage system configuration and settings', 'system', 1, '2025-10-29 11:55:47'),
(26, 'view_system_logs', 'View System Logs', 'Can view system activity logs', 'system', 1, '2025-10-29 11:55:47'),
(27, 'manage_permissions', 'Manage Permissions', 'Can manage user permissions and roles', 'system', 1, '2025-10-29 11:55:47'),
(28, 'report_lost_found', 'Report Lost & Found', 'Can report lost and found items', 'lost_found', 1, '2025-10-29 11:55:47'),
(29, 'view_lost_found', 'View Lost & Found', 'Can view lost and found items', 'lost_found', 1, '2025-10-29 11:55:47'),
(30, 'manage_lost_found', 'Manage Lost & Found', 'Can manage lost and found items', 'lost_found', 1, '2025-10-29 11:55:47'),
(31, 'claim_lost_found', 'Claim Lost & Found', 'Can claim lost and found items', 'lost_found', 1, '2025-10-29 11:55:47'),
(32, 'view_assignments', 'View Assignments', 'Can view security assignments and schedules', 'security_team', 1, '2025-10-29 11:55:47'),
(33, 'manage_assignments', 'Manage Assignments', 'Can manage security team assignments', 'security_team', 1, '2025-10-29 11:55:47'),
(34, 'view_security_team', 'View Security Team', 'Can view security team members', 'security_team', 1, '2025-10-29 11:55:47'),
(35, 'manage_security_team', 'Manage Security Team', 'Can manage security team members', 'security_team', 1, '2025-10-29 11:55:47');

-- --------------------------------------------------------

--
-- Table structure for table `pickup_schedules`
--

CREATE TABLE `pickup_schedules` (
  `id` int(11) NOT NULL,
  `request_id` int(11) NOT NULL,
  `pickup_date` date NOT NULL,
  `pickup_code` varchar(20) DEFAULT NULL,
  `status` enum('Scheduled','Ready','Picked Up') DEFAULT 'Scheduled'
) ENGINE=InnoDB DEFAULT CHARSET=utf8mb4 COLLATE=utf8mb4_general_ci;

--
-- Dumping data for table `pickup_schedules`
--

INSERT INTO `pickup_schedules` (`id`, `request_id`, `pickup_date`, `pickup_code`, `status`) VALUES
(1, 1, '2026-01-16', 'PICKUP-9ACF09F3', 'Scheduled'),
(2, 2, '2026-01-17', 'PICKUP-039A6C46', 'Scheduled'),
(3, 3, '2026-01-17', 'PICKUP-81EB93C0', 'Scheduled'),
(4, 4, '2026-01-16', 'PICKUP-BF91CBF1', 'Scheduled'),
(5, 5, '2026-01-17', 'PICKUP-AFC3EA49', 'Scheduled');

-- --------------------------------------------------------

--
-- Table structure for table `portal_logs`
--

CREATE TABLE `portal_logs` (
  `portallog_id` int(11) NOT NULL,
  `log_type` varchar(50) DEFAULT NULL,
  `message` text DEFAULT NULL,
  `created_at` timestamp NOT NULL DEFAULT current_timestamp()
) ENGINE=InnoDB DEFAULT CHARSET=utf8mb4 COLLATE=utf8mb4_general_ci;

--
-- Dumping data for table `portal_logs`
--

INSERT INTO `portal_logs` (`portallog_id`, `log_type`, `message`, `created_at`) VALUES
(0, 'Grade Added', 'New grade added for Student ID 12 - Subject: IT 302, Semester: 2nd Sem, Final Grade: 1', '2026-01-11 06:26:18'),
(0, 'Schedule Assigned', 'Schedule assigned to student - Student ID: 12 (Brent Natalo), Subject: Integrative Programming', '2026-01-11 06:26:32'),
(0, 'User Created', 'New user created - Username: 12, Role: student, StudID: 12', '2026-01-11 06:31:49'),
(0, 'Notice Posted', 'New notice posted - Title: Prelims Exam', '2026-01-11 06:42:26'),
(0, 'Tuition Fee Added', 'Tuition fee added for Student ID: 125 - Total Fee: ₱21000.00 (Units: 21)', '2026-01-11 08:06:31'),
(0, 'User Created', 'New user created - Username: 125, Role: student, StudID: 125', '2026-01-11 08:11:32'),
(0, 'Notice Posted', 'New notice posted - Title: Prelims Exam', '2026-01-11 08:14:48'),
(0, 'Notice Posted', 'New notice posted - Title: Midterm Exam', '2026-01-11 08:31:12'),
(0, 'Grade Added', 'New grade added for Student ID 125 - Subject: ITP 101, Semester: 2nd Sem, Final Grade: 1.05', '2026-01-11 08:40:38'),
(0, 'Subjects Assigned', 'Assigned 1 subject(s) to student 125: ITP 422', '2026-01-11 09:04:25'),
(0, 'User Created', 'New user created - Username: 126, Role: student, StudID: 126', '2026-01-11 09:05:45'),
(0, 'Grade Added', 'New grade added for Student ID 125 - Subject: ITP 411L, Semester: 2nd Sem, Final Grade: 0.67', '2026-01-11 09:23:50'),
(0, 'Grade Updated', 'Grade updated for Student ID 125 - Subject: ITP 411L, Semester: 2nd Sem, Final Grade: 0.67', '2026-01-11 09:23:56'),
(0, 'Grade Updated', 'Grade updated for Student ID 125 - Subject: ITP 411L, Semester: 2nd Sem, Final Grade: 1.17', '2026-01-11 09:24:03'),
(0, 'Schedule Assigned', 'Schedule assigned to student - Student ID: 125 (Lovely Joy Sia), Subject: Integrative Programming', '2026-01-11 09:25:05'),
(0, 'Schedule Assigned', 'Schedule assigned to student - Student ID: 125 (Lovely Joy Sia), Subject: System Architecture', '2026-01-11 11:22:49'),
(0, 'User Created', 'New user created - Username: 22-123452, Role: student, StudID: 128', '2026-01-13 06:47:08'),
(0, 'Grade Added', 'New grade added for Student ID 128 - Subject: ITP 101, Semester: 2nd Sem, Final Grade: 6.05', '2026-01-13 07:06:57'),
(0, 'Schedule Assigned', 'Schedule assigned to student - Student ID: 128 (Francisco Rivas), Subject: Integrative Programming', '2026-01-13 07:07:08'),
(0, 'Subjects Assigned', 'Assigned 3 subject(s) to student 128: ITP 101, ITP 411L, ITP 422', '2026-01-13 07:07:23'),
(0, 'Subjects Assigned', 'Assigned 3 subject(s) to student 128: ITP 101, ITP 411L, ITP 422', '2026-01-13 07:07:23'),
(0, 'Subjects Assigned', 'Assigned 3 subject(s) to student 128: ITP 101, ITP 411L, ITP 422', '2026-01-13 07:07:23'),
(0, 'Subjects Assigned', 'Assigned 3 subject(s) to student 128: ITP 101, ITP 411L, ITP 422', '2026-01-13 07:07:23'),
(0, 'Tuition Fee Added', 'Tuition fee added for Student ID: 128 - Total Fee: ₱20000000.00 (Units: 20000)', '2026-01-13 07:07:48'),
(0, 'Notice Posted', 'New notice posted - Title: Prelims Exam', '2026-01-13 07:08:02'),
(0, 'Tuition Fee Deleted', 'Tuition fee deleted - ID: 0, Student ID: 125, Amount: ₱21000.00', '2026-01-13 07:10:08'),
(0, 'User Created', 'New user created - Username: 22-123452, Role: student, StudID: 128', '2026-01-13 08:09:11'),
(0, 'Student Deleted', 'Student account deleted - ID: 128, Name: Francisco Rivas', '2026-01-13 08:14:11'),
(0, 'User Created', 'New user created - Username: 22-123450, Role: student, StudID: 129', '2026-01-13 08:19:52'),
(0, 'User Created', 'New user created - Username: 22-123457, Role: student, StudID: 130', '2026-01-13 08:46:52'),
(0, 'User Created', 'New user created - Username: 22-123457, Role: student, StudID: 130', '2026-01-13 08:52:08');

-- --------------------------------------------------------

--
-- Table structure for table `priority_levels`
--

CREATE TABLE `priority_levels` (
  `priority_id` int(11) NOT NULL,
  `priority_name` varchar(20) NOT NULL,
  `priority_value` int(11) DEFAULT NULL,
  `color_code` varchar(7) DEFAULT NULL
) ENGINE=InnoDB DEFAULT CHARSET=utf8mb4 COLLATE=utf8mb4_general_ci;

--
-- Dumping data for table `priority_levels`
--

INSERT INTO `priority_levels` (`priority_id`, `priority_name`, `priority_value`, `color_code`) VALUES
(4, 'High', 3, '#dc3545'),
(5, 'Medium', 2, '#ffc107'),
(6, 'Low', 1, '#28a745');

-- --------------------------------------------------------

--
-- Table structure for table `profile_logs`
--

CREATE TABLE `profile_logs` (
  `id` int(11) NOT NULL,
  `user_id` int(11) NOT NULL,
  `entry_type` varchar(100) NOT NULL,
  `notes` text DEFAULT NULL,
  `created_at` timestamp NOT NULL DEFAULT current_timestamp()
) ENGINE=InnoDB DEFAULT CHARSET=utf8mb4 COLLATE=utf8mb4_general_ci;

-- --------------------------------------------------------

--
-- Table structure for table `program`
--

CREATE TABLE `program` (
  `ProgramID` int(11) NOT NULL,
  `ProgName` varchar(100) NOT NULL,
  `Major` varchar(100) DEFAULT NULL,
  `abbr` varchar(10) NOT NULL COMMENT 'Abbreviated name (e.g., BSIT)'
) ENGINE=InnoDB DEFAULT CHARSET=utf8mb4 COLLATE=utf8mb4_general_ci;

--
-- Dumping data for table `program`
--

INSERT INTO `program` (`ProgramID`, `ProgName`, `Major`, `abbr`) VALUES
(2, 'BS Nursing', 'Health', 'BSN'),
(3, 'Bachelor of Science in Information Technology', 'Programming', 'BSIT'),
(4, 'BS Criminology', 'Security', 'BSCRIM');

-- --------------------------------------------------------

--
-- Table structure for table `qr_codes`
--

CREATE TABLE `qr_codes` (
  `qr_id` int(11) NOT NULL,
  `code` varchar(255) DEFAULT NULL,
  `created_at` timestamp NOT NULL DEFAULT current_timestamp(),
  `employee_id` int(11) DEFAULT NULL,
  `qr_data` text DEFAULT NULL,
  `qr_image_path` varchar(500) DEFAULT NULL,
  `generated_at` timestamp NULL DEFAULT NULL
) ENGINE=InnoDB DEFAULT CHARSET=utf8mb4 COLLATE=utf8mb4_general_ci;

--
-- Dumping data for table `qr_codes`
--

INSERT INTO `qr_codes` (`qr_id`, `code`, `created_at`, `employee_id`, `qr_data`, `qr_image_path`, `generated_at`) VALUES
(2, NULL, '2026-01-12 09:46:02', 2, 'First:jhvljkgl|Last:ijdfshf|Position:IT Instructor|Joined:2026-01-12', 'qrcodes/jhvljkglijdfshf.png', NULL),
(3, NULL, '2026-01-12 09:48:58', 3, 'First:dfsd|Last:dfsadds|Position:IT Instructor|Joined:2026-01-12', 'qrcodes/dfsddfsadds.png', NULL),
(5, NULL, '2026-01-12 10:14:32', 5, 'First:Katrina|Last:Cadevero|Position:IT Instructor|Joined:2026-01-12', 'qrcodes/KatrinaCadevero.png', NULL),
(6, NULL, '2026-01-13 04:20:17', 6, 'First:alvin|Last:marone|Position:IT Instructor|Joined:2026-01-13', 'qrcodes/alvinmarone_6_1.png', NULL),
(7, NULL, '2026-01-13 07:24:18', 7, 'First:Francis|Last:Rivas|Position:IT Instructor|Joined:2026-01-13', 'qrcodes/FrancisRivas.png', NULL);

-- --------------------------------------------------------

--
-- Table structure for table `queue`
--

CREATE TABLE `queue` (
  `queue_id` int(11) NOT NULL,
  `queue_number` int(11) DEFAULT NULL,
  `window_id` int(11) DEFAULT NULL,
  `window_name` varchar(100) DEFAULT NULL,
  `transaction_type` int(11) DEFAULT NULL,
  `course_program` varchar(100) DEFAULT NULL,
  `client_type` varchar(50) DEFAULT NULL,
  `client_name` varchar(150) DEFAULT NULL,
  `client_id` varchar(50) DEFAULT NULL,
  `status` enum('Waiting','In Service','Served','No Show') DEFAULT 'Waiting',
  `check_in_time` timestamp NULL DEFAULT current_timestamp(),
  `generated_by` varchar(50) DEFAULT 'public',
  `created_at` timestamp NOT NULL DEFAULT current_timestamp()
) ENGINE=InnoDB DEFAULT CHARSET=utf8mb4 COLLATE=utf8mb4_general_ci;

--
-- Dumping data for table `queue`
--

INSERT INTO `queue` (`queue_id`, `queue_number`, `window_id`, `window_name`, `transaction_type`, `course_program`, `client_type`, `client_name`, `client_id`, `status`, `check_in_time`, `generated_by`, `created_at`) VALUES
(1, 1, 1, 'Window 1', 1, 'BSIT', 'Student', 'lovely', '22-123456', 'Waiting', '2026-01-11 08:44:14', 'guard', '2026-01-11 08:44:14'),
(2, 2, 1, 'Window 1', 1, 'BSCS', 'Student', 'Jia Daculong', '09822', 'Waiting', '2026-01-11 09:16:27', 'guard', '2026-01-11 09:16:27'),
(3, NULL, NULL, NULL, 5, 'MBA', 'Student', 'Jia Daculong', '12344', 'Waiting', '2026-01-11 09:17:20', 'guard', '2026-01-11 09:17:20'),
(4, NULL, NULL, NULL, 5, 'MBA', 'Student', 'Jia Daculong', '12344', 'Waiting', '2026-01-11 09:17:26', 'guard', '2026-01-11 09:17:26'),
(5, 3, 1, 'Window 1', 1, 'BSIT', 'Student', 'jay lapidario', '00919', 'Waiting', '2026-01-12 07:32:52', 'guard', '2026-01-12 07:32:52'),
(6, 1, 1, 'Window 1', 1, 'DIP-IT', 'Student', 'rommel', '22-123456', 'Waiting', '2026-01-13 04:07:46', 'guard', '2026-01-13 04:07:46'),
(7, 1, 1, 'Window 1', 1, 'BSCE', 'Student', 'Rommel', '31322', 'Waiting', '2026-01-13 04:12:36', 'guard', '2026-01-13 04:12:36'),
(8, NULL, NULL, NULL, 10, 'BSIT', 'Student', 'Rommel', '', 'Waiting', '2026-01-13 04:13:06', 'public', '2026-01-13 04:13:06'),
(9, NULL, NULL, NULL, 10, 'BSIT', 'Student', 'Rommel', '', 'Waiting', '2026-01-13 04:13:08', 'public', '2026-01-13 04:13:08'),
(10, NULL, NULL, NULL, 10, 'BSIT', 'Student', 'Rommel', '', 'Waiting', '2026-01-13 04:13:09', 'public', '2026-01-13 04:13:09'),
(11, NULL, NULL, NULL, 10, 'BSIT', 'Student', 'Rommel', '', 'Waiting', '2026-01-13 04:13:10', 'public', '2026-01-13 04:13:10'),
(12, NULL, NULL, NULL, 10, 'BSIT', 'Student', 'Rommel', '', 'Waiting', '2026-01-13 04:13:11', 'public', '2026-01-13 04:13:11'),
(13, NULL, NULL, NULL, 10, 'BSIT', 'Student', 'Rommel', '', 'Waiting', '2026-01-13 04:13:12', 'public', '2026-01-13 04:13:12'),
(14, NULL, NULL, NULL, 10, 'BSIT', 'Student', 'Rommel', '', 'Waiting', '2026-01-13 04:13:13', 'public', '2026-01-13 04:13:13'),
(15, NULL, NULL, NULL, 10, 'BSIT', 'Student', 'Rommel', '', 'Waiting', '2026-01-13 04:13:15', 'public', '2026-01-13 04:13:15'),
(16, NULL, NULL, NULL, 10, 'BSIT', 'Student', 'Rommel', '', 'Waiting', '2026-01-13 04:13:15', 'public', '2026-01-13 04:13:15'),
(17, NULL, NULL, NULL, 10, 'BSIT', 'Student', 'Rommel', '', 'Waiting', '2026-01-13 04:13:16', 'public', '2026-01-13 04:13:16'),
(18, NULL, NULL, NULL, 10, 'BSIT', 'Student', 'Rommel', '', 'Waiting', '2026-01-13 04:13:16', 'public', '2026-01-13 04:13:16'),
(19, NULL, NULL, NULL, 10, 'BSIT', 'Student', 'Rommel', '', 'Waiting', '2026-01-13 04:13:16', 'public', '2026-01-13 04:13:16'),
(20, NULL, NULL, NULL, 10, 'BSIT', 'Student', 'Rommel', '', 'Waiting', '2026-01-13 04:13:16', 'public', '2026-01-13 04:13:16'),
(21, NULL, NULL, NULL, 10, 'BSIT', 'Student', 'Rommel', '', 'Waiting', '2026-01-13 04:13:16', 'public', '2026-01-13 04:13:16'),
(22, NULL, NULL, NULL, 10, 'BSIT', 'Student', 'Rommel', '', 'Waiting', '2026-01-13 04:13:17', 'public', '2026-01-13 04:13:17'),
(23, NULL, NULL, NULL, 10, 'BSIT', 'Student', 'Rommel', '23123', 'Waiting', '2026-01-13 04:13:26', 'public', '2026-01-13 04:13:26'),
(24, NULL, NULL, NULL, 10, 'BSIT', 'Student', 'Rommel', '23123', 'Waiting', '2026-01-13 04:13:26', 'public', '2026-01-13 04:13:26'),
(25, NULL, NULL, NULL, 10, 'BSIT', 'Student', 'Rommel', '23123', 'Waiting', '2026-01-13 04:13:26', 'public', '2026-01-13 04:13:26'),
(26, NULL, NULL, NULL, 10, 'BSIT', 'Student', 'Rommel', '23123', 'Waiting', '2026-01-13 04:13:26', 'public', '2026-01-13 04:13:26'),
(27, NULL, NULL, NULL, 10, 'BSIT', 'Student', 'Rommel', '23123', 'Waiting', '2026-01-13 04:13:26', 'public', '2026-01-13 04:13:26');

-- --------------------------------------------------------

--
-- Table structure for table `quiz`
--

CREATE TABLE `quiz` (
  `QuizID` int(11) NOT NULL,
  `schedule_id` int(11) NOT NULL,
  `Title` varchar(255) NOT NULL,
  `Description` text DEFAULT NULL,
  `TotalPoints` decimal(5,2) NOT NULL DEFAULT 0.00,
  `Duration` int(11) DEFAULT NULL COMMENT 'Duration in minutes',
  `CreatedBy` int(11) NOT NULL,
  `CreatedAt` timestamp NOT NULL DEFAULT current_timestamp(),
  `UpdatedAt` timestamp NOT NULL DEFAULT current_timestamp() ON UPDATE current_timestamp(),
  `IsPublished` tinyint(1) DEFAULT 0,
  `DueDate` datetime DEFAULT NULL
) ENGINE=InnoDB DEFAULT CHARSET=utf8mb4 COLLATE=utf8mb4_general_ci;

--
-- Dumping data for table `quiz`
--

INSERT INTO `quiz` (`QuizID`, `schedule_id`, `Title`, `Description`, `TotalPoints`, `Duration`, `CreatedBy`, `CreatedAt`, `UpdatedAt`, `IsPublished`, `DueDate`) VALUES
(3, 3, 'vvv', 'kvmbvb', 100.00, NULL, 43, '2026-01-13 07:57:38', '2026-01-13 07:57:38', 0, NULL);

-- --------------------------------------------------------

--
-- Table structure for table `quizanswer`
--

CREATE TABLE `quizanswer` (
  `AnswerID` int(11) NOT NULL,
  `AttemptID` int(11) NOT NULL,
  `QuestionID` int(11) NOT NULL,
  `ChoiceID` int(11) DEFAULT NULL,
  `TextAnswer` text DEFAULT NULL,
  `IsCorrect` tinyint(1) DEFAULT 0,
  `PointsEarned` decimal(5,2) DEFAULT 0.00
) ENGINE=InnoDB DEFAULT CHARSET=utf8mb4 COLLATE=utf8mb4_general_ci;

-- --------------------------------------------------------

--
-- Table structure for table `quizattempt`
--

CREATE TABLE `quizattempt` (
  `AttemptID` int(11) NOT NULL,
  `QuizID` int(11) NOT NULL,
  `StudID` int(11) NOT NULL,
  `StartTime` datetime NOT NULL,
  `EndTime` datetime DEFAULT NULL,
  `Score` decimal(5,2) DEFAULT 0.00,
  `TotalPoints` decimal(5,2) DEFAULT 0.00,
  `Status` enum('in_progress','completed','timed_out') DEFAULT 'in_progress',
  `TimeSpent` int(11) DEFAULT 0 COMMENT 'Time spent in seconds'
) ENGINE=InnoDB DEFAULT CHARSET=utf8mb4 COLLATE=utf8mb4_general_ci;

-- --------------------------------------------------------

--
-- Table structure for table `quizchoice`
--

CREATE TABLE `quizchoice` (
  `ChoiceID` int(11) NOT NULL,
  `QuestionID` int(11) NOT NULL,
  `ChoiceText` text NOT NULL,
  `IsCorrect` tinyint(1) DEFAULT 0,
  `OrderNum` int(11) NOT NULL
) ENGINE=InnoDB DEFAULT CHARSET=utf8mb4 COLLATE=utf8mb4_general_ci;

--
-- Dumping data for table `quizchoice`
--

INSERT INTO `quizchoice` (`ChoiceID`, `QuestionID`, `ChoiceText`, `IsCorrect`, `OrderNum`) VALUES
(17, 1, 'dkjfkdf', 1, 0),
(18, 1, 'fdlkjgdfg', 0, 0),
(19, 1, 'g;fd;g', 0, 0),
(20, 1, 'dlfkgldg', 0, 0),
(21, 2, 'dkjfdf', 1, 0),
(22, 2, 'fdfdf', 0, 0),
(23, 2, 'fdfd', 0, 0),
(24, 2, 'fdfd', 0, 0),
(25, 3, 'True', 1, 0),
(26, 3, 'False', 0, 0),
(35, 4, 'gggg', 1, 0),
(36, 4, 'ggg', 0, 0),
(37, 4, 'gg', 0, 0),
(38, 4, 'ggg', 0, 0);

-- --------------------------------------------------------

--
-- Table structure for table `quizquestion`
--

CREATE TABLE `quizquestion` (
  `QuestionID` int(11) NOT NULL,
  `QuizID` int(11) NOT NULL,
  `QuestionText` text NOT NULL,
  `QuestionType` enum('multiple_choice','true_false','short_answer','essay') NOT NULL DEFAULT 'multiple_choice',
  `Points` decimal(5,2) NOT NULL DEFAULT 0.00,
  `OrderNum` int(11) NOT NULL,
  `CorrectAnswer` text DEFAULT NULL,
  `Explanation` text DEFAULT NULL
) ENGINE=InnoDB DEFAULT CHARSET=utf8mb4 COLLATE=utf8mb4_general_ci;

--
-- Dumping data for table `quizquestion`
--

INSERT INTO `quizquestion` (`QuestionID`, `QuizID`, `QuestionText`, `QuestionType`, `Points`, `OrderNum`, `CorrectAnswer`, `Explanation`) VALUES
(1, 1, 'KFKFKGFKGKG', 'multiple_choice', 10.00, 0, NULL, NULL),
(2, 1, 'ksjfkdsf', 'multiple_choice', 10.00, 0, NULL, NULL),
(3, 2, 'hhh', 'true_false', 10.00, 0, NULL, NULL),
(4, 3, 'cdxgfg', 'multiple_choice', 1.00, 0, NULL, NULL);

-- --------------------------------------------------------

--
-- Table structure for table `read_notifications`
--

CREATE TABLE `read_notifications` (
  `id` int(11) NOT NULL,
  `user_id` int(11) NOT NULL,
  `module` enum('apply','scholar','release','announcement') NOT NULL,
  `item_id` int(11) NOT NULL,
  `read_at` timestamp NOT NULL DEFAULT current_timestamp()
) ENGINE=InnoDB DEFAULT CHARSET=utf8mb4 COLLATE=utf8mb4_general_ci;

--
-- Dumping data for table `read_notifications`
--

INSERT INTO `read_notifications` (`id`, `user_id`, `module`, `item_id`, `read_at`) VALUES
(1, 17, 'apply', 1, '2026-01-12 22:22:33'),
(2, 17, 'apply', 2, '2026-01-12 22:22:33'),
(3, 17, 'announcement', 1, '2026-01-12 22:22:33'),
(4, 17, 'announcement', 2, '2026-01-12 22:22:33'),
(5, 17, 'announcement', 3, '2026-01-12 22:22:33'),
(6, 17, 'announcement', 4, '2026-01-12 22:22:33'),
(7, 17, 'announcement', 5, '2026-01-12 22:22:33'),
(8, 18, 'apply', 1, '2026-01-12 22:22:33'),
(9, 18, 'announcement', 1, '2026-01-12 22:22:33'),
(10, 18, 'announcement', 2, '2026-01-12 22:22:33'),
(11, 19, 'apply', 2, '2026-01-12 22:22:33'),
(12, 19, 'announcement', 1, '2026-01-12 22:22:33'),
(13, 19, 'announcement', 3, '2026-01-12 22:22:33'),
(14, 18, 'scholar', 2, '2026-01-12 22:57:01'),
(15, 18, 'release', 2, '2026-01-12 22:57:09'),
(16, 18, 'apply', 4, '2026-01-12 23:31:25');

-- --------------------------------------------------------

--
-- Table structure for table `report`
--

CREATE TABLE `report` (
  `id` int(10) UNSIGNED NOT NULL,
  `title` varchar(255) NOT NULL,
  `content` text DEFAULT NULL,
  `report_date` date DEFAULT NULL,
  `author_id` int(10) UNSIGNED DEFAULT NULL,
  `department_id` int(10) UNSIGNED DEFAULT NULL,
  `status` enum('draft','published','archived') NOT NULL DEFAULT 'draft',
  `attachment` varchar(255) DEFAULT NULL,
  `created_at` timestamp NOT NULL DEFAULT current_timestamp(),
  `updated_at` timestamp NULL DEFAULT NULL ON UPDATE current_timestamp()
) ENGINE=InnoDB DEFAULT CHARSET=utf8mb4 COLLATE=utf8mb4_unicode_ci;

-- --------------------------------------------------------

--
-- Table structure for table `reports`
--

CREATE TABLE `reports` (
  `id` int(11) NOT NULL,
  `user_id` int(11) NOT NULL,
  `report_title` varchar(255) NOT NULL,
  `report_type` varchar(50) NOT NULL DEFAULT 'other',
  `urgency_level` enum('low','medium','high') DEFAULT 'medium',
  `description` text NOT NULL,
  `file_path` varchar(255) DEFAULT NULL,
  `created_at` timestamp NOT NULL DEFAULT current_timestamp(),
  `updated_at` timestamp NOT NULL DEFAULT current_timestamp() ON UPDATE current_timestamp(),
  `status` enum('pending','under_review','resolved','closed') DEFAULT 'pending',
  `admin_response` text DEFAULT NULL,
  `responded_by` int(11) DEFAULT NULL,
  `responded_at` timestamp NULL DEFAULT NULL
) ENGINE=InnoDB DEFAULT CHARSET=utf8mb4 COLLATE=utf8mb4_general_ci;

--
-- Dumping data for table `reports`
--

INSERT INTO `reports` (`id`, `user_id`, `report_title`, `report_type`, `urgency_level`, `description`, `file_path`, `created_at`, `updated_at`, `status`, `admin_response`, `responded_by`, `responded_at`) VALUES
(1, 2, '', 'Academic Concern', 'medium', 'Need assistance with course registration for next semester', NULL, '2026-01-12 20:50:09', '2026-01-12 23:23:59', 'pending', NULL, NULL, NULL),
(2, 3, '', 'Financial Assistance', 'medium', 'Request for additional scholarship benefits', NULL, '2026-01-12 20:50:09', '2026-01-12 23:24:17', 'pending', NULL, NULL, NULL),
(3, 2, 'Delayed Stipend Release for November 2024', 'payment', 'high', 'My monthly stipend for November 2024 has not been credited to my account yet. The usual release date was November 15.', NULL, '2026-01-12 23:24:17', '2026-01-12 23:24:17', 'pending', NULL, NULL, NULL),
(4, 3, 'Request for Grade Submission Extension', 'document', 'medium', 'I need an extension to submit my mid-term grades due to family emergency. Can I submit by December 5 instead of November 30?', NULL, '2026-01-12 23:24:17', '2026-01-12 23:24:17', 'under_review', NULL, NULL, NULL);

-- --------------------------------------------------------

--
-- Table structure for table `report_images`
--

CREATE TABLE `report_images` (
  `id` int(11) NOT NULL,
  `report_id` int(11) NOT NULL,
  `file_name` varchar(255) NOT NULL,
  `file_path` varchar(500) NOT NULL,
  `original_name` varchar(255) NOT NULL,
  `file_type` varchar(100) NOT NULL,
  `file_size` int(11) NOT NULL,
  `uploaded_at` timestamp NOT NULL DEFAULT current_timestamp()
) ENGINE=InnoDB DEFAULT CHARSET=utf8mb4 COLLATE=utf8mb4_general_ci;

-- --------------------------------------------------------

--
-- Table structure for table `request_counters`
--

CREATE TABLE `request_counters` (
  `id` int(11) NOT NULL,
  `date` date NOT NULL,
  `count` int(11) DEFAULT 0,
  `max_limit` int(11) DEFAULT 30
) ENGINE=InnoDB DEFAULT CHARSET=utf8mb4 COLLATE=utf8mb4_general_ci;

--
-- Dumping data for table `request_counters`
--

INSERT INTO `request_counters` (`id`, `date`, `count`, `max_limit`) VALUES
(1, '2026-01-12', 1, 30),
(2, '2026-01-13', 4, 30);

-- --------------------------------------------------------

--
-- Table structure for table `rolepermissions_for_id`
--

CREATE TABLE `rolepermissions_for_id` (
  `RolePermissionID` int(11) NOT NULL,
  `RoleID` int(11) NOT NULL,
  `PermissionID` int(11) NOT NULL,
  `CreatedAt` datetime DEFAULT current_timestamp()
) ENGINE=InnoDB DEFAULT CHARSET=utf8mb4 COLLATE=utf8mb4_general_ci;

--
-- Dumping data for table `rolepermissions_for_id`
--

INSERT INTO `rolepermissions_for_id` (`RolePermissionID`, `RoleID`, `PermissionID`, `CreatedAt`) VALUES
(1, 1, 1, '2025-12-20 18:49:25'),
(2, 1, 2, '2025-12-20 18:49:25'),
(3, 1, 3, '2025-12-20 18:49:25'),
(4, 1, 4, '2025-12-20 18:49:25'),
(5, 1, 5, '2025-12-20 18:49:25'),
(6, 1, 6, '2025-12-20 18:49:25'),
(7, 1, 7, '2025-12-20 18:49:25'),
(8, 1, 8, '2025-12-20 18:49:25'),
(9, 2, 1, '2025-12-20 18:49:25'),
(10, 2, 3, '2025-12-20 18:49:25'),
(11, 2, 5, '2025-12-20 18:49:25'),
(12, 2, 6, '2025-12-20 18:49:25'),
(13, 2, 7, '2025-12-20 18:49:25'),
(14, 2, 8, '2025-12-20 18:53:58');

-- --------------------------------------------------------

--
-- Table structure for table `roles_for_id`
--

CREATE TABLE `roles_for_id` (
  `RoleID` int(11) NOT NULL,
  `RoleName` varchar(50) NOT NULL,
  `Description` varchar(255) DEFAULT NULL,
  `CreatedAt` datetime DEFAULT current_timestamp()
) ENGINE=InnoDB DEFAULT CHARSET=utf8mb4 COLLATE=utf8mb4_general_ci;

--
-- Dumping data for table `roles_for_id`
--

INSERT INTO `roles_for_id` (`RoleID`, `RoleName`, `Description`, `CreatedAt`) VALUES
(1, 'Admin', 'Full system access', '2025-12-20 18:42:12'),
(2, 'Staff', 'Limited system access', '2025-12-20 18:42:12');

-- --------------------------------------------------------

--
-- Table structure for table `rooms`
--

CREATE TABLE `rooms` (
  `room_id` int(11) NOT NULL,
  `room_number` varchar(20) NOT NULL COMMENT 'Room number or code',
  `room_type` enum('Lecture Hall','Computer Lab','Engineering Lab','Seminar Room') NOT NULL COMMENT 'Type of classroom',
  `capacity` int(11) NOT NULL COMMENT 'Maximum number of students',
  `floor` varchar(20) DEFAULT NULL COMMENT 'Floor location',
  `equipment` varchar(100) DEFAULT NULL COMMENT 'Special equipment (e.g., projector)',
  `status` enum('Available','Occupied','Maintenance') DEFAULT 'Available',
  `current_class_name` varchar(100) DEFAULT 'No Current Class',
  `current_professor` varchar(100) DEFAULT 'N/A',
  `current_time_slot` varchar(50) DEFAULT 'N/A'
) ENGINE=InnoDB DEFAULT CHARSET=utf8mb4 COLLATE=utf8mb4_general_ci;

--
-- Dumping data for table `rooms`
--

INSERT INTO `rooms` (`room_id`, `room_number`, `room_type`, `capacity`, `floor`, `equipment`, `status`, `current_class_name`, `current_professor`, `current_time_slot`) VALUES
(1, '204', 'Lecture Hall', 35, '2nd Floor', 'Projector, Whiteboard', 'Available', 'No Current Class', 'N/A', 'N/A'),
(2, '203', 'Lecture Hall', 35, '2nd Floor', 'Projector, Whiteboard', 'Available', 'No Current Class', 'N/A', 'N/A'),
(3, 'Lab1', 'Computer Lab', 35, '1st Floor', '30 PCs, Projector, Aircon. Whiteboard', 'Available', 'No Current Class', 'N/A', 'N/A');

-- --------------------------------------------------------

--
-- Table structure for table `schedules`
--

CREATE TABLE `schedules` (
  `schedule_id` int(11) NOT NULL,
  `subject_id` int(11) DEFAULT NULL,
  `instructor_id` int(11) DEFAULT NULL,
  `section_id` int(11) DEFAULT NULL,
  `room_id` int(11) DEFAULT NULL,
  `day_of_week` enum('Monday','Tuesday','Wednesday','Thursday','Friday','Saturday') NOT NULL COMMENT 'Day of class',
  `start_time` time NOT NULL COMMENT 'Class start time',
  `end_time` time NOT NULL COMMENT 'Class end time',
  `semester` enum('1st Semester','2nd Semester','Summer') NOT NULL COMMENT 'Academic semester',
  `academic_year` varchar(20) NOT NULL COMMENT 'Academic year (e.g., 2025–2026)',
  `StudID` int(11) DEFAULT NULL
) ENGINE=InnoDB DEFAULT CHARSET=utf8mb4 COLLATE=utf8mb4_general_ci;

--
-- Dumping data for table `schedules`
--

INSERT INTO `schedules` (`schedule_id`, `subject_id`, `instructor_id`, `section_id`, `room_id`, `day_of_week`, `start_time`, `end_time`, `semester`, `academic_year`, `StudID`) VALUES
(7, 1, 1, 4, 3, 'Monday', '07:00:00', '08:00:00', '1st Semester', '2024-2025', 127),
(8, 2, 1, 4, 3, 'Wednesday', '16:00:00', '17:30:00', '1st Semester', '2024-2025', 127),
(9, NULL, 3, 3, 3, 'Monday', '13:00:00', '14:00:00', '2nd Semester', '2024-2025', NULL),
(10, 2, 3, 4, 3, 'Monday', '09:00:00', '10:00:00', '1st Semester', '2024-2025', NULL);

-- --------------------------------------------------------

--
-- Table structure for table `schedule_reads`
--

CREATE TABLE `schedule_reads` (
  `id` int(11) NOT NULL,
  `schedule_id` varchar(50) DEFAULT NULL,
  `student_id` varchar(50) DEFAULT NULL,
  `read_at` timestamp NOT NULL DEFAULT current_timestamp()
) ENGINE=InnoDB DEFAULT CHARSET=utf8mb4 COLLATE=utf8mb4_general_ci;

--
-- Dumping data for table `schedule_reads`
--

INSERT INTO `schedule_reads` (`id`, `schedule_id`, `student_id`, `read_at`) VALUES
(1, '7', '128', '2026-01-13 07:08:37');

-- --------------------------------------------------------

--
-- Table structure for table `scholars`
--

CREATE TABLE `scholars` (
  `id` int(11) NOT NULL,
  `application_id` int(11) NOT NULL,
  `user_id` int(11) NOT NULL,
  `scholarship_type` varchar(100) DEFAULT 'Academic Scholarship',
  `start_date` date DEFAULT NULL,
  `end_date` date DEFAULT NULL,
  `status` enum('active','graduated','terminated') DEFAULT 'active',
  `created_at` timestamp NOT NULL DEFAULT current_timestamp(),
  `updated_at` timestamp NOT NULL DEFAULT current_timestamp() ON UPDATE current_timestamp()
) ENGINE=InnoDB DEFAULT CHARSET=utf8mb4 COLLATE=utf8mb4_general_ci;

--
-- Dumping data for table `scholars`
--

INSERT INTO `scholars` (`id`, `application_id`, `user_id`, `scholarship_type`, `start_date`, `end_date`, `status`, `created_at`, `updated_at`) VALUES
(2, 1, 18, 'Academic Scholarship', '2023-08-01', '2024-05-31', 'active', '2026-01-12 20:49:22', '2026-01-12 20:49:22');

-- --------------------------------------------------------

--
-- Table structure for table `sections`
--

CREATE TABLE `sections` (
  `section_id` int(11) NOT NULL,
  `name` varchar(50) NOT NULL COMMENT 'Section name (e.g., BSIT 3A)',
  `program_id` int(11) NOT NULL COMMENT 'FK to programs table',
  `year_level` int(11) NOT NULL COMMENT 'Current year level (1-4)'
) ENGINE=InnoDB DEFAULT CHARSET=utf8mb4 COLLATE=utf8mb4_general_ci;

--
-- Dumping data for table `sections`
--

INSERT INTO `sections` (`section_id`, `name`, `program_id`, `year_level`) VALUES
(1, 'BSN-4 BLOCK-1', 2, 4),
(2, 'BSN-2 BLOCK-2', 2, 2),
(3, 'BSCRIM-2 BLOCK-2', 4, 2),
(4, 'BSIT-4 BLOCK-1', 3, 4);

-- --------------------------------------------------------

--
-- Table structure for table `security_assignments_security`
--

CREATE TABLE `security_assignments_security` (
  `id_security` int(11) NOT NULL,
  `guard_id_security` int(11) NOT NULL,
  `post_security` varchar(100) NOT NULL,
  `shift_security` enum('morning','afternoon','night') NOT NULL,
  `assignment_date_security` date NOT NULL,
  `notes_security` text DEFAULT NULL,
  `assigned_by_security` int(11) NOT NULL,
  `created_at_security` timestamp NOT NULL DEFAULT current_timestamp(),
  `student_id_security` int(11) DEFAULT NULL
) ENGINE=InnoDB DEFAULT CHARSET=utf8mb4 COLLATE=utf8mb4_general_ci;

-- --------------------------------------------------------

--
-- Table structure for table `security_settings`
--

CREATE TABLE `security_settings` (
  `id` int(11) NOT NULL,
  `setting_name` varchar(100) NOT NULL,
  `setting_value` varchar(255) NOT NULL,
  `description` text DEFAULT NULL,
  `updated_at` timestamp NOT NULL DEFAULT current_timestamp() ON UPDATE current_timestamp(),
  `created_at` timestamp NOT NULL DEFAULT current_timestamp()
) ENGINE=InnoDB DEFAULT CHARSET=utf8mb4 COLLATE=utf8mb4_general_ci;

--
-- Dumping data for table `security_settings`
--

INSERT INTO `security_settings` (`id`, `setting_name`, `setting_value`, `description`, `updated_at`, `created_at`) VALUES
(1, 'max_login_attempts', '5', 'Maximum number of failed login attempts before lockout', '2026-01-12 22:16:48', '2026-01-12 22:16:48'),
(2, 'lockout_duration_days', '3', 'Number of days an account remains locked after exceeding failed attempts', '2026-01-12 22:16:48', '2026-01-12 22:16:48'),
(3, 'failed_attempts_window_minutes', '30', 'Time window in minutes to count failed login attempts', '2026-01-12 22:16:48', '2026-01-12 22:16:48'),
(4, 'enable_account_lockout', '1', 'Enable account lockout feature (1 = enabled, 0 = disabled)', '2026-01-12 22:16:48', '2026-01-12 22:16:48');

-- --------------------------------------------------------

--
-- Table structure for table `sessions`
--

CREATE TABLE `sessions` (
  `session_id` int(11) NOT NULL,
  `case_id` int(11) DEFAULT NULL,
  `UserID` int(11) DEFAULT NULL,
  `session_date` datetime DEFAULT NULL,
  `duration_minutes` int(11) DEFAULT NULL,
  `session_type` varchar(50) DEFAULT NULL,
  `location` varchar(100) DEFAULT NULL,
  `session_notes` text DEFAULT NULL,
  `interventions_used` text DEFAULT NULL,
  `student_response` text DEFAULT NULL,
  `homework_assigned` text DEFAULT NULL,
  `next_session_plan` text DEFAULT NULL,
  `session_outcome` text DEFAULT NULL,
  `created_at` timestamp NOT NULL DEFAULT current_timestamp(),
  `updated_at` timestamp NOT NULL DEFAULT current_timestamp() ON UPDATE current_timestamp(),
  `session_token` varchar(512) NOT NULL,
  `ip_address` varchar(45) DEFAULT NULL,
  `user_agent` text DEFAULT NULL
) ENGINE=InnoDB DEFAULT CHARSET=utf8mb4 COLLATE=utf8mb4_general_ci;

-- --------------------------------------------------------

--
-- Table structure for table `snapshots`
--

CREATE TABLE `snapshots` (
  `snapshot_id` int(11) NOT NULL,
  `image_path` varchar(255) DEFAULT NULL,
  `created_at` timestamp NOT NULL DEFAULT current_timestamp(),
  `attendance_log_id` int(11) DEFAULT NULL,
  `captured_at` timestamp NULL DEFAULT NULL
) ENGINE=InnoDB DEFAULT CHARSET=utf8mb4 COLLATE=utf8mb4_general_ci;

--
-- Dumping data for table `snapshots`
--

INSERT INTO `snapshots` (`snapshot_id`, `image_path`, `created_at`, `attendance_log_id`, `captured_at`) VALUES
(1, 'uploads/snapshots/snapshot_1_1766949274.png', '2025-12-28 11:14:34', 1, '2025-12-28 11:14:34'),
(2, 'uploads/snapshots/snapshot_1_1766949337.png', '2025-12-28 11:15:37', 1, '2025-12-28 11:15:37'),
(0, 'uploads/snapshots/snapshot_4_1768289496.png', '2026-01-13 07:31:36', 4, '2026-01-13 07:31:36'),
(0, 'uploads/snapshots/snapshot_5_1768289869.png', '2026-01-13 07:37:49', 5, '2026-01-13 07:37:49'),
(0, 'uploads/snapshots/snapshot_5_1768289931.png', '2026-01-13 07:38:51', 5, '2026-01-13 07:38:51');

-- --------------------------------------------------------

--
-- Table structure for table `special_events`
--

CREATE TABLE `special_events` (
  `event_id` int(11) NOT NULL,
  `event_name` varchar(150) DEFAULT NULL,
  `event_date` date DEFAULT NULL,
  `start_date` date DEFAULT NULL,
  `end_date` date DEFAULT NULL,
  `paid` enum('yes','no','partial') DEFAULT NULL,
  `description` text DEFAULT NULL
) ENGINE=InnoDB DEFAULT CHARSET=utf8mb4 COLLATE=utf8mb4_general_ci;

-- --------------------------------------------------------

--
-- Table structure for table `staff_profiles`
--

CREATE TABLE `staff_profiles` (
  `StaffProfileID` int(11) NOT NULL,
  `UserID` int(11) NOT NULL,
  `profile_picture` varchar(255) DEFAULT NULL,
  `contact_number` varchar(50) DEFAULT NULL,
  `counselor_id` varchar(50) DEFAULT NULL,
  `specialization` varchar(100) DEFAULT NULL,
  `created_at` timestamp NOT NULL DEFAULT current_timestamp(),
  `updated_at` timestamp NOT NULL DEFAULT current_timestamp() ON UPDATE current_timestamp()
) ENGINE=InnoDB DEFAULT CHARSET=utf8mb4 COLLATE=utf8mb4_unicode_ci;

--
-- Dumping data for table `staff_profiles`
--

INSERT INTO `staff_profiles` (`StaffProfileID`, `UserID`, `profile_picture`, `contact_number`, `counselor_id`, `specialization`, `created_at`, `updated_at`) VALUES
(1, 38, 'uploads/avatars/user_temp_1768286624_178d979d.png', '09380067775', '1', 'Counseling', '2026-01-13 06:43:44', '2026-01-13 06:43:44');

-- --------------------------------------------------------

--
-- Table structure for table `student`
--

CREATE TABLE `student` (
  `StudID` int(11) NOT NULL,
  `StudType` varchar(20) DEFAULT NULL,
  `SchoolID` varchar(20) DEFAULT NULL,
  `FName` varchar(50) DEFAULT NULL,
  `LName` varchar(50) DEFAULT NULL,
  `MName` varchar(50) DEFAULT NULL,
  `ExtName` varchar(10) DEFAULT NULL,
  `Age` int(3) DEFAULT NULL,
  `DateOfBirth` date DEFAULT NULL,
  `PlaceOfBirth` varchar(100) DEFAULT NULL,
  `Province` varchar(50) DEFAULT NULL,
  `Sex` varchar(10) DEFAULT NULL,
  `CivilStatus` varchar(20) DEFAULT NULL,
  `Religion` varchar(20) DEFAULT NULL,
  `Nationality` varchar(50) DEFAULT NULL,
  `PhoneNo` varchar(15) DEFAULT NULL,
  `EmailAddr` varchar(100) DEFAULT NULL,
  `FathersName` varchar(100) DEFAULT NULL,
  `MothersMName` varchar(100) DEFAULT NULL,
  `Course` varchar(50) DEFAULT NULL,
  `YearLvl` varchar(10) DEFAULT NULL,
  `Semester` varchar(10) DEFAULT NULL,
  `Block` varchar(20) DEFAULT NULL,
  `DeptID` int(11) DEFAULT NULL,
  `Summer` tinyint(1) DEFAULT 0,
  `CHEDScholar` varchar(10) DEFAULT 'No',
  `EnrollmentClass` varchar(20) DEFAULT 'Regular',
  `Address` varchar(150) DEFAULT NULL,
  `Guardian` varchar(100) DEFAULT NULL,
  `LastSchoolAtt` varchar(100) DEFAULT NULL,
  `QRcode` varchar(255) DEFAULT NULL,
  `IsGraduate` tinyint(1) DEFAULT 0,
  `GrantAuthorityNumber` varchar(100) DEFAULT NULL,
  `YearGranted` varchar(10) DEFAULT NULL,
  `DateGranted` timestamp NULL DEFAULT NULL,
  `user_id` int(11) DEFAULT NULL,
  `username` varchar(100) DEFAULT NULL,
  `password` varchar(255) DEFAULT NULL,
  `program_id` int(11) NOT NULL COMMENT 'FK to programs table',
  `account_status` enum('Active','Inactive','Pending','Suspended') DEFAULT 'Pending',
  `last_login` datetime DEFAULT NULL,
  `reset_token` varchar(100) DEFAULT NULL,
  `reset_token_expires` datetime DEFAULT NULL,
  `failed_login_attempts` tinyint(4) DEFAULT 0,
  `account_locked_until` datetime DEFAULT NULL,
  `email_verified` tinyint(1) DEFAULT 0
) ENGINE=InnoDB DEFAULT CHARSET=utf8mb4 COLLATE=utf8mb4_general_ci;

--
-- Dumping data for table `student`
--

INSERT INTO `student` (`StudID`, `StudType`, `SchoolID`, `FName`, `LName`, `MName`, `ExtName`, `Age`, `DateOfBirth`, `PlaceOfBirth`, `Province`, `Sex`, `CivilStatus`, `Religion`, `Nationality`, `PhoneNo`, `EmailAddr`, `FathersName`, `MothersMName`, `Course`, `YearLvl`, `Semester`, `Block`, `DeptID`, `Summer`, `CHEDScholar`, `EnrollmentClass`, `Address`, `Guardian`, `LastSchoolAtt`, `QRcode`, `IsGraduate`, `GrantAuthorityNumber`, `YearGranted`, `DateGranted`, `user_id`, `username`, `password`, `program_id`, `account_status`, `last_login`, `reset_token`, `reset_token_expires`, `failed_login_attempts`, `account_locked_until`, `email_verified`) VALUES
(125, 'New Student', '22-123456', 'Lovely Joy', 'Sia', 'Borbus', '', 18, '2007-10-07', 'Tacloban City', 'Leyte', 'Female', 'Single', 'Roman Catholic', 'Filipino', '09123456789', 'love.joy@gmail.com', 'Francisco Y. Sia', 'Marita Entanes Sia', 'Bachelor of Science in Information Technology', '1st Year', '2nd Sem', '0', 1, 0, 'No', 'Regular', 'Brgy 109-A V&G Subd. Tacloban City', 'Marita B. Sia', 'SNHS', 'qr_22_123456_1768114326.png', 0, NULL, NULL, NULL, 20, 'lovely', '$2y$10$KAZlLgKMTmDTlVQsk/nyQeTUyE5rOBq7N1Ndfaez/bdHjf96mLb7K', 0, 'Pending', NULL, NULL, NULL, 0, NULL, 0),
(126, 'New Student', '22-123455', 'Marianne', 'Ellaso', 'Catenza', '', 18, '2007-04-07', 'Barugo, Leyte', NULL, 'Female', 'Single', 'Roman Catholic', 'Filipino', '09468179296', 'marianne@gmail.com', 'Minardo Ellaso', 'Sonia Arpon Catenza', 'Bachelor of Science in Information Technology', '1st Year', '2nd Sem', '0', 1, 0, 'No', 'Regular', 'Brgy 109-A V&G Tacloban City', 'Sonia C. Ellaso', 'Ibag Senior High School', 'qr_22_123455_1768114731.png', 0, NULL, NULL, NULL, NULL, NULL, NULL, 0, 'Pending', NULL, NULL, NULL, 0, NULL, 0),
(127, 'New Student', '22-123459', 'Kent Jade', 'Basiano', 'Enrile', '', 18, '2007-09-22', 'Tacloban City', NULL, 'Male', 'Single', 'Baptist', 'Filipino', '09279872184', 'kentmasyado@gmail.com', 'Jason Basiano', 'Gemma Naputo Enrile', 'Bachelor of Science in Information Technology', '1st Year', '2nd Sem', '0', 1, 0, 'No', 'Regular', 'San Jose Tacloban City', 'Jason Basiano', 'ACLC', 'qr_22_123459_1768197457.png', 0, NULL, NULL, NULL, 16, NULL, NULL, 0, 'Pending', NULL, NULL, NULL, 0, NULL, 0),
(129, 'New Student', '22-123450', 'Mark Anthony', 'Gamalo', 'Carcellar', '', 18, '2007-04-09', 'Tacloban City', NULL, 'Male', 'Single', 'Roman Catholic', 'Filipino', '09284538746', 'mark.gamalo@gmail.com', 'Jason Gamalo', 'Fely Abad Carcellar', 'Bachelor of Science in Information Technology', '1st Year', '2nd Sem', '0', 1, 0, 'No', 'Regular', 'Brgy Diit, Tacloban City', 'Jason Gamalo', 'SOS', 'qr_22_123450_1768290460.png', 0, NULL, NULL, NULL, 48, 'mar123', NULL, 0, 'Pending', NULL, NULL, NULL, 0, NULL, 0),
(130, 'New Student', '22-123457', 'Francisco', 'Rivas', 'Benile', '', 18, '2007-09-08', 'Tacloban City', 'Leyte', 'Male', 'Single', 'Roman Catholic', 'Filipino', '09678237823', 'franz.rivas@gmail.com', 'Francisco Rivas Sr.', 'Gemma Daylo Benile', 'Bachelor of Science in Information Technology', '1st Year', '2nd Sem', '0', 1, 0, 'No', 'Regular', 'Brgy Binulsakan, Dulag Leyte', 'Francisco Rivas Sr.', 'ACLC', 'qr_22_123457_1768292794.png', 0, NULL, NULL, NULL, NULL, NULL, '$2y$10$Akmll71h3gkrOULIevBGO.XjLMEiQR9SM90T4P8Z1mmKyepvkVY36', 0, 'Pending', NULL, NULL, NULL, 0, NULL, 0),
(135, 'New Student', '22-123451', 'Rico', 'Abad', 'Xernan', 'Jr', 19, '2006-03-08', 'Tacloban City', NULL, 'Male', 'Single', 'INC', 'Filipino', '09284652876', 'rics.abad@gmail.com', 'Rico Abad Sr.', 'Lady Joy Mijara Xernan', 'Bachelor of Science in Information Technology', '2nd Year', '2nd Sem', '0', 1, 0, 'No', 'Regular', 'Brgy Sampaguita, Tacloban City', 'Rico Abad Sr.', 'ACLC', 'qr_22_123451_1768294532.png', 0, NULL, NULL, NULL, NULL, NULL, NULL, 0, 'Pending', NULL, NULL, NULL, 0, NULL, 0);

-- --------------------------------------------------------

--
-- Table structure for table `student_guidance`
--

CREATE TABLE `student_guidance` (
  `StudGuidance_ID` int(11) NOT NULL,
  `StudID` int(11) DEFAULT NULL,
  `profile_picture` varchar(255) DEFAULT NULL,
  `PersonalEmail` varchar(255) DEFAULT NULL,
  `StudentPhone` varchar(50) DEFAULT NULL,
  `GuardianPhone` varchar(50) DEFAULT NULL,
  `GuardianName` varchar(255) DEFAULT NULL,
  `CompleteAddress` varchar(500) DEFAULT NULL,
  `created_at` timestamp NOT NULL DEFAULT current_timestamp(),
  `updated_at` timestamp NULL DEFAULT NULL ON UPDATE current_timestamp()
) ENGINE=InnoDB DEFAULT CHARSET=utf8mb4 COLLATE=utf8mb4_unicode_ci;

-- --------------------------------------------------------

--
-- Table structure for table `student_identification`
--

CREATE TABLE `student_identification` (
  `StudentID` int(11) NOT NULL,
  `StudentNumber` varchar(20) NOT NULL,
  `FullName` varchar(100) NOT NULL,
  `Course` varchar(50) NOT NULL,
  `YearLevel` int(11) NOT NULL,
  `ContactNo` varchar(15) NOT NULL,
  `GuardianName` varchar(100) NOT NULL,
  `GuardianContact` varchar(15) NOT NULL,
  `Birthdate` date NOT NULL,
  `Address` varchar(255) DEFAULT NULL,
  `Qr_token` varchar(64) NOT NULL,
  `Photo` varchar(255) DEFAULT NULL,
  `Signature` varchar(255) DEFAULT NULL,
  `Qrimage` varchar(255) NOT NULL,
  `CreatedAt` datetime DEFAULT current_timestamp(),
  `ExpiryDate` date DEFAULT NULL
) ENGINE=InnoDB DEFAULT CHARSET=utf8mb4 COLLATE=utf8mb4_general_ci;

--
-- Dumping data for table `student_identification`
--

INSERT INTO `student_identification` (`StudentID`, `StudentNumber`, `FullName`, `Course`, `YearLevel`, `ContactNo`, `GuardianName`, `GuardianContact`, `Birthdate`, `Address`, `Qr_token`, `Photo`, `Signature`, `Qrimage`, `CreatedAt`, `ExpiryDate`) VALUES
(1, '22-378603', 'Jasten Donasco', 'BSIT', 4, '09436278382', 'Test', '09347623842', '2003-06-17', 'test street', 'd1453e4c7f0b3753a3b057bba7a8a578', '1765863134_1705282658145-removebg-preview.png', '1765863134_b1256934-da0f-4fd4-83bc-f681da624725 (1).png', 'qr_img/d1453e4c7f0b3753a3b057bba7a8a578.png', '2025-12-16 14:32:14', '2029-12-16'),
(2, '22-935087', 'Arghin Mark S. Adolf', 'BSIT', 4, '09691894248', 'Hwkwnsva', '09462838646', '2025-12-17', 'Hanansbahks', 'a85199e184d2ccc530521cec1fc96726', 'photo_1765935139_6455.jpg', 'sign_1765935139_6245.png', 'uploads/a85199e184d2ccc530521cec1fc96726.png', '2025-12-17 10:32:37', '2029-12-17'),
(3, '22-902699', 'Jasten Donasco', 'BSTM', 2, '09436278382', 'Test', '09347623842', '2003-06-17', 'dahdada', 'd3844e29c7b0007d952109f8b29f5a63', '1765936368_image-removebg-preview (9).png', '1765936368_b1256934-da0f-4fd4-83bc-f681da624725__1_-removebg-preview.png', 'qr_img/d3844e29c7b0007d952109f8b29f5a63.png', '2025-12-17 10:52:48', '2029-12-17'),
(4, '22-941082', 'Marasa Ragmac', 'BSCE', 1, '09436278382', 'Test', '09347623842', '2025-12-17', 'kwgewgeywgeyu', '211f43b28703bbbe3a43197af0aa2db5', '1765936554_image-removebg-preview (1).png', '1765936554_b1256934-da0f-4fd4-83bc-f681da624725 (1).png', 'qr_img/211f43b28703bbbe3a43197af0aa2db5.png', '2025-12-17 10:55:54', '2029-12-17'),
(5, '22-041646', 'Marasa Ragmac', 'BSIT', 1, '09436278382', 'Test', '09347623842', '2025-12-17', 'duqyuiqyiyqe', '7fc1fe44390e43e81644a8d03ad67306', '1765936687_image-removebg-preview.png', '1765936687_b1256934-da0f-4fd4-83bc-f681da624725 (1).png', 'qr_img/7fc1fe44390e43e81644a8d03ad67306.png', '2025-12-17 10:58:07', '2029-12-17'),
(6, '22-655903', 'Marasa Ragmac', 'BSTM', 2, '09436278382', 'Test', '09347623842', '2025-12-17', 'fgfffff', 'be5ba569886b7b9003317f2d566debba', '1765937030_image-removebg-preview (8).png', '1765937030_b1256934-da0f-4fd4-83bc-f681da624725 (1).png', 'qr_img/be5ba569886b7b9003317f2d566debba.png', '2025-12-17 11:03:51', '2029-12-17'),
(7, '22-669566', 'Marasa Ragmac', 'BSHM', 4, '09436278382', 'Test', '09347623842', '2025-12-17', 'gdwyegdywle', 'a5b160cad19cd8564ee08fb7755cb297', '1765937239_image-removebg-preview (10).png', '1765937239_b1256934-da0f-4fd4-83bc-f681da624725 (1).png', 'qr_img/a5b160cad19cd8564ee08fb7755cb297.png', '2025-12-17 11:07:20', '2029-12-17'),
(8, '22-310652', 'Marasa Ragmac', 'BSA', 1, '09436278382', 'Test', '09347623842', '2025-12-17', 'ljdakdksa', 'a9d123109e6872ac6297095c2325bcab', '1765948281_image-removebg-preview (10).png', '1765948281_b1256934-da0f-4fd4-83bc-f681da624725 (1).png', 'qr_img/a9d123109e6872ac6297095c2325bcab.png', '2025-12-17 14:11:21', '2029-12-17'),
(9, '22-633071', 'Marasa Ragmac', 'BSED', 1, '09436278382', 'Test', '09347623842', '2025-12-17', ';wgigfafjsjh', '71d30cf68ca886db90c0fe05cd04e216', '1765948422_image-removebg-preview (10).png', '1765948422_b1256934-da0f-4fd4-83bc-f681da624725__1_-removebg-preview.png', 'qr_img/71d30cf68ca886db90c0fe05cd04e216.png', '2025-12-17 14:13:42', '2029-12-17'),
(11, '22-872467', 'Jhon Wick', 'BSED', 3, '09704504569', 'Haha', '09704504582', '2002-01-11', 'Haha', '5f3c5cf009a2f6f708d1bfb2060a0036', 'photo_1768122175_2023.jpg', 'sign_1768122175_3919.png', 'qr_img/5f3c5cf009a2f6f708d1bfb2060a0036.png', '2026-01-11 17:03:15', '2030-01-11'),
(13, '22-942750', 'Francisco Rivas', 'BSCE', 2, '09704504569', 'Mark Wick', '09704504582', '2000-01-13', 'Test', '262fd66748bad581a1a0a69f20ac599f', 'photo_1768286287_2053.jpg', 'sign_1768286287_5063.png', 'qr_img/262fd66748bad581a1a0a69f20ac599f.png', '2026-01-13 14:38:25', '2030-01-13');

-- --------------------------------------------------------

--
-- Table structure for table `student_requests`
--

CREATE TABLE `student_requests` (
  `RequestID` int(11) NOT NULL,
  `FullName` varchar(100) NOT NULL,
  `Course` varchar(50) NOT NULL,
  `YearLevel` int(11) NOT NULL,
  `ContactNo` varchar(15) NOT NULL,
  `GuardianName` varchar(100) NOT NULL,
  `GuardianContact` varchar(15) NOT NULL,
  `Birthdate` date NOT NULL,
  `Address` varchar(255) DEFAULT NULL,
  `Qr_token` varchar(64) NOT NULL,
  `Qrimage` varchar(255) DEFAULT NULL,
  `Photo` varchar(255) DEFAULT 'user.png',
  `Signature` varchar(255) NOT NULL,
  `Status` enum('Pending','Approved','Rejected') DEFAULT 'Pending',
  `CreatedAt` datetime DEFAULT current_timestamp(),
  `ApprovedAt` datetime DEFAULT NULL,
  `RejectionReason` text DEFAULT NULL,
  `RejectedAt` datetime DEFAULT NULL
) ENGINE=InnoDB DEFAULT CHARSET=utf8mb4 COLLATE=utf8mb4_general_ci;

--
-- Dumping data for table `student_requests`
--

INSERT INTO `student_requests` (`RequestID`, `FullName`, `Course`, `YearLevel`, `ContactNo`, `GuardianName`, `GuardianContact`, `Birthdate`, `Address`, `Qr_token`, `Qrimage`, `Photo`, `Signature`, `Status`, `CreatedAt`, `ApprovedAt`, `RejectionReason`, `RejectedAt`) VALUES
(1, 'Arghin Mark S. Adolf', 'BSIT', 4, '09691894248', 'Hwkwnsva', '09462838646', '2025-12-17', 'Hanansbahks', 'a85199e184d2ccc530521cec1fc96726', 'uploads/a85199e184d2ccc530521cec1fc96726.png', 'photo_1765935139_6455.jpg', 'sign_1765935139_6245.png', 'Approved', '2025-12-17 10:32:19', '2025-12-17 10:32:37', NULL, NULL),
(2, 'Jhon Wick', 'BSED', 3, '09704504569', 'Haha', '09704504582', '2002-01-11', 'Haha', '5f3c5cf009a2f6f708d1bfb2060a0036', 'qr_img/5f3c5cf009a2f6f708d1bfb2060a0036.png', 'photo_1768122175_2023.jpg', 'sign_1768122175_3919.png', 'Approved', '2026-01-11 17:02:57', '2026-01-11 17:03:15', NULL, NULL),
(3, 'Francisco Rivas', 'BSCE', 2, '09704504569', 'Mark Wick', '09704504582', '2000-01-13', 'Test', '262fd66748bad581a1a0a69f20ac599f', 'qr_img/262fd66748bad581a1a0a69f20ac599f.png', 'photo_1768286287_2053.jpg', 'sign_1768286287_5063.png', 'Approved', '2026-01-13 14:38:09', '2026-01-13 14:38:25', NULL, NULL);

-- --------------------------------------------------------

--
-- Table structure for table `student_schedules`
--

CREATE TABLE `student_schedules` (
  `ss_id` int(11) NOT NULL,
  `StudID` int(11) NOT NULL,
  `schedule_id` int(11) NOT NULL,
  `assigned_at` timestamp NOT NULL DEFAULT current_timestamp()
) ENGINE=InnoDB DEFAULT CHARSET=utf8mb4 COLLATE=utf8mb4_general_ci;

-- --------------------------------------------------------

--
-- Table structure for table `student_subjects`
--

CREATE TABLE `student_subjects` (
  `stud_subj_id` int(11) NOT NULL,
  `StudID` int(11) NOT NULL,
  `SubjectID` int(11) NOT NULL
) ENGINE=InnoDB DEFAULT CHARSET=utf8mb4 COLLATE=utf8mb4_general_ci;

--
-- Dumping data for table `student_subjects`
--

INSERT INTO `student_subjects` (`stud_subj_id`, `StudID`, `SubjectID`) VALUES
(3, 125, 1),
(4, 125, 2),
(5, 125, 1),
(6, 125, 2),
(7, 125, 1),
(8, 126, 1),
(9, 125, 2),
(10, 128, 1),
(12, 128, 2),
(13, 128, 1),
(15, 128, 2),
(16, 128, 1),
(18, 128, 2),
(19, 128, 1),
(21, 128, 2);

-- --------------------------------------------------------

--
-- Table structure for table `subject`
--

CREATE TABLE `subject` (
  `SubjectID` int(11) NOT NULL,
  `SubCode` varchar(20) NOT NULL,
  `SubName` varchar(50) NOT NULL,
  `DescTitle` varchar(150) DEFAULT NULL,
  `Unit` decimal(3,1) DEFAULT NULL,
  `Cost` decimal(10,2) DEFAULT NULL,
  `type` enum('Lecture','Lab','Lecture/Lab') NOT NULL COMMENT 'Subject type',
  `year_level` int(11) NOT NULL COMMENT 'Year level required'
) ENGINE=InnoDB DEFAULT CHARSET=utf8mb4 COLLATE=utf8mb4_general_ci;

--
-- Dumping data for table `subject`
--

INSERT INTO `subject` (`SubjectID`, `SubCode`, `SubName`, `DescTitle`, `Unit`, `Cost`, `type`, `year_level`) VALUES
(1, 'ITP 101', 'Integrative Programming', 'system integration', 3.0, 3144.07, 'Lecture', 4),
(2, 'ITP 422', 'System Architecture', 'conceptual blueprint defining a system\'s structure', 3.0, 3144.07, 'Lecture', 1);

-- --------------------------------------------------------

--
-- Table structure for table `subjectenrollment`
--

CREATE TABLE `subjectenrollment` (
  `EnrollID` int(11) NOT NULL,
  `StudID` int(11) NOT NULL,
  `SubjectID` int(11) NOT NULL,
  `EPeriodID` int(11) DEFAULT NULL,
  `EnrollDate` timestamp NOT NULL DEFAULT current_timestamp()
) ENGINE=InnoDB DEFAULT CHARSET=utf8mb4 COLLATE=utf8mb4_general_ci;

--
-- Dumping data for table `subjectenrollment`
--

INSERT INTO `subjectenrollment` (`EnrollID`, `StudID`, `SubjectID`, `EPeriodID`, `EnrollDate`) VALUES
(5, 125, 1, 2, '2026-01-11 06:52:08'),
(6, 125, 2, 2, '2026-01-11 06:52:08'),
(7, 126, 2, 2, '2026-01-11 06:58:53'),
(8, 127, 1, 2, '2026-01-12 05:57:41'),
(9, 127, 2, 2, '2026-01-12 05:57:41'),
(10, 128, 1, 2, '2026-01-13 06:46:31'),
(11, 129, 2, 2, '2026-01-13 07:47:42'),
(12, 129, 1, 2, '2026-01-13 07:47:42'),
(13, 130, 1, 2, '2026-01-13 08:26:36'),
(14, 130, 2, 2, '2026-01-13 08:26:36'),
(15, 135, 1, 2, '2026-01-13 08:55:36');

-- --------------------------------------------------------

--
-- Table structure for table `subjects`
--

CREATE TABLE `subjects` (
  `SubjectID` int(11) NOT NULL,
  `SubCode` varchar(50) NOT NULL,
  `SubName` varchar(150) NOT NULL,
  `DescTitle` varchar(255) DEFAULT NULL,
  `Unit` decimal(3,1) DEFAULT 3.0,
  `created_at` timestamp NOT NULL DEFAULT current_timestamp()
) ENGINE=InnoDB DEFAULT CHARSET=utf8mb4 COLLATE=utf8mb4_general_ci;

--
-- Dumping data for table `subjects`
--

INSERT INTO `subjects` (`SubjectID`, `SubCode`, `SubName`, `DescTitle`, `Unit`, `created_at`) VALUES
(2, 'CS201', 'Data Structures', 'Fundamental data structures', 4.0, '2024-01-16 01:30:00'),
(101, 'programming', 'Introduction of programming', 'Introduction of programming', 3.0, '2024-01-15 02:00:00');

-- --------------------------------------------------------

--
-- Table structure for table `subject_reads`
--

CREATE TABLE `subject_reads` (
  `id` int(11) NOT NULL,
  `subject_id` varchar(50) DEFAULT NULL,
  `student_id` varchar(50) DEFAULT NULL,
  `read_at` timestamp NOT NULL DEFAULT current_timestamp()
) ENGINE=InnoDB DEFAULT CHARSET=utf8mb4 COLLATE=utf8mb4_general_ci;

--
-- Dumping data for table `subject_reads`
--

INSERT INTO `subject_reads` (`id`, `subject_id`, `student_id`, `read_at`) VALUES
(1, '1', '128', '2026-01-13 07:08:37'),
(2, '2', '128', '2026-01-13 07:08:37'),
(3, '4', '128', '2026-01-13 07:08:37');

-- --------------------------------------------------------

--
-- Table structure for table `suspension_reasons`
--

CREATE TABLE `suspension_reasons` (
  `id` int(11) NOT NULL,
  `user_id` int(11) NOT NULL,
  `reason` text NOT NULL,
  `suspended_by` int(11) NOT NULL,
  `suspended_until` timestamp NULL DEFAULT NULL,
  `created_at` timestamp NOT NULL DEFAULT current_timestamp()
) ENGINE=InnoDB DEFAULT CHARSET=utf8mb4 COLLATE=utf8mb4_general_ci;

-- --------------------------------------------------------

--
-- Table structure for table `system_logs_security`
--

CREATE TABLE `system_logs_security` (
  `id_security` int(11) NOT NULL,
  `user_id_security` int(11) DEFAULT NULL,
  `action_security` varchar(100) NOT NULL,
  `description_security` text DEFAULT NULL,
  `module_security` varchar(50) NOT NULL,
  `record_id_security` int(11) DEFAULT NULL,
  `ip_address_security` varchar(45) DEFAULT NULL,
  `user_agent_security` text DEFAULT NULL,
  `created_at_security` timestamp NOT NULL DEFAULT current_timestamp(),
  `student_id_security` int(11) DEFAULT NULL
) ENGINE=InnoDB DEFAULT CHARSET=utf8mb4 COLLATE=utf8mb4_general_ci;

--
-- Dumping data for table `system_logs_security`
--

INSERT INTO `system_logs_security` (`id_security`, `user_id_security`, `action_security`, `description_security`, `module_security`, `record_id_security`, `ip_address_security`, `user_agent_security`, `created_at_security`, `student_id_security`) VALUES
(425, 10, 'staff_login', 'Staff logged into system', 'auth', NULL, '::1', 'Mozilla/5.0 (Windows NT 10.0; Win64; x64) AppleWebKit/537.36 (KHTML, like Gecko) Chrome/143.0.0.0 Safari/537.36', '2026-01-09 17:32:30', NULL),
(426, 10, 'user_logout', 'User logged out of system', 'auth', NULL, '::1', 'Mozilla/5.0 (Windows NT 10.0; Win64; x64) AppleWebKit/537.36 (KHTML, like Gecko) Chrome/143.0.0.0 Safari/537.36', '2026-01-09 18:26:55', NULL),
(427, 102, 'student_login', 'Student logged into system', 'auth', NULL, '::1', 'Mozilla/5.0 (Windows NT 10.0; Win64; x64) AppleWebKit/537.36 (KHTML, like Gecko) Chrome/143.0.0.0 Safari/537.36', '2026-01-09 20:01:53', NULL),
(428, 102, 'user_logout', 'User logged out of system', 'auth', NULL, '::1', 'Mozilla/5.0 (Windows NT 10.0; Win64; x64) AppleWebKit/537.36 (KHTML, like Gecko) Chrome/143.0.0.0 Safari/537.36', '2026-01-09 20:03:17', NULL),
(429, 101, 'student_login', 'Student logged into system', 'auth', NULL, '::1', 'Mozilla/5.0 (Windows NT 10.0; Win64; x64) AppleWebKit/537.36 (KHTML, like Gecko) Chrome/143.0.0.0 Safari/537.36', '2026-01-09 20:03:30', NULL),
(430, 101, 'user_logout', 'User logged out of system', 'auth', NULL, '::1', 'Mozilla/5.0 (Windows NT 10.0; Win64; x64) AppleWebKit/537.36 (KHTML, like Gecko) Chrome/143.0.0.0 Safari/537.36', '2026-01-09 20:04:25', NULL),
(431, 1, 'staff_login', 'Staff logged into system', 'auth', NULL, '::1', 'Mozilla/5.0 (Windows NT 10.0; Win64; x64) AppleWebKit/537.36 (KHTML, like Gecko) Chrome/143.0.0.0 Safari/537.36', '2026-01-10 02:55:20', NULL),
(432, 102, 'student_login', 'Student logged into system', 'auth', NULL, '192.168.1.27', 'Mozilla/5.0 (Windows NT 10.0; Win64; x64) AppleWebKit/537.36 (KHTML, like Gecko) Chrome/143.0.0.0 Safari/537.36', '2026-01-11 06:16:58', NULL),
(433, 102, 'user_logout', 'User logged out of system', 'auth', NULL, '192.168.1.27', 'Mozilla/5.0 (Windows NT 10.0; Win64; x64) AppleWebKit/537.36 (KHTML, like Gecko) Chrome/143.0.0.0 Safari/537.36', '2026-01-11 06:17:46', NULL),
(434, 13, 'staff_login', 'Staff logged into system', 'auth', NULL, '::1', 'Mozilla/5.0 (Windows NT 10.0; Win64; x64) AppleWebKit/537.36 (KHTML, like Gecko) Chrome/143.0.0.0 Safari/537.36', '2026-01-12 03:14:13', NULL),
(435, 13, 'user_logout', 'User logged out of system', 'auth', NULL, '::1', 'Mozilla/5.0 (Windows NT 10.0; Win64; x64) AppleWebKit/537.36 (KHTML, like Gecko) Chrome/143.0.0.0 Safari/537.36', '2026-01-12 03:15:25', NULL),
(436, 16, 'staff_login', 'Staff logged into system', 'auth', NULL, '::1', 'Mozilla/5.0 (Windows NT 10.0; Win64; x64) AppleWebKit/537.36 (KHTML, like Gecko) Chrome/143.0.0.0 Safari/537.36', '2026-01-12 03:15:40', NULL),
(437, 16, 'user_logout', 'User logged out of system', 'auth', NULL, '::1', 'Mozilla/5.0 (Windows NT 10.0; Win64; x64) AppleWebKit/537.36 (KHTML, like Gecko) Chrome/143.0.0.0 Safari/537.36', '2026-01-12 03:16:30', NULL),
(438, 1, 'staff_login', 'Staff logged into system', 'auth', NULL, '::1', 'Mozilla/5.0 (Windows NT 10.0; Win64; x64) AppleWebKit/537.36 (KHTML, like Gecko) Chrome/143.0.0.0 Safari/537.36', '2026-01-12 03:16:47', NULL),
(439, 1, 'user_logout', 'User logged out of system', 'auth', NULL, '::1', 'Mozilla/5.0 (Windows NT 10.0; Win64; x64) AppleWebKit/537.36 (KHTML, like Gecko) Chrome/143.0.0.0 Safari/537.36', '2026-01-12 03:17:15', NULL),
(440, 1, 'staff_login', 'Staff logged into system', 'auth', NULL, '10.89.229.219', 'Mozilla/5.0 (Windows NT 10.0; Win64; x64) AppleWebKit/537.36 (KHTML, like Gecko) Chrome/143.0.0.0 Safari/537.36', '2026-01-12 06:02:28', NULL),
(441, 1, 'user_logout', 'User logged out of system', 'auth', NULL, '10.89.229.219', 'Mozilla/5.0 (Windows NT 10.0; Win64; x64) AppleWebKit/537.36 (KHTML, like Gecko) Chrome/143.0.0.0 Safari/537.36', '2026-01-12 06:03:44', NULL),
(442, 103, 'student_login', 'Student logged into system', 'auth', NULL, '::1', 'Mozilla/5.0 (Windows NT 10.0; Win64; x64) AppleWebKit/537.36 (KHTML, like Gecko) Chrome/143.0.0.0 Safari/537.36', '2026-01-12 06:42:52', NULL),
(443, 103, 'user_logout', 'User logged out of system', 'auth', NULL, '::1', 'Mozilla/5.0 (Windows NT 10.0; Win64; x64) AppleWebKit/537.36 (KHTML, like Gecko) Chrome/143.0.0.0 Safari/537.36', '2026-01-12 06:43:10', NULL),
(444, 1, 'staff_login', 'Staff logged into system', 'auth', NULL, '::1', 'Mozilla/5.0 (Windows NT 10.0; Win64; x64) AppleWebKit/537.36 (KHTML, like Gecko) Chrome/143.0.0.0 Safari/537.36', '2026-01-12 06:43:24', NULL),
(445, 1, 'user_logout', 'User logged out of system', 'auth', NULL, '::1', 'Mozilla/5.0 (Windows NT 10.0; Win64; x64) AppleWebKit/537.36 (KHTML, like Gecko) Chrome/143.0.0.0 Safari/537.36', '2026-01-12 06:43:37', NULL),
(446, 13, 'staff_login', 'Staff logged into system', 'auth', NULL, '::1', 'Mozilla/5.0 (Windows NT 10.0; Win64; x64) AppleWebKit/537.36 (KHTML, like Gecko) Chrome/143.0.0.0 Safari/537.36', '2026-01-12 06:43:48', NULL),
(447, 13, 'attendance_managed', 'check_in record added for user ID: 15', 'attendance', NULL, '::1', 'Mozilla/5.0 (Windows NT 10.0; Win64; x64) AppleWebKit/537.36 (KHTML, like Gecko) Chrome/143.0.0.0 Safari/537.36', '2026-01-12 06:44:14', NULL),
(448, 13, 'user_logout', 'User logged out of system', 'auth', NULL, '::1', 'Mozilla/5.0 (Windows NT 10.0; Win64; x64) AppleWebKit/537.36 (KHTML, like Gecko) Chrome/143.0.0.0 Safari/537.36', '2026-01-12 06:44:27', NULL),
(449, 15, 'staff_login', 'Staff logged into system', 'auth', NULL, '::1', 'Mozilla/5.0 (Windows NT 10.0; Win64; x64) AppleWebKit/537.36 (KHTML, like Gecko) Chrome/143.0.0.0 Safari/537.36', '2026-01-12 06:44:38', NULL),
(450, 15, 'user_logout', 'User logged out of system', 'auth', NULL, '::1', 'Mozilla/5.0 (Windows NT 10.0; Win64; x64) AppleWebKit/537.36 (KHTML, like Gecko) Chrome/143.0.0.0 Safari/537.36', '2026-01-12 06:45:01', NULL),
(451, 12, 'staff_login', 'Staff logged into system', 'auth', NULL, '::1', 'Mozilla/5.0 (Windows NT 10.0; Win64; x64) AppleWebKit/537.36 (KHTML, like Gecko) Chrome/143.0.0.0 Safari/537.36', '2026-01-12 06:45:26', NULL),
(452, 12, 'user_logout', 'User logged out of system', 'auth', NULL, '::1', 'Mozilla/5.0 (Windows NT 10.0; Win64; x64) AppleWebKit/537.36 (KHTML, like Gecko) Chrome/143.0.0.0 Safari/537.36', '2026-01-12 06:45:35', NULL),
(453, 1, 'staff_login', 'Staff logged into system', 'auth', NULL, '192.168.1.155', 'Mozilla/5.0 (Windows NT 10.0; Win64; x64) AppleWebKit/537.36 (KHTML, like Gecko) Chrome/143.0.0.0 Safari/537.36', '2026-01-12 07:36:41', NULL),
(454, 1, 'user_created', 'Created new user: KuyaGuard (security_guard)', 'users', 105, '192.168.1.155', 'Mozilla/5.0 (Windows NT 10.0; Win64; x64) AppleWebKit/537.36 (KHTML, like Gecko) Chrome/143.0.0.0 Safari/537.36', '2026-01-12 07:52:57', NULL),
(455, 1, 'permissions_updated', 'Updated permissions for user ID: 105', 'permissions', 105, '192.168.1.155', 'Mozilla/5.0 (Windows NT 10.0; Win64; x64) AppleWebKit/537.36 (KHTML, like Gecko) Chrome/143.0.0.0 Safari/537.36', '2026-01-12 07:53:27', NULL),
(456, 1, 'user_logout', 'User logged out of system', 'auth', NULL, '192.168.1.155', 'Mozilla/5.0 (Windows NT 10.0; Win64; x64) AppleWebKit/537.36 (KHTML, like Gecko) Chrome/143.0.0.0 Safari/537.36', '2026-01-12 07:53:30', NULL),
(457, 105, 'staff_login', 'Staff logged into system', 'auth', NULL, '192.168.1.155', 'Mozilla/5.0 (Windows NT 10.0; Win64; x64) AppleWebKit/537.36 (KHTML, like Gecko) Chrome/143.0.0.0 Safari/537.36', '2026-01-12 07:53:44', NULL),
(458, 105, 'attendance_check_out', 'Checked out for the day', 'attendance', NULL, '192.168.1.155', 'Mozilla/5.0 (Windows NT 10.0; Win64; x64) AppleWebKit/537.36 (KHTML, like Gecko) Chrome/143.0.0.0 Safari/537.36', '2026-01-12 07:53:55', NULL),
(459, 105, 'user_logout', 'User logged out of system', 'auth', NULL, '192.168.1.155', 'Mozilla/5.0 (Windows NT 10.0; Win64; x64) AppleWebKit/537.36 (KHTML, like Gecko) Chrome/143.0.0.0 Safari/537.36', '2026-01-12 07:54:02', NULL),
(460, 15, 'staff_login', 'Staff logged into system', 'auth', NULL, '192.168.1.155', 'Mozilla/5.0 (Windows NT 10.0; Win64; x64) AppleWebKit/537.36 (KHTML, like Gecko) Chrome/143.0.0.0 Safari/537.36', '2026-01-12 07:54:11', NULL),
(461, 15, 'user_logout', 'User logged out of system', 'auth', NULL, '192.168.1.155', 'Mozilla/5.0 (Windows NT 10.0; Win64; x64) AppleWebKit/537.36 (KHTML, like Gecko) Chrome/143.0.0.0 Safari/537.36', '2026-01-12 07:54:17', NULL);

-- --------------------------------------------------------

--
-- Table structure for table `system_settings`
--

CREATE TABLE `system_settings` (
  `id` int(11) NOT NULL,
  `setting_key` varchar(100) NOT NULL,
  `setting_value` text NOT NULL,
  `updated_at` timestamp NOT NULL DEFAULT current_timestamp() ON UPDATE current_timestamp(),
  `setting_name` varchar(100) NOT NULL,
  `description` text DEFAULT NULL,
  `created_at` timestamp NOT NULL DEFAULT current_timestamp()
) ENGINE=InnoDB DEFAULT CHARSET=utf8mb4 COLLATE=utf8mb4_general_ci;

--
-- Dumping data for table `system_settings`
--

INSERT INTO `system_settings` (`id`, `setting_key`, `setting_value`, `updated_at`, `setting_name`, `description`, `created_at`) VALUES
(1, 'grading_system', '1.0 Scale', '2025-11-21 15:31:59', '', NULL, '2026-01-12 14:43:19'),
(2, 'passing_grade', '3.00', '2025-12-06 13:01:45', '', NULL, '2026-01-12 14:43:19'),
(3, 'term_structure', '4 Terms', '2025-11-21 15:31:59', '', NULL, '2026-01-12 14:43:19'),
(12, 'auto_backup', 'Daily', '2025-11-21 15:31:59', '', NULL, '2026-01-12 14:43:19'),
(13, 'backup_time', '02:00', '2025-11-21 15:31:59', '', NULL, '2026-01-12 14:43:19'),
(14, 'school_year', '2025-2026', '2025-11-21 15:31:59', '', NULL, '2026-01-12 14:43:19'),
(99, 'payment_amount', '500', '2026-01-13 07:08:20', '', NULL, '2026-01-12 14:43:19'),
(129, 'quiz_weight', '20', '2025-12-12 05:33:55', '', NULL, '2026-01-12 14:43:19'),
(130, 'project_weight', '25', '2025-12-12 05:33:55', '', NULL, '2026-01-12 14:43:19'),
(131, 'exam_weight', '40', '2025-12-12 05:33:55', '', NULL, '2026-01-12 14:43:19'),
(132, 'performance_weight', '15', '2025-12-12 05:33:56', '', NULL, '2026-01-12 14:43:19'),
(133, 'prelim_weight', '20', '2025-12-12 05:33:56', '', NULL, '2026-01-12 14:43:19'),
(134, 'midterm_weight', '25', '2025-12-12 05:33:56', '', NULL, '2026-01-12 14:43:19'),
(135, 'semifinal_weight', '40', '2025-12-12 05:33:56', '', NULL, '2026-01-12 14:43:19'),
(136, 'final_weight', '15', '2025-12-12 05:33:56', '', NULL, '2026-01-12 14:43:19'),
(151, '', '150000', '2026-01-12 23:22:14', 'maintenance_mode', 'Auto-approve threshold for family income (in PHP)', '2026-01-12 14:44:00');

-- --------------------------------------------------------

--
-- Table structure for table `tax_deduction_settings`
--

CREATE TABLE `tax_deduction_settings` (
  `tax_id` int(11) NOT NULL,
  `tax_name` varchar(100) DEFAULT NULL,
  `percentage` decimal(5,2) DEFAULT NULL
) ENGINE=InnoDB DEFAULT CHARSET=utf8mb4 COLLATE=utf8mb4_general_ci;

-- --------------------------------------------------------

--
-- Table structure for table `tdp_applications`
--

CREATE TABLE `tdp_applications` (
  `id` int(11) NOT NULL,
  `application_id` int(11) NOT NULL,
  `proof_of_income_uploaded` tinyint(1) DEFAULT 0,
  `certificate_of_indigency_uploaded` tinyint(1) DEFAULT 0,
  `barangay_clearance_uploaded` tinyint(1) DEFAULT 0,
  `tax_declaration_uploaded` tinyint(1) DEFAULT 0,
  `verified_by` int(11) DEFAULT NULL,
  `verification_date` date DEFAULT NULL,
  `verification_notes` text DEFAULT NULL,
  `monthly_stipend` decimal(10,2) DEFAULT 5000.00,
  `tuition_assistance` decimal(10,2) DEFAULT 15000.00,
  `other_benefits` text DEFAULT NULL,
  `created_at` timestamp NOT NULL DEFAULT current_timestamp(),
  `updated_at` timestamp NOT NULL DEFAULT current_timestamp() ON UPDATE current_timestamp()
) ENGINE=InnoDB DEFAULT CHARSET=utf8mb4 COLLATE=utf8mb4_general_ci;

--
-- Dumping data for table `tdp_applications`
--

INSERT INTO `tdp_applications` (`id`, `application_id`, `proof_of_income_uploaded`, `certificate_of_indigency_uploaded`, `barangay_clearance_uploaded`, `tax_declaration_uploaded`, `verified_by`, `verification_date`, `verification_notes`, `monthly_stipend`, `tuition_assistance`, `other_benefits`, `created_at`, `updated_at`) VALUES
(3, 4, 1, 1, 0, 0, NULL, NULL, NULL, 5000.00, 15000.00, NULL, '2026-01-12 23:07:18', '2026-01-12 23:07:18');

-- --------------------------------------------------------

--
-- Table structure for table `tdp_benefits`
--

CREATE TABLE `tdp_benefits` (
  `id` int(11) NOT NULL,
  `scholar_id` int(11) NOT NULL,
  `benefit_type` enum('stipend','tuition','book_allowance','transportation','other') NOT NULL,
  `amount` decimal(10,2) NOT NULL,
  `release_date` date NOT NULL,
  `status` enum('pending','released','cancelled') DEFAULT 'pending',
  `released_by` int(11) DEFAULT NULL,
  `notes` text DEFAULT NULL,
  `created_at` timestamp NOT NULL DEFAULT current_timestamp(),
  `updated_at` timestamp NOT NULL DEFAULT current_timestamp() ON UPDATE current_timestamp()
) ENGINE=InnoDB DEFAULT CHARSET=utf8mb4 COLLATE=utf8mb4_general_ci;

-- --------------------------------------------------------

--
-- Table structure for table `tdp_eligibility_criteria`
--

CREATE TABLE `tdp_eligibility_criteria` (
  `id` int(11) NOT NULL,
  `criteria_name` varchar(100) NOT NULL,
  `description` text NOT NULL,
  `is_required` tinyint(1) DEFAULT 1,
  `points` int(11) DEFAULT 0,
  `created_at` timestamp NOT NULL DEFAULT current_timestamp(),
  `updated_at` timestamp NOT NULL DEFAULT current_timestamp() ON UPDATE current_timestamp()
) ENGINE=InnoDB DEFAULT CHARSET=utf8mb4 COLLATE=utf8mb4_general_ci;

--
-- Dumping data for table `tdp_eligibility_criteria`
--

INSERT INTO `tdp_eligibility_criteria` (`id`, `criteria_name`, `description`, `is_required`, `points`, `created_at`, `updated_at`) VALUES
(1, 'Family Income', 'Annual family income must not exceed ₱300,000', 1, 25, '2026-01-12 23:19:02', '2026-01-12 23:19:02'),
(2, 'Academic Performance', 'Maintains good academic standing (no failing grades)', 1, 20, '2026-01-12 23:19:02', '2026-01-12 23:19:02'),
(3, 'Course Enrollment', 'Enrolled in CHED-recognized program', 1, 15, '2026-01-12 23:19:02', '2026-01-12 23:19:02'),
(4, 'No Other Scholarship', 'Not receiving any other government scholarship', 1, 15, '2026-01-12 23:19:02', '2026-01-12 23:19:02'),
(5, 'Document Completion', 'Complete submission of required documents', 1, 10, '2026-01-12 23:19:02', '2026-01-12 23:19:02'),
(6, 'Personal Interview', 'Successfully passed the personal interview', 0, 10, '2026-01-12 23:19:02', '2026-01-12 23:19:02'),
(7, 'Community Involvement', 'Active involvement in community activities', 0, 5, '2026-01-12 23:19:02', '2026-01-12 23:19:02');

-- --------------------------------------------------------

--
-- Table structure for table `tdp_evaluation_scores`
--

CREATE TABLE `tdp_evaluation_scores` (
  `id` int(11) NOT NULL,
  `application_id` int(11) NOT NULL,
  `evaluator_id` int(11) NOT NULL,
  `criteria_id` int(11) NOT NULL,
  `score` int(11) NOT NULL,
  `comments` text DEFAULT NULL,
  `created_at` timestamp NOT NULL DEFAULT current_timestamp()
) ENGINE=InnoDB DEFAULT CHARSET=utf8mb4 COLLATE=utf8mb4_general_ci;

-- --------------------------------------------------------

--
-- Table structure for table `tdp_settings`
--

CREATE TABLE `tdp_settings` (
  `id` int(11) NOT NULL,
  `setting_name` varchar(100) NOT NULL,
  `setting_value` varchar(255) NOT NULL,
  `description` text DEFAULT NULL,
  `updated_at` timestamp NOT NULL DEFAULT current_timestamp() ON UPDATE current_timestamp(),
  `created_at` timestamp NOT NULL DEFAULT current_timestamp()
) ENGINE=InnoDB DEFAULT CHARSET=utf8mb4 COLLATE=utf8mb4_general_ci;

--
-- Dumping data for table `tdp_settings`
--

INSERT INTO `tdp_settings` (`id`, `setting_name`, `setting_value`, `description`, `updated_at`, `created_at`) VALUES
(1, 'max_family_income', '300000', 'Maximum annual family income for TDP eligibility (in PHP)', '2026-01-12 23:18:20', '2026-01-12 23:18:20'),
(2, 'monthly_stipend', '5000', 'Monthly stipend amount for TDP beneficiaries', '2026-01-12 23:18:20', '2026-01-12 23:18:20'),
(3, 'tuition_assistance', '15000', 'Maximum tuition assistance per semester', '2026-01-12 23:18:20', '2026-01-12 23:18:20'),
(4, 'application_deadline', '2024-12-15', 'TDP application deadline', '2026-01-12 23:18:20', '2026-01-12 23:18:20'),
(5, 'verification_days', '30', 'Number of days for TDP verification process', '2026-01-12 23:18:20', '2026-01-12 23:18:20'),
(6, 'benefits_duration_months', '10', 'Duration of TDP benefits in months', '2026-01-12 23:18:20', '2026-01-12 23:18:20');

-- --------------------------------------------------------

--
-- Table structure for table `teller_windows`
--

CREATE TABLE `teller_windows` (
  `window_id` int(11) NOT NULL,
  `window_name` varchar(50) NOT NULL,
  `window_type` varchar(50) NOT NULL,
  `transaction_types` text NOT NULL,
  `programs` text NOT NULL,
  `current_queue` int(11) DEFAULT 1,
  `is_active` tinyint(1) DEFAULT 1
) ENGINE=InnoDB DEFAULT CHARSET=utf8mb4 COLLATE=utf8mb4_general_ci;

--
-- Dumping data for table `teller_windows`
--

INSERT INTO `teller_windows` (`window_id`, `window_name`, `window_type`, `transaction_types`, `programs`, `current_queue`, `is_active`) VALUES
(1, 'Window 1', 'Grade Evaluation', 'Grade Evaluation', 'BSIT,BSCE,BSCPE,BSCS,DIP-IT,BSBA,BSA,BSEntr,AB-COMM,DIP-Entrep,MED,MM,MBA-HA,MBA,PHD,MIT,MAED', 2, 1),
(2, 'Window 2', 'Grade Evaluation', 'Grade Evaluation', 'BSCRIM,BSED,BEED,BSN,BSM,AB-Psych,BSTM,BSHM,DIP-TM,DIP-HM,DIP-CUL', 1, 1),
(3, 'Counter 1', 'Payment/Clearance', 'Payment,Clearance,Other Transactions', 'BSCE,BSIT,BSCOE,BSCS,BSCRIM,STEM', 1, 1);

-- --------------------------------------------------------

--
-- Table structure for table `thirteenth_month_payroll`
--

CREATE TABLE `thirteenth_month_payroll` (
  `id` int(11) NOT NULL,
  `employee_id` int(11) DEFAULT NULL,
  `amount` decimal(10,2) DEFAULT NULL,
  `release_date` date DEFAULT NULL,
  `year` int(11) DEFAULT NULL,
  `period_start` date DEFAULT NULL,
  `period_end` date DEFAULT NULL,
  `total_basic` decimal(12,2) DEFAULT 0.00,
  `thirteenth_amount` decimal(12,2) DEFAULT 0.00,
  `paid_status` enum('Paid','Unpaid') DEFAULT 'Unpaid',
  `payment_date` date DEFAULT NULL,
  `created_at` timestamp NULL DEFAULT NULL,
  `updated_at` timestamp NULL DEFAULT NULL
) ENGINE=InnoDB DEFAULT CHARSET=utf8mb4 COLLATE=utf8mb4_general_ci;

-- --------------------------------------------------------

--
-- Table structure for table `time_date_settings`
--

CREATE TABLE `time_date_settings` (
  `id` int(11) NOT NULL,
  `timezone` varchar(100) DEFAULT NULL,
  `format` varchar(50) DEFAULT NULL
) ENGINE=InnoDB DEFAULT CHARSET=utf8mb4 COLLATE=utf8mb4_general_ci;

-- --------------------------------------------------------

--
-- Table structure for table `transactions`
--

CREATE TABLE `transactions` (
  `TransactID` int(11) NOT NULL,
  `MemberID` int(11) DEFAULT NULL,
  `BookID` int(11) DEFAULT NULL,
  `borrowed_at` datetime DEFAULT NULL,
  `due_date` date DEFAULT NULL,
  `returned_at` datetime DEFAULT NULL,
  `status` enum('borrowed','returned') DEFAULT 'borrowed',
  `fine` decimal(8,2) DEFAULT 0.00
) ENGINE=InnoDB DEFAULT CHARSET=utf8mb4 COLLATE=utf8mb4_general_ci;

--
-- Dumping data for table `transactions`
--

INSERT INTO `transactions` (`TransactID`, `MemberID`, `BookID`, `borrowed_at`, `due_date`, `returned_at`, `status`, `fine`) VALUES
(2, 1, 2, '2026-01-11 06:11:51', '2026-02-27', '2026-01-11 09:50:22', 'returned', 0.00),
(11, 2, 2, '2026-01-13 08:10:22', '2026-01-13', '2026-01-13 08:10:30', 'returned', 0.00);

-- --------------------------------------------------------

--
-- Table structure for table `transaction_types`
--

CREATE TABLE `transaction_types` (
  `type_id` int(11) NOT NULL,
  `type_name` varchar(100) NOT NULL,
  `category` varchar(50) NOT NULL
) ENGINE=InnoDB DEFAULT CHARSET=utf8mb4 COLLATE=utf8mb4_general_ci;

--
-- Dumping data for table `transaction_types`
--

INSERT INTO `transaction_types` (`type_id`, `type_name`, `category`) VALUES
(1, 'Grade Evaluation', 'evaluation'),
(2, 'Payment', 'payment'),
(3, 'Clearance', 'payment'),
(4, 'Other Transactions', 'payment'),
(5, 'TOR Request', 'release'),
(6, 'GMC Request', 'release'),
(7, 'Document Release', 'release'),
(8, 'Enrollment', 'registrar'),
(9, 'Registration', 'registrar'),
(10, 'Course Crediting', 'registrar'),
(11, 'Scholarship Application', 'registrar');

-- --------------------------------------------------------

--
-- Table structure for table `tuition`
--

CREATE TABLE `tuition` (
  `tuition_id` int(11) NOT NULL,
  `StudID` int(11) NOT NULL,
  `total_units` decimal(5,2) NOT NULL,
  `tuition_amount` decimal(10,2) NOT NULL,
  `total_amount` decimal(10,2) NOT NULL,
  `generated_at` timestamp NOT NULL DEFAULT current_timestamp()
) ENGINE=InnoDB DEFAULT CHARSET=utf8mb4 COLLATE=utf8mb4_general_ci;

--
-- Dumping data for table `tuition`
--

INSERT INTO `tuition` (`tuition_id`, `StudID`, `total_units`, `tuition_amount`, `total_amount`, `generated_at`) VALUES
(1, 125, 6.00, 6288.14, 6288.14, '2026-01-13 04:23:30'),
(2, 126, 3.00, 3144.07, 3144.07, '2026-01-13 04:23:35'),
(3, 127, 6.00, 6288.14, 6288.14, '2026-01-13 04:23:38'),
(4, 128, 3.00, 3144.07, 3144.07, '2026-01-13 06:48:31'),
(5, 130, 6.00, 6288.14, 6288.14, '2026-01-13 08:43:27'),
(6, 129, 6.00, 6288.14, 6288.14, '2026-01-13 08:43:32');

-- --------------------------------------------------------

--
-- Table structure for table `tuition_fees`
--

CREATE TABLE `tuition_fees` (
  `fee_id` int(11) NOT NULL,
  `amount` decimal(10,2) DEFAULT NULL,
  `effective_year` varchar(20) DEFAULT NULL,
  `total_fee` decimal(10,2) DEFAULT NULL,
  `created_at` timestamp NOT NULL DEFAULT current_timestamp(),
  `rate_per_unit` decimal(10,2) DEFAULT NULL,
  `lec` decimal(5,2) DEFAULT NULL,
  `lab` decimal(5,2) DEFAULT NULL,
  `units` decimal(5,2) DEFAULT NULL,
  `notes` text DEFAULT NULL,
  `rate_lec` decimal(10,2) DEFAULT NULL,
  `rate_lab` decimal(10,2) DEFAULT NULL,
  `rate_unit` decimal(10,2) DEFAULT NULL,
  `StudID` int(11) NOT NULL
) ENGINE=InnoDB DEFAULT CHARSET=utf8mb4 COLLATE=utf8mb4_general_ci;

-- --------------------------------------------------------

--
-- Table structure for table `tuition_reads`
--

CREATE TABLE `tuition_reads` (
  `id` int(11) NOT NULL,
  `fee_id` varchar(50) DEFAULT NULL,
  `student_id` varchar(50) DEFAULT NULL,
  `read_at` timestamp NOT NULL DEFAULT current_timestamp()
) ENGINE=InnoDB DEFAULT CHARSET=utf8mb4 COLLATE=utf8mb4_general_ci;

--
-- Dumping data for table `tuition_reads`
--

INSERT INTO `tuition_reads` (`id`, `fee_id`, `student_id`, `read_at`) VALUES
(1, '0', '128', '2026-01-13 07:08:37');

-- --------------------------------------------------------

--
-- Table structure for table `users`
--

CREATE TABLE `users` (
  `UserID` int(11) NOT NULL,
  `Username` varchar(50) NOT NULL,
  `Password` varchar(255) NOT NULL,
  `course_id` int(11) NOT NULL DEFAULT 1,
  `Role` varchar(20) NOT NULL,
  `Status` enum('Active','Inactive','Suspended') DEFAULT 'Active',
  `account_expiry_date` date DEFAULT NULL,
  `Email` varchar(100) DEFAULT NULL,
  `FirstName` varchar(100) DEFAULT NULL,
  `LastName` varchar(100) DEFAULT NULL,
  `Phone` varchar(20) DEFAULT NULL,
  `created_at` timestamp NOT NULL DEFAULT current_timestamp(),
  `updated_at` timestamp NOT NULL DEFAULT current_timestamp() ON UPDATE current_timestamp(),
  `fullname` varchar(100) DEFAULT NULL,
  `Fname` varchar(50) DEFAULT NULL,
  `Lname` varchar(50) DEFAULT NULL,
  `id_picture` varchar(255) DEFAULT NULL
) ENGINE=InnoDB DEFAULT CHARSET=utf8mb4 COLLATE=utf8mb4_general_ci;

--
-- Dumping data for table `users`
--

INSERT INTO `users` (`UserID`, `Username`, `Password`, `course_id`, `Role`, `Status`, `account_expiry_date`, `Email`, `FirstName`, `LastName`, `Phone`, `created_at`, `updated_at`, `fullname`, `Fname`, `Lname`, `id_picture`) VALUES
(1, 'admin', 'admin123', 1, 'admin', 'Active', NULL, NULL, NULL, NULL, NULL, '2026-01-11 05:40:05', '2026-01-13 06:39:19', NULL, NULL, NULL, NULL),
(2, 'staff1', 'staff123', 1, 'staff', 'Active', NULL, NULL, NULL, NULL, NULL, '2026-01-11 05:40:05', '2026-01-11 05:40:05', NULL, NULL, NULL, NULL),
(3, 'staff2', 'staff123', 1, 'staff', 'Active', NULL, NULL, NULL, NULL, NULL, '2026-01-11 05:40:05', '2026-01-11 05:40:05', NULL, NULL, NULL, NULL),
(4, 'guidanceadmin', '$2y$10$GPgzl3XYoUsqLNZ5xQ2a6OMeKEKv4/JxcKGdCEuwWmQLlwRtL6zOC', 1, 'admin', 'Active', NULL, NULL, NULL, NULL, NULL, '2026-01-11 05:40:05', '2026-01-11 05:40:05', NULL, NULL, NULL, NULL),
(5, 'ricoabad', '$2y$10$QqhzS0DYuLruQcrGkfCSTeIXnZWdM.jJxuRdUPbeFGtfvNog9.hca', 1, 'Admin', 'Active', NULL, NULL, NULL, NULL, NULL, '2026-01-11 05:40:05', '2026-01-11 05:40:05', NULL, NULL, NULL, NULL),
(6, 'Dacles', '$2y$10$IEkcvXFDS/sb3h7KeXJWieVuNpqUrSFh2ifWz/P2ambCBmr/9FO/2', 1, 'admin', 'Active', NULL, NULL, NULL, NULL, NULL, '2026-01-11 05:40:05', '2026-01-11 05:40:05', NULL, NULL, NULL, NULL),
(8, '125', '$2y$10$VAC5fUSF9noMHsP.Ec276uZ9mDzPt4nYIcVk2cAwyp83jVHZzExb.', 1, 'student', 'Active', NULL, NULL, NULL, NULL, NULL, '2026-01-11 08:11:32', '2026-01-11 08:11:32', NULL, NULL, NULL, NULL),
(9, '126', '$2y$10$G4tP3MhrpE3sLOKIUwCV.ekGGVxRJF.hQFBYTUa2JQVC3geqhELbu', 1, 'student', 'Active', NULL, NULL, NULL, NULL, NULL, '2026-01-11 09:05:45', '2026-01-11 09:05:45', NULL, NULL, NULL, NULL),
(12, 'adminlib', '$2y$10$iJRZxr3tH/A14fJFQDk5.OBl72mwtwm80iyXfk1eHUGzcyDxlv3MC', 1, 'librarian', 'Active', NULL, NULL, NULL, NULL, NULL, '2025-10-06 06:03:00', '2026-01-11 11:44:16', 'Ms. Deanne Celeste Alverio', NULL, NULL, NULL),
(13, 'stafflib', 'de9bf5643eabf80f4a56fda3bbb84483', 1, 'staff', 'Active', NULL, NULL, NULL, NULL, NULL, '2025-10-06 06:03:00', '2026-01-11 11:44:16', 'John Michael Cruz', NULL, NULL, NULL),
(15, 'ghin', '$2y$10$XnQi88Msd.pTtU56Ncam1uFctZks3GCsp8oYgDS35stI7kiFZNyoq', 1, 'Registrar', 'Active', NULL, 'ghin@gmail.com', 'Adolfo', 'ghin', '09486665639', '2026-01-11 11:11:42', '2026-01-12 09:43:49', NULL, NULL, NULL, NULL),
(16, 'brent', '$2y$10$Dgu4OWQR7eHLjvgbvrxNjOHnl/wr9f4Gm3DrmJYohJpbWwSpRDXpC', 1, 'student', 'Active', NULL, 'brent.natalo@gmail.com', 'Kent Jade', 'Basiano', NULL, '2026-01-12 11:49:02', '2026-01-12 11:49:02', 'Kent Jade Basiano', NULL, NULL, NULL),
(17, 'adminscholar', 'admin123', 1, 'Admin', 'Active', NULL, 'admin@adfc.edu.ph', 'marlan', 'galangue', NULL, '2026-01-12 15:31:28', '2026-01-12 15:31:28', 'Admin System', 'marlan', 'galangue', NULL),
(18, 'johnsmith', 'password123', 6, 'Student', 'Active', NULL, 'john.smith@adfc.edu.ph', 'John', 'Smith', NULL, '2026-01-12 15:31:28', '2026-01-12 15:31:28', 'John Smith', 'John', 'Smith', NULL),
(19, 'mariasantos', 'password123', 10, 'Student', 'Active', NULL, 'maria.santos@adfc.edu.ph', 'Maria', 'Santos', NULL, '2026-01-12 15:31:28', '2026-01-12 15:31:28', 'Maria Santos', 'Maria', 'Santos', NULL),
(20, 'lovely', 'password123', 9, 'Student', 'Active', NULL, 'love.joy@gmail.com', 'Lovely Joy', 'Sia', NULL, '2026-01-13 01:00:36', '2026-01-13 01:00:36', NULL, NULL, NULL, NULL),
(38, 'senior', '$2y$10$vWbKa1sONjJfREqCXJ5S3OWDIBw5GzBqnMYd7kR27g567SrVpbG1m', 1, 'Senior Counselor', 'Active', NULL, 'seniorcounselor@gmail.com', 'Renzo', 'Florence', '09380067775', '2026-01-13 06:43:44', '2026-01-13 06:43:44', NULL, NULL, NULL, NULL),
(39, 'Registrar', 'Registrar123', 1, 'Registrar', 'Active', NULL, NULL, NULL, NULL, NULL, '2026-01-13 06:45:36', '2026-01-13 06:45:36', NULL, NULL, NULL, NULL),
(40, 'Department', 'Department123', 1, 'Department', 'Active', NULL, NULL, NULL, NULL, NULL, '2026-01-13 06:46:07', '2026-01-13 06:46:07', NULL, NULL, NULL, NULL),
(41, '22-123459', '$2y$10$UGbzLwk39tUVWwsVKCx/sexTLrGYrlNKa4QnsTgGRFomibFBbL4la', 1, 'Student', 'Active', NULL, 'kentmasyado@gmail.com', 'Kent Jade', 'Basiano', NULL, '2026-01-13 06:46:08', '2026-01-13 06:46:08', 'Kent Jade Basiano', NULL, NULL, NULL),
(43, 'onlao', '$2y$10$9ozA3MrkzlWqFYUoAfWNmOLHBBnXXx0CnqPTPhoWa/KY8qz5kgluW', 1, 'instructor', 'Active', NULL, 'onlao@gmail.com', 'Dennis', 'P Gresola', NULL, '2026-01-13 06:48:35', '2026-01-13 06:48:35', 'Dennis P Gresola', NULL, NULL, NULL),
(44, 'p', '$2y$10$dJN0Kt0O8ltt/Sw/ydUInescdV2l8tpJNvZHVUviy1iQYXECAoVpO', 1, 'student', 'Active', NULL, 'p@gmail.com', 'Francisco', 'Rivas', NULL, '2026-01-13 07:01:56', '2026-01-13 07:01:56', 'Francisco Rivas', NULL, NULL, NULL),
(46, '22-123452', '$2y$10$Uz4NTB9w7sfxB20gJOLbteymIiRVmAZ1Jn.h/NGsek0aBrLY/07ku', 1, 'student', 'Active', NULL, NULL, NULL, NULL, NULL, '2026-01-13 08:09:11', '2026-01-13 08:09:11', NULL, NULL, NULL, NULL),
(47, 'cashier', '$2y$10$kwOtp.dJneemzQxJd2vYv.am8cprhoj6I87KlI/FiMDdvqFJ8aPFC', 1, 'Cashier', 'Active', NULL, NULL, NULL, NULL, NULL, '2026-01-13 08:11:28', '2026-01-13 08:11:28', NULL, NULL, NULL, NULL),
(48, 'mar123', 'qwerty123', 9, 'Student', 'Active', NULL, 'mark.gamalo@gmail.com', 'Mark Anthony', 'Gamalo', NULL, '2026-01-13 08:18:36', '2026-01-13 08:18:36', NULL, NULL, NULL, NULL),
(49, '22-123450', '$2y$10$He7sydt0TIyNKE8wV/rlu.WFLgaktoMP1xyA8NorYG3OVnDUJyqH6', 1, 'student', 'Active', NULL, NULL, NULL, NULL, NULL, '2026-01-13 08:19:52', '2026-01-13 08:19:52', NULL, NULL, NULL, NULL),
(52, '22-123457', '$2y$10$r8SgYkSp4sdEeUdRjIV.8O8aLNdUXIUX4DylthSyEZ0cIHnmCtATG', 1, 'student', 'Active', NULL, NULL, NULL, NULL, NULL, '2026-01-13 08:52:08', '2026-01-13 08:52:08', NULL, NULL, NULL, NULL);

-- --------------------------------------------------------

--
-- Table structure for table `users_employee`
--

CREATE TABLE `users_employee` (
  `id` int(11) NOT NULL,
  `first_name` varchar(100) NOT NULL,
  `last_name` varchar(100) NOT NULL,
  `email` varchar(255) NOT NULL,
  `phone_number` varchar(20) DEFAULT NULL,
  `address` text DEFAULT NULL,
  `department_id` int(11) DEFAULT NULL,
  `password_hash` varchar(255) NOT NULL,
  `is_active` tinyint(1) DEFAULT 1,
  `created_at` timestamp NOT NULL DEFAULT current_timestamp(),
  `updated_at` timestamp NOT NULL DEFAULT current_timestamp() ON UPDATE current_timestamp(),
  `avatar_path` varchar(255) DEFAULT NULL,
  `roles` longtext CHARACTER SET utf8mb4 COLLATE utf8mb4_bin DEFAULT '["admin"]' CHECK (json_valid(`roles`))
) ENGINE=InnoDB DEFAULT CHARSET=utf8mb4 COLLATE=utf8mb4_general_ci;

--
-- Dumping data for table `users_employee`
--

INSERT INTO `users_employee` (`id`, `first_name`, `last_name`, `email`, `phone_number`, `address`, `department_id`, `password_hash`, `is_active`, `created_at`, `updated_at`, `avatar_path`, `roles`) VALUES
(1, 'rommel', 'baquiran', 'superadmin@gmail.com', '092637346353', 'taga balay', 1, '$2y$10$eFmGsmOld4JDMgkJunzcx.IQo6gPwS8CvtMecl0rY21mm30oZgCYy', 1, '2025-12-15 01:33:24', '2026-01-12 08:35:22', 'uploads/avatars/user_1_1768206922.jpg', '[\"head_admin\"]'),
(4, 'alvin', 'marone', 'a@gmail.com', '09876543211', 'Tacloban City', 1, '$2y$10$cc7r.ap9PD6RTloqFtK5DOOvq59tGFujz/Bl.F8gCwxTVJvLWgeJW', 1, '2026-01-13 04:20:17', '2026-01-13 04:20:17', NULL, '[\"employee\"]'),
(5, 'Francis', 'Rivas', 'francisrivas@gmail.com', '09343243242', 'Tacloban City', 1, '$2y$10$gKj9Rq7dR58uIR1BWt7h6uKbXFYdvxVrh/S4QPhytW4PFaM2EGMYu', 1, '2026-01-13 07:24:18', '2026-01-13 07:24:18', NULL, '[\"employee\"]');

-- --------------------------------------------------------

--
-- Table structure for table `users_for_id`
--

CREATE TABLE `users_for_id` (
  `UserID` int(11) NOT NULL,
  `Username` varchar(50) NOT NULL,
  `Password` varchar(255) NOT NULL,
  `FullName` varchar(100) NOT NULL,
  `RoleID` int(11) NOT NULL,
  `Status` varchar(20) DEFAULT 'Active',
  `CreatedAt` datetime DEFAULT current_timestamp(),
  `LastLogin` datetime DEFAULT NULL
) ENGINE=InnoDB DEFAULT CHARSET=utf8mb4 COLLATE=utf8mb4_general_ci;

--
-- Dumping data for table `users_for_id`
--

INSERT INTO `users_for_id` (`UserID`, `Username`, `Password`, `FullName`, `RoleID`, `Status`, `CreatedAt`, `LastLogin`) VALUES
(1, 'Admin', '$2y$10$FWatJd5WdUoL5DDQpIMr7eTOAgLjrXL4Aq/qW1jHb25bH6BRfk07e', 'Administrator', 1, 'Active', '2025-11-15 17:27:08', '2026-01-13 14:42:06'),
(2, 'username', '$2y$10$RnkLgQpoeaqfzc/Dc8WgDezuGSpffCNM4BCehAOeqTIQe8QKRYqO2', 'First User', 2, 'Active', '2025-11-15 17:27:34', '2025-12-15 15:51:29'),
(3, 'Staffa', '$2y$10$wcN7UvJju48M6ocu3zLS9eoXrlP4pGH6EGPboL2KJWQ9V7.FiVWJ.', 'First User', 2, 'Active', '2025-11-15 18:01:01', NULL);

-- --------------------------------------------------------

--
-- Table structure for table `users_security`
--

CREATE TABLE `users_security` (
  `id_security` int(11) NOT NULL,
  `username_security` varchar(50) NOT NULL,
  `email_security` varchar(100) NOT NULL,
  `password_security` varchar(255) NOT NULL,
  `role_security` enum('super_admin','admin','security_manager','security_guard','instructor','employee','student') NOT NULL,
  `full_name_security` varchar(100) NOT NULL,
  `student_id_security` int(11) DEFAULT NULL,
  `employee_id_security` varchar(20) DEFAULT NULL,
  `department_security` varchar(100) DEFAULT NULL,
  `phone_security` varchar(20) DEFAULT NULL,
  `is_active_security` tinyint(1) DEFAULT 1,
  `last_login_security` timestamp NULL DEFAULT NULL,
  `created_at_security` timestamp NOT NULL DEFAULT current_timestamp(),
  `updated_at_security` timestamp NOT NULL DEFAULT current_timestamp() ON UPDATE current_timestamp()
) ENGINE=InnoDB DEFAULT CHARSET=utf8mb4 COLLATE=utf8mb4_general_ci;

--
-- Dumping data for table `users_security`
--

INSERT INTO `users_security` (`id_security`, `username_security`, `email_security`, `password_security`, `role_security`, `full_name_security`, `student_id_security`, `employee_id_security`, `department_security`, `phone_security`, `is_active_security`, `last_login_security`, `created_at_security`, `updated_at_security`) VALUES
(1, 'superadmin', 'superadminadfc@gmail.com', '$2y$10$92IXUNpkjO0rOQ5byMi.Ye4oKoEa3Ro9llC/.og/at2.uheWG/igi', 'super_admin', 'Super Administrator', NULL, 'EMP-001', 'Administration', '+639123456789', 1, '2026-01-12 07:36:41', '2025-10-27 19:30:05', '2026-01-12 07:36:41'),
(10, 'LadyGuard', 'ladyguard@gmail.com', '$2y$10$ZbNniZIY49jSgePQphEWIOEHsbk8U1sQ4ydC6fJGNq5FSgHR/VU.2', 'security_guard', 'Ate Guard', NULL, '121243', 'Security', '09373628472', 1, '2026-01-09 17:32:30', '2025-11-30 02:26:00', '2026-01-09 17:32:30'),
(12, 'sec.manager', 'sec@gmail.com', '$2y$10$riXWeVZmE.Et5CRpOKTDVeX9kacYN/DiCYD7OauJIyUboYKc5h23G', 'security_manager', 'Security Manager', NULL, '101010', 'Security', '09372647362', 1, '2026-01-12 06:45:26', '2025-12-01 23:51:33', '2026-01-12 06:45:26'),
(13, 'adfcadmin', 'admin@gmail.com', '$2y$10$nf0GrsUFCnxrXBjlVmxPge/OdcF.TzDHGv8QAm00RwsEjy3hSnrWe', 'admin', 'Administrator', NULL, '12345', 'Administrator', '09273676182', 1, '2026-01-12 06:43:48', '2025-12-05 12:51:44', '2026-01-12 06:43:48'),
(14, 'rommel', 'rommelbaquiran15@gmail.com', '$2y$10$4T4dDkqf8x5nY/m6k3QClu8f2l2Xq2RA1O5Hv7hiwPpcO7Mo84Zsm', 'student', 'Rommel Baquiran', NULL, NULL, 'IT', '09661498101', 1, '2025-12-18 08:05:22', '2025-12-10 13:16:35', '2025-12-18 08:05:22'),
(15, 'rivas', 'rivas@gmail.com', '$2y$10$G9qex53y.hDkEmGTnIRbWu5jK6lSi5XdalO6WpESo1YnMHffg0nr6', 'instructor', 'Francis Rivas', NULL, '98-12374', 'IT INSTRUCTOR', '09635464737', 1, '2026-01-12 07:54:11', '2025-12-11 03:23:27', '2026-01-12 07:54:11'),
(16, 'paul', 'paul@gmail.com', '$2y$10$Sqc/qpGy.G9hJdXFgQ2y2OBKJn5s9rx6TfKwRvJorFXHPZ77BTdJS', 'employee', 'Paul Employee', NULL, '09-09876', 'ADFC', '09463738274', 1, '2026-01-12 03:15:40', '2025-12-11 04:07:51', '2026-01-12 03:15:40'),
(100, 'sandara.perez', 'perez@gmail.com', '$2y$10$xTB5LglQKJWoU7WN2kkTieT2rhEvCV3MQg5P5ASfxZk3Gtpe7rGOG', 'student', 'Sandara M Perez', NULL, NULL, ' BSIT', '09344234232', 1, '2025-12-18 19:32:14', '2025-12-18 07:29:52', '2025-12-18 19:32:14'),
(101, 'jezelle.shane.hechanova', 'shane@gmail.com', '$2y$10$mXHxICoWJk.qRi8GVW95eerjealSe.e4XkryYjcCoXUD1r317aXWi', 'student', 'Jezelle Shane Hechanova', NULL, NULL, 'IT', '09461461277', 1, '2026-01-09 20:03:30', '2025-12-18 07:35:59', '2026-01-09 20:03:30'),
(102, 'rommel.salas', 'rom@gmail.com', '$2y$10$Zq1gKI2MasK/ZLvP2OIwyuDbzVmQ8xmGX5Smu6bISlIoa.amnte7K', 'student', 'Rommel Baquiran Salas', NULL, NULL, 'Bachelor of Science in Information Technology', '09468179296', 1, '2026-01-11 06:16:58', '2026-01-09 20:01:39', '2026-01-11 06:16:58'),
(103, 'marianne.ellaso', 'marianne@gmail.com', '$2y$10$/IvmNiL93J2becXgtmxz9ucudrM9dmpSBR2/Lk7IujOpiCYDLiUpG', 'student', 'Marianne Catenza Ellaso', 126, NULL, 'Bachelor of Science in Information Technology', '09468179296', 1, '2026-01-12 06:42:52', '2026-01-12 06:42:35', '2026-01-12 06:42:52'),
(105, 'KuyaGuard', 'kuyaguard@gmail.com', '$2y$10$BtVYmLeuScwPtwZwSNxRkOVmeLvVDVoHY3hpolCYf5kCCjTIF0rT.', 'security_guard', 'Kuya Guard', NULL, '42-252162', 'ADFC', '09121286323', 1, '2026-01-12 07:53:44', '2026-01-12 07:52:57', '2026-01-12 07:53:44');

-- --------------------------------------------------------

--
-- Table structure for table `user_permissions_security`
--

CREATE TABLE `user_permissions_security` (
  `id_security` int(11) NOT NULL,
  `user_id_security` int(11) NOT NULL,
  `permission_key_security` varchar(50) NOT NULL,
  `permission_value_security` tinyint(1) DEFAULT 1,
  `granted_at_security` timestamp NOT NULL DEFAULT current_timestamp(),
  `granted_by_security` int(11) DEFAULT NULL,
  `student_id_security` int(11) DEFAULT NULL
) ENGINE=InnoDB DEFAULT CHARSET=utf8mb4 COLLATE=utf8mb4_general_ci;

--
-- Dumping data for table `user_permissions_security`
--

INSERT INTO `user_permissions_security` (`id_security`, `user_id_security`, `permission_key_security`, `permission_value_security`, `granted_at_security`, `granted_by_security`, `student_id_security`) VALUES
(259, 1, 'access_labs', 1, '2025-10-29 11:55:47', 1, NULL),
(260, 1, 'borrow_keys', 1, '2025-10-29 11:55:47', 1, NULL),
(261, 1, 'check_attendance', 1, '2025-10-29 11:55:47', 1, NULL),
(262, 1, 'claim_lost_found', 1, '2025-10-29 11:55:47', 1, NULL),
(263, 1, 'deactivate_users', 1, '2025-10-29 11:55:47', 1, NULL),
(264, 1, 'delete_violations', 1, '2025-10-29 11:55:47', 1, NULL),
(265, 1, 'edit_student_info', 1, '2025-10-29 11:55:47', 1, NULL),
(266, 1, 'edit_violations', 1, '2025-10-29 11:55:47', 1, NULL),
(267, 1, 'export_reports', 1, '2025-10-29 11:55:47', 1, NULL),
(268, 1, 'generate_reports', 1, '2025-10-29 11:55:47', 1, NULL),
(269, 1, 'manage_assignments', 1, '2025-10-29 11:55:47', 1, NULL),
(270, 1, 'manage_attendance', 1, '2025-10-29 11:55:47', 1, NULL),
(271, 1, 'manage_keys', 1, '2025-10-29 11:55:47', 1, NULL),
(272, 1, 'manage_labs', 1, '2025-10-29 11:55:47', 1, NULL),
(273, 1, 'manage_lost_found', 1, '2025-10-29 11:55:47', 1, NULL),
(274, 1, 'manage_permissions', 1, '2025-10-29 11:55:47', 1, NULL),
(275, 1, 'manage_security_team', 1, '2025-10-29 11:55:47', 1, NULL),
(276, 1, 'manage_system', 1, '2025-10-29 11:55:47', 1, NULL),
(277, 1, 'manage_users', 1, '2025-10-29 11:55:47', 1, NULL),
(278, 1, 'report_lab_incidents', 1, '2025-10-29 11:55:47', 1, NULL),
(279, 1, 'report_lost_found', 1, '2025-10-29 11:55:47', 1, NULL),
(280, 1, 'report_violations', 1, '2025-10-29 11:55:47', 1, NULL),
(281, 1, 'return_keys', 1, '2025-10-29 11:55:47', 1, NULL),
(282, 1, 'review_violations', 1, '2025-10-29 11:55:47', 1, NULL),
(283, 1, 'view_assignments', 1, '2025-10-29 11:55:47', 1, NULL),
(284, 1, 'view_attendance', 1, '2025-10-29 11:55:47', 1, NULL),
(285, 1, 'view_keys', 1, '2025-10-29 11:55:47', 1, NULL),
(286, 1, 'view_lab_incidents', 1, '2025-10-29 11:55:47', 1, NULL),
(287, 1, 'view_lost_found', 1, '2025-10-29 11:55:47', 1, NULL),
(288, 1, 'view_reports', 1, '2025-10-29 11:55:47', 1, NULL),
(289, 1, 'view_security_team', 1, '2025-10-29 11:55:47', 1, NULL),
(290, 1, 'view_student_info', 1, '2025-10-29 11:55:47', 1, NULL),
(291, 1, 'view_system_logs', 1, '2025-10-29 11:55:47', 1, NULL),
(292, 1, 'view_users', 1, '2025-10-29 11:55:47', 1, NULL),
(293, 1, 'view_violations', 1, '2025-10-29 11:55:47', 1, NULL),
(495, 13, 'manage_attendance', 1, '2025-12-05 12:56:50', 1, NULL),
(496, 13, 'manage_keys', 1, '2025-12-05 12:56:50', 1, NULL),
(497, 13, 'access_labs', 1, '2025-12-05 12:56:50', 1, NULL),
(498, 13, 'manage_labs', 1, '2025-12-05 12:56:50', 1, NULL),
(499, 13, 'report_lab_incidents', 1, '2025-12-05 12:56:50', 1, NULL),
(500, 13, 'view_lab_incidents', 1, '2025-12-05 12:56:50', 1, NULL),
(501, 13, 'manage_lost_found', 1, '2025-12-05 12:56:50', 1, NULL),
(502, 13, 'report_lost_found', 1, '2025-12-05 12:56:50', 1, NULL),
(503, 13, 'export_reports', 1, '2025-12-05 12:56:50', 1, NULL),
(504, 13, 'generate_reports', 1, '2025-12-05 12:56:50', 1, NULL),
(505, 13, 'view_reports', 1, '2025-12-05 12:56:50', 1, NULL),
(506, 13, 'manage_permissions', 1, '2025-12-05 12:56:50', 1, NULL),
(507, 13, 'manage_system', 1, '2025-12-05 12:56:50', 1, NULL),
(508, 13, 'deactivate_users', 1, '2025-12-05 12:56:50', 1, NULL),
(509, 13, 'manage_users', 1, '2025-12-05 12:56:50', 1, NULL),
(510, 13, 'view_users', 1, '2025-12-05 12:56:50', 1, NULL),
(511, 13, 'delete_violations', 1, '2025-12-05 12:56:50', 1, NULL),
(512, 13, 'edit_violations', 1, '2025-12-05 12:56:50', 1, NULL),
(513, 13, 'view_violations', 1, '2025-12-05 12:56:50', 1, NULL),
(566, 15, 'view_attendance', 1, '2025-12-11 03:55:57', 1, NULL),
(567, 15, 'borrow_keys', 1, '2025-12-11 03:55:57', 1, NULL),
(568, 15, 'manage_keys', 1, '2025-12-11 03:55:57', 1, NULL),
(569, 15, 'return_keys', 1, '2025-12-11 03:55:57', 1, NULL),
(570, 15, 'view_keys', 1, '2025-12-11 03:55:57', 1, NULL),
(571, 15, 'claim_lost_found', 1, '2025-12-11 03:55:57', 1, NULL),
(572, 15, 'manage_lost_found', 1, '2025-12-11 03:55:57', 1, NULL),
(573, 15, 'report_lost_found', 1, '2025-12-11 03:55:57', 1, NULL),
(574, 15, 'view_lost_found', 1, '2025-12-11 03:55:57', 1, NULL),
(575, 15, 'edit_violations', 1, '2025-12-11 03:55:57', 1, NULL),
(576, 15, 'report_violations', 1, '2025-12-11 03:55:57', 1, NULL),
(577, 15, 'review_violations', 1, '2025-12-11 03:55:57', 1, NULL),
(578, 15, 'view_violations', 1, '2025-12-11 03:55:57', 1, NULL),
(586, 16, 'check_attendance', 1, '2025-12-11 04:08:55', 1, NULL),
(587, 16, 'view_attendance', 1, '2025-12-11 04:08:55', 1, NULL),
(588, 16, 'borrow_keys', 1, '2025-12-11 04:08:55', 1, NULL),
(589, 16, 'view_keys', 1, '2025-12-11 04:08:55', 1, NULL),
(590, 16, 'claim_lost_found', 1, '2025-12-11 04:08:55', 1, NULL),
(591, 16, 'report_lost_found', 1, '2025-12-11 04:08:55', 1, NULL),
(592, 16, 'view_lost_found', 1, '2025-12-11 04:08:55', 1, NULL),
(1046, 12, 'manage_attendance', 1, '2025-12-19 08:08:24', 1, NULL),
(1047, 12, 'view_attendance', 1, '2025-12-19 08:08:24', 1, NULL),
(1048, 12, 'manage_keys', 1, '2025-12-19 08:08:24', 1, NULL),
(1049, 12, 'view_keys', 1, '2025-12-19 08:08:24', 1, NULL),
(1050, 12, 'access_labs', 1, '2025-12-19 08:08:24', 1, NULL),
(1051, 12, 'manage_labs', 1, '2025-12-19 08:08:24', 1, NULL),
(1052, 12, 'report_lab_incidents', 1, '2025-12-19 08:08:24', 1, NULL),
(1053, 12, 'view_lab_incidents', 1, '2025-12-19 08:08:24', 1, NULL),
(1054, 12, 'manage_lost_found', 1, '2025-12-19 08:08:24', 1, NULL),
(1055, 12, 'report_lost_found', 1, '2025-12-19 08:08:24', 1, NULL),
(1056, 12, 'view_lost_found', 1, '2025-12-19 08:08:24', 1, NULL),
(1057, 12, 'export_reports', 1, '2025-12-19 08:08:24', 1, NULL),
(1058, 12, 'generate_reports', 1, '2025-12-19 08:08:24', 1, NULL),
(1059, 12, 'view_reports', 1, '2025-12-19 08:08:24', 1, NULL),
(1060, 12, 'manage_assignments', 1, '2025-12-19 08:08:24', 1, NULL),
(1061, 12, 'manage_security_team', 1, '2025-12-19 08:08:24', 1, NULL),
(1062, 12, 'view_assignments', 1, '2025-12-19 08:08:24', 1, NULL),
(1063, 12, 'view_security_team', 1, '2025-12-19 08:08:24', 1, NULL),
(1064, 12, 'edit_student_info', 1, '2025-12-19 08:08:24', 1, NULL),
(1065, 12, 'view_student_info', 1, '2025-12-19 08:08:24', 1, NULL),
(1066, 12, 'deactivate_users', 1, '2025-12-19 08:08:24', 1, NULL),
(1067, 12, 'manage_users', 1, '2025-12-19 08:08:24', 1, NULL),
(1068, 12, 'view_users', 1, '2025-12-19 08:08:24', 1, NULL),
(1069, 12, 'delete_violations', 1, '2025-12-19 08:08:24', 1, NULL),
(1070, 12, 'edit_violations', 1, '2025-12-19 08:08:24', 1, NULL),
(1071, 12, 'report_violations', 1, '2025-12-19 08:08:24', 1, NULL),
(1072, 12, 'review_violations', 1, '2025-12-19 08:08:24', 1, NULL),
(1073, 12, 'view_violations', 1, '2025-12-19 08:08:24', 1, NULL),
(1074, 10, 'check_attendance', 1, '2025-12-19 23:28:29', 1, NULL),
(1075, 10, 'manage_attendance', 1, '2025-12-19 23:28:29', 1, NULL),
(1076, 10, 'view_attendance', 1, '2025-12-19 23:28:29', 1, NULL),
(1077, 10, 'manage_keys', 1, '2025-12-19 23:28:29', 1, NULL),
(1078, 10, 'view_keys', 1, '2025-12-19 23:28:29', 1, NULL),
(1079, 10, 'report_lab_incidents', 1, '2025-12-19 23:28:29', 1, NULL),
(1080, 10, 'view_lab_incidents', 1, '2025-12-19 23:28:29', 1, NULL),
(1081, 10, 'claim_lost_found', 1, '2025-12-19 23:28:29', 1, NULL),
(1082, 10, 'manage_lost_found', 1, '2025-12-19 23:28:29', 1, NULL),
(1083, 10, 'report_lost_found', 1, '2025-12-19 23:28:29', 1, NULL),
(1084, 10, 'view_lost_found', 1, '2025-12-19 23:28:29', 1, NULL),
(1085, 10, 'edit_student_info', 1, '2025-12-19 23:28:29', 1, NULL),
(1086, 10, 'view_student_info', 1, '2025-12-19 23:28:29', 1, NULL),
(1087, 10, 'edit_violations', 1, '2025-12-19 23:28:29', 1, NULL),
(1088, 10, 'report_violations', 1, '2025-12-19 23:28:29', 1, NULL),
(1089, 10, 'review_violations', 1, '2025-12-19 23:28:29', 1, NULL),
(1090, 105, 'check_attendance', 1, '2026-01-12 07:53:27', 1, NULL),
(1091, 105, 'view_attendance', 1, '2026-01-12 07:53:27', 1, NULL);

-- --------------------------------------------------------

--
-- Table structure for table `user_settings`
--

CREATE TABLE `user_settings` (
  `id` int(11) NOT NULL,
  `user_id` int(11) NOT NULL,
  `language` varchar(10) DEFAULT 'en',
  `theme` varchar(20) DEFAULT 'light',
  `dark_mode` tinyint(1) DEFAULT 0,
  `notification` tinyint(1) DEFAULT 1,
  `privacy` varchar(20) DEFAULT 'public',
  `account` varchar(20) DEFAULT 'active'
) ENGINE=InnoDB DEFAULT CHARSET=utf8mb4 COLLATE=utf8mb4_general_ci;

--
-- Dumping data for table `user_settings`
--

INSERT INTO `user_settings` (`id`, `user_id`, `language`, `theme`, `dark_mode`, `notification`, `privacy`, `account`) VALUES
(1, 1, 'en', 'dark', 0, 0, 'public', 'active');

-- --------------------------------------------------------

--
-- Table structure for table `violations_security`
--

CREATE TABLE `violations_security` (
  `id_security` int(11) NOT NULL,
  `reported_by_security` int(11) NOT NULL,
  `student_id_security` varchar(20) NOT NULL,
  `student_name_security` varchar(100) NOT NULL,
  `violation_type_id_security` int(11) NOT NULL,
  `severity_security` enum('low','medium','high','critical') NOT NULL,
  `description_security` text NOT NULL,
  `location_security` varchar(100) NOT NULL,
  `points_security` int(11) NOT NULL,
  `status_security` enum('reported','under_review','verified','resolved','dismissed') DEFAULT 'reported',
  `evidence_photo_security` varchar(255) DEFAULT NULL,
  `reviewed_by_security` int(11) DEFAULT NULL,
  `reviewed_at_security` timestamp NULL DEFAULT NULL,
  `resolution_notes_security` text DEFAULT NULL,
  `created_at_security` timestamp NOT NULL DEFAULT current_timestamp(),
  `updated_at_security` timestamp NOT NULL DEFAULT current_timestamp() ON UPDATE current_timestamp(),
  `student_id_security_foreign` int(11) DEFAULT NULL
) ENGINE=InnoDB DEFAULT CHARSET=utf8mb4 COLLATE=utf8mb4_general_ci;

-- --------------------------------------------------------

--
-- Table structure for table `violation_types_security`
--

CREATE TABLE `violation_types_security` (
  `id_security` int(11) NOT NULL,
  `type_name_security` varchar(100) NOT NULL,
  `severity_security` enum('low','medium','high','critical') NOT NULL,
  `default_points_security` int(11) DEFAULT 1,
  `description_security` text DEFAULT NULL,
  `is_active_security` tinyint(1) DEFAULT 1,
  `created_by_security` int(11) DEFAULT NULL,
  `created_at_security` timestamp NOT NULL DEFAULT current_timestamp()
) ENGINE=InnoDB DEFAULT CHARSET=utf8mb4 COLLATE=utf8mb4_general_ci;

--
-- Dumping data for table `violation_types_security`
--

INSERT INTO `violation_types_security` (`id_security`, `type_name_security`, `severity_security`, `default_points_security`, `description_security`, `is_active_security`, `created_by_security`, `created_at_security`) VALUES
(1, 'No ID', 'medium', 2, 'Not wearing identification inside campus premises', 1, 1, '2025-10-28 03:30:05'),
(2, 'Improper Uniform', 'low', 1, 'Not following prescribed dress code/uniform policy', 1, 1, '2025-10-28 03:30:05'),
(4, 'Unauthorized Area', 'high', 3, 'Accessing restricted areas without permission', 1, 1, '2025-10-28 03:30:05'),
(5, 'Disruptive Behavior', 'medium', 2, 'Causing disturbance in academic areas', 1, 1, '2025-10-28 03:30:05'),
(6, 'Academic Dishonesty', 'critical', 5, 'Cheating, plagiarism, or other academic violations', 1, 1, '2025-10-28 03:30:05'),
(7, 'Vandalism', 'high', 4, 'Damaging school property', 1, 1, '2025-10-28 03:30:05'),
(8, 'Smoking in Campus', 'high', 3, 'Smoking in non-designated areas', 1, 1, '2025-10-28 03:30:05');

-- --------------------------------------------------------

--
-- Stand-in structure for view `v_equipment_details`
-- (See below for the actual view)
--
CREATE TABLE `v_equipment_details` (
`equipment_id` int(11)
,`name` varchar(150)
,`serial_number` varchar(100)
,`quantity` int(11)
,`available_quantity` int(11)
,`location` varchar(150)
,`condition` enum('Good','Damaged','For Repair')
,`status` enum('Available','Borrowed','Under Maintenance')
,`remarks` text
,`category_name` varchar(100)
,`created_at` timestamp
,`updated_at` timestamp
);

-- --------------------------------------------------------

--
-- Stand-in structure for view `v_transaction_details`
-- (See below for the actual view)
--
CREATE TABLE `v_transaction_details` (
`transaction_id` int(11)
,`equipment_id` int(11)
,`equipment_name` varchar(150)
,`borrower_id` int(11)
,`borrower_name` varchar(150)
,`borrower_email` varchar(150)
,`user_type` enum('local','student','instructor')
,`student_id` int(11)
,`instructor_id` int(11)
,`quantity` int(11)
,`borrow_date` datetime
,`due_date` datetime
,`return_date` datetime
,`status` enum('Request','Borrowed','Returned','Overdue','Rejected')
,`purpose` text
,`remarks` text
,`recorded_by_name` varchar(150)
,`approved_by_name` varchar(150)
,`created_at` timestamp
);

-- --------------------------------------------------------

--
-- Structure for view `all_users_view`
--
DROP TABLE IF EXISTS `all_users_view`;

CREATE ALGORITHM=UNDEFINED DEFINER=`root`@`localhost` SQL SECURITY DEFINER VIEW `all_users_view`  AS SELECT `u`.`username` AS `username`, `u`.`password` AS `password`, `u`.`role` AS `role`, `u`.`user_ref_id` AS `user_ref_id`, `u`.`created_at` AS `created_at` FROM `class_users` AS `u` ;

-- --------------------------------------------------------

--
-- Structure for view `v_equipment_details`
--
DROP TABLE IF EXISTS `v_equipment_details`;

CREATE ALGORITHM=UNDEFINED DEFINER=`root`@`localhost` SQL SECURITY DEFINER VIEW `v_equipment_details`  AS SELECT `e`.`equipment_id` AS `equipment_id`, `e`.`name` AS `name`, `e`.`serial_number` AS `serial_number`, `e`.`quantity` AS `quantity`, `e`.`available_quantity` AS `available_quantity`, `e`.`location` AS `location`, `e`.`condition` AS `condition`, `e`.`status` AS `status`, `e`.`remarks` AS `remarks`, `c`.`category_name` AS `category_name`, `e`.`created_at` AS `created_at`, `e`.`updated_at` AS `updated_at` FROM (`eims_equipment` `e` left join `eims_categories` `c` on(`e`.`category_id` = `c`.`category_id`)) ;

-- --------------------------------------------------------

--
-- Structure for view `v_transaction_details`
--
DROP TABLE IF EXISTS `v_transaction_details`;

CREATE ALGORITHM=UNDEFINED DEFINER=`root`@`localhost` SQL SECURITY DEFINER VIEW `v_transaction_details`  AS SELECT `t`.`transaction_id` AS `transaction_id`, `t`.`equipment_id` AS `equipment_id`, `e`.`name` AS `equipment_name`, `t`.`borrower_id` AS `borrower_id`, `u1`.`full_name` AS `borrower_name`, `u1`.`email` AS `borrower_email`, `u1`.`user_type` AS `user_type`, `u1`.`student_id` AS `student_id`, `u1`.`instructor_id` AS `instructor_id`, `t`.`quantity` AS `quantity`, `t`.`borrow_date` AS `borrow_date`, `t`.`due_date` AS `due_date`, `t`.`return_date` AS `return_date`, `t`.`status` AS `status`, `t`.`purpose` AS `purpose`, `t`.`remarks` AS `remarks`, `u2`.`full_name` AS `recorded_by_name`, `u3`.`full_name` AS `approved_by_name`, `t`.`created_at` AS `created_at` FROM ((((`eims_transactions` `t` join `eims_equipment` `e` on(`t`.`equipment_id` = `e`.`equipment_id`)) join `eims_users` `u1` on(`t`.`borrower_id` = `u1`.`user_id`)) left join `eims_users` `u2` on(`t`.`recorded_by_id` = `u2`.`user_id`)) left join `eims_users` `u3` on(`t`.`approved_by` = `u3`.`user_id`)) ;

--
-- Indexes for dumped tables
--

--
-- Indexes for table `account_lockouts`
--
ALTER TABLE `account_lockouts`
  ADD PRIMARY KEY (`id`),
  ADD KEY `unlocked_by` (`unlocked_by`),
  ADD KEY `idx_user_id` (`user_id`),
  ADD KEY `idx_username` (`username`),
  ADD KEY `idx_lockout_end` (`lockout_end`);

--
-- Indexes for table `activity`
--
ALTER TABLE `activity`
  ADD PRIMARY KEY (`ActivityID`),
  ADD KEY `fk_activity_subsched` (`schedule_id`),
  ADD KEY `fk_activity_createdby` (`CreatedBy`);

--
-- Indexes for table `activitysubmission`
--
ALTER TABLE `activitysubmission`
  ADD PRIMARY KEY (`SubmissionID`),
  ADD KEY `fk_activity_submission_activity` (`ActivityID`),
  ADD KEY `fk_activity_submission_student` (`StudID`),
  ADD KEY `fk_activity_submission_gradedby` (`GradedBy`);

--
-- Indexes for table `activity_logs`
--
ALTER TABLE `activity_logs`
  ADD PRIMARY KEY (`log_id`),
  ADD KEY `idx_activity_logs_user_id` (`UserID`);

--
-- Indexes for table `admins`
--
ALTER TABLE `admins`
  ADD PRIMARY KEY (`admin_id`);

--
-- Indexes for table `allowance_releases`
--
ALTER TABLE `allowance_releases`
  ADD PRIMARY KEY (`id`),
  ADD KEY `scholar_id` (`scholar_id`),
  ADD KEY `released_by` (`released_by`),
  ADD KEY `idx_allowance_releases_date` (`release_date`);

--
-- Indexes for table `announcement`
--
ALTER TABLE `announcement`
  ADD PRIMARY KEY (`AnnouncementID`),
  ADD KEY `fk_announcement_subsched` (`schedule_id`),
  ADD KEY `fk_announcement_postedby` (`PostedBy`);

--
-- Indexes for table `applications`
--
ALTER TABLE `applications`
  ADD PRIMARY KEY (`id`),
  ADD KEY `user_id` (`user_id`),
  ADD KEY `course_id` (`course_id`),
  ADD KEY `reviewed_by` (`reviewed_by`),
  ADD KEY `idx_applications_status` (`status`),
  ADD KEY `idx_applications_email` (`email`),
  ADD KEY `idx_applications_school_id` (`school_id`),
  ADD KEY `idx_applications_type` (`application_type`),
  ADD KEY `idx_applications_income` (`family_income`);

--
-- Indexes for table `application_documents`
--
ALTER TABLE `application_documents`
  ADD PRIMARY KEY (`id`),
  ADD KEY `application_id` (`application_id`);

--
-- Indexes for table `application_status_history`
--
ALTER TABLE `application_status_history`
  ADD PRIMARY KEY (`id`),
  ADD KEY `application_id` (`application_id`),
  ADD KEY `changed_by` (`changed_by`);

--
-- Indexes for table `appointments`
--
ALTER TABLE `appointments`
  ADD PRIMARY KEY (`appointment_id`);

--
-- Indexes for table `assessment_weights`
--
ALTER TABLE `assessment_weights`
  ADD PRIMARY KEY (`id`),
  ADD KEY `grading_period_id` (`grading_period_id`);

--
-- Indexes for table `assignment`
--
ALTER TABLE `assignment`
  ADD PRIMARY KEY (`AssignmentID`),
  ADD KEY `fk_assignment_subsched` (`schedule_id`),
  ADD KEY `fk_assignment_createdby` (`CreatedBy`);

--
-- Indexes for table `assignmentsubmission`
--
ALTER TABLE `assignmentsubmission`
  ADD PRIMARY KEY (`SubmissionID`),
  ADD KEY `fk_submission_assignment` (`AssignmentID`),
  ADD KEY `fk_submission_student` (`StudID`),
  ADD KEY `fk_submission_gradedby` (`GradedBy`);

--
-- Indexes for table `attendance_logs`
--
ALTER TABLE `attendance_logs`
  ADD PRIMARY KEY (`log_id`),
  ADD KEY `fk_attendance_employee` (`employee_id`);

--
-- Indexes for table `attendance_logs_security`
--
ALTER TABLE `attendance_logs_security`
  ADD PRIMARY KEY (`id_security`),
  ADD KEY `idx_user_date` (`user_id_security`,`log_date_security`),
  ADD KEY `idx_attendance_user_date` (`user_id_security`,`log_date_security`),
  ADD KEY `fk_attendance_logs_student` (`student_id_security`);

--
-- Indexes for table `attendance_schedules_security`
--
ALTER TABLE `attendance_schedules_security`
  ADD PRIMARY KEY (`id_security`),
  ADD UNIQUE KEY `idx_user_effective_date` (`user_id_security`,`effective_date_security`),
  ADD KEY `fk_attendance_schedules_student` (`student_id_security`);

--
-- Indexes for table `attendance_settings_security`
--
ALTER TABLE `attendance_settings_security`
  ADD PRIMARY KEY (`id_security`),
  ADD UNIQUE KEY `setting_key` (`setting_key_security`);

--
-- Indexes for table `audit_logs`
--
ALTER TABLE `audit_logs`
  ADD PRIMARY KEY (`log_id`),
  ADD KEY `fk_audit_logs_users` (`user_id`);

--
-- Indexes for table `billed_out_fees`
--
ALTER TABLE `billed_out_fees`
  ADD PRIMARY KEY (`billed_fee_id`),
  ADD UNIQUE KEY `unique_billing_fee` (`billing_id`,`fee_id`),
  ADD KEY `fk_billed_fee_fee` (`fee_id`);

--
-- Indexes for table `billing`
--
ALTER TABLE `billing`
  ADD PRIMARY KEY (`billing_id`),
  ADD KEY `student_id` (`StudID`);

--
-- Indexes for table `books`
--
ALTER TABLE `books`
  ADD PRIMARY KEY (`BookID`),
  ADD KEY `fk_books_subject` (`SubjectID`);

--
-- Indexes for table `cases`
--
ALTER TABLE `cases`
  ADD PRIMARY KEY (`case_id`),
  ADD KEY `fk_cases_StudGuidance_ID` (`StudGuidance_ID`);

--
-- Indexes for table `case_counselors`
--
ALTER TABLE `case_counselors`
  ADD PRIMARY KEY (`case_counselor_id`);

--
-- Indexes for table `case_documents`
--
ALTER TABLE `case_documents`
  ADD PRIMARY KEY (`document_id`);

--
-- Indexes for table `case_statuses`
--
ALTER TABLE `case_statuses`
  ADD PRIMARY KEY (`status_id`);

--
-- Indexes for table `case_types`
--
ALTER TABLE `case_types`
  ADD PRIMARY KEY (`case_type_id`);

--
-- Indexes for table `class_users`
--
ALTER TABLE `class_users`
  ADD PRIMARY KEY (`user_id`);

--
-- Indexes for table `clearances`
--
ALTER TABLE `clearances`
  ADD PRIMARY KEY (`clearance_id`),
  ADD KEY `fk_clearance_request` (`request_id`);

--
-- Indexes for table `courses`
--
ALTER TABLE `courses`
  ADD PRIMARY KEY (`id`);

--
-- Indexes for table `departments`
--
ALTER TABLE `departments`
  ADD PRIMARY KEY (`department_id`);

--
-- Indexes for table `dept`
--
ALTER TABLE `dept`
  ADD PRIMARY KEY (`DeptID`),
  ADD UNIQUE KEY `uq_dept_name` (`DeptName`);

--
-- Indexes for table `document_requests`
--
ALTER TABLE `document_requests`
  ADD PRIMARY KEY (`Request_id`),
  ADD KEY `idx_doc_user` (`UserID`),
  ADD KEY `idx_doc_type` (`Doctype_id`),
  ADD KEY `fk_request_payment` (`payment_id`);

--
-- Indexes for table `document_types`
--
ALTER TABLE `document_types`
  ADD PRIMARY KEY (`Doctype_id`);

--
-- Indexes for table `eaaps_attendance_settings`
--
ALTER TABLE `eaaps_attendance_settings`
  ADD PRIMARY KEY (`id`);

--
-- Indexes for table `eims_audit_logs`
--
ALTER TABLE `eims_audit_logs`
  ADD PRIMARY KEY (`audit_id`),
  ADD KEY `user_id` (`user_id`);

--
-- Indexes for table `eims_categories`
--
ALTER TABLE `eims_categories`
  ADD PRIMARY KEY (`category_id`),
  ADD UNIQUE KEY `category_name` (`category_name`);

--
-- Indexes for table `eims_equipment`
--
ALTER TABLE `eims_equipment`
  ADD PRIMARY KEY (`equipment_id`),
  ADD KEY `category_id` (`category_id`),
  ADD KEY `idx_status` (`status`),
  ADD KEY `idx_condition` (`condition`);

--
-- Indexes for table `eims_maintenance`
--
ALTER TABLE `eims_maintenance`
  ADD PRIMARY KEY (`maintenance_id`),
  ADD KEY `equipment_id` (`equipment_id`),
  ADD KEY `reported_by` (`reported_by`),
  ADD KEY `resolved_by` (`resolved_by`),
  ADD KEY `idx_status` (`status`),
  ADD KEY `idx_reported_date` (`reported_date`);

--
-- Indexes for table `eims_notifications`
--
ALTER TABLE `eims_notifications`
  ADD PRIMARY KEY (`notification_id`),
  ADD KEY `user_id` (`user_id`),
  ADD KEY `transaction_id` (`transaction_id`);

--
-- Indexes for table `eims_roles`
--
ALTER TABLE `eims_roles`
  ADD PRIMARY KEY (`role_id`),
  ADD UNIQUE KEY `role_name` (`role_name`);

--
-- Indexes for table `eims_transactions`
--
ALTER TABLE `eims_transactions`
  ADD PRIMARY KEY (`transaction_id`),
  ADD KEY `equipment_id` (`equipment_id`),
  ADD KEY `borrower_id` (`borrower_id`),
  ADD KEY `recorded_by_id` (`recorded_by_id`),
  ADD KEY `approved_by` (`approved_by`),
  ADD KEY `idx_status` (`status`),
  ADD KEY `idx_borrow_date` (`borrow_date`),
  ADD KEY `idx_due_date` (`due_date`);

--
-- Indexes for table `eims_users`
--
ALTER TABLE `eims_users`
  ADD PRIMARY KEY (`user_id`),
  ADD UNIQUE KEY `username` (`username`),
  ADD KEY `role_id` (`role_id`),
  ADD KEY `student_id` (`student_id`),
  ADD KEY `instructor_id` (`instructor_id`);

--
-- Indexes for table `employees`
--
ALTER TABLE `employees`
  ADD PRIMARY KEY (`employee_id`);

--
-- Indexes for table `employee_schedules`
--
ALTER TABLE `employee_schedules`
  ADD PRIMARY KEY (`id`);

--
-- Indexes for table `enrollment`
--
ALTER TABLE `enrollment`
  ADD PRIMARY KEY (`EnrollID`),
  ADD KEY `idx_enrollment_student` (`StudID`),
  ADD KEY `idx_enrollment_period` (`EPeriodID`);

--
-- Indexes for table `enrollperiod`
--
ALTER TABLE `enrollperiod`
  ADD PRIMARY KEY (`EPeriodID`),
  ADD UNIQUE KEY `uq_period_year_sem` (`SchoolYear`,`Semester`);

--
-- Indexes for table `fees`
--
ALTER TABLE `fees`
  ADD PRIMARY KEY (`fee_id`),
  ADD UNIQUE KEY `uq_fee_code` (`fee_code`),
  ADD UNIQUE KEY `uq_fee_term` (`fee_code`,`year_level`,`semester`);

--
-- Indexes for table `gpa`
--
ALTER TABLE `gpa`
  ADD PRIMARY KEY (`gpa_id`),
  ADD KEY `StudID` (`StudID`),
  ADD KEY `gpa_ibfk_2` (`enrollperiod_id`);

--
-- Indexes for table `grades`
--
ALTER TABLE `grades`
  ADD PRIMARY KEY (`grade_id`),
  ADD KEY `enrollment_id` (`enrollment_id`),
  ADD KEY `fk_grades_student` (`StudID`);

--
-- Indexes for table `gradesummary`
--
ALTER TABLE `gradesummary`
  ADD PRIMARY KEY (`GradeID`),
  ADD UNIQUE KEY `unique_student_course` (`StudID`,`schedule_id`),
  ADD KEY `fk_gradesummary_subsched` (`schedule_id`),
  ADD KEY `fk_gradesummary_updatedby` (`UpdatedBy`);

--
-- Indexes for table `grade_reads`
--
ALTER TABLE `grade_reads`
  ADD PRIMARY KEY (`id`),
  ADD UNIQUE KEY `unique_read` (`grade_id`,`student_id`,`subject_code`);

--
-- Indexes for table `grade_scale`
--
ALTER TABLE `grade_scale`
  ADD PRIMARY KEY (`scale_id`);

--
-- Indexes for table `grading_periods`
--
ALTER TABLE `grading_periods`
  ADD PRIMARY KEY (`grading_period_id`);

--
-- Indexes for table `guards`
--
ALTER TABLE `guards`
  ADD PRIMARY KEY (`guard_id`),
  ADD UNIQUE KEY `username` (`username`);

--
-- Indexes for table `guidance_settings`
--
ALTER TABLE `guidance_settings`
  ADD PRIMARY KEY (`setting_id`);

--
-- Indexes for table `guidance_users`
--
ALTER TABLE `guidance_users`
  ADD PRIMARY KEY (`GuidanceUserID`),
  ADD KEY `fk_guidance_users_UserID` (`UserID`);

--
-- Indexes for table `honors_classification`
--
ALTER TABLE `honors_classification`
  ADD PRIMARY KEY (`id`);

--
-- Indexes for table `instructor`
--
ALTER TABLE `instructor`
  ADD PRIMARY KEY (`InsID`),
  ADD KEY `idx_instructor_dept` (`DeptID`);

--
-- Indexes for table `job_positions`
--
ALTER TABLE `job_positions`
  ADD PRIMARY KEY (`position_id`);

--
-- Indexes for table `key_management_security`
--
ALTER TABLE `key_management_security`
  ADD PRIMARY KEY (`id_security`),
  ADD UNIQUE KEY `key_code` (`key_code_security`),
  ADD UNIQUE KEY `unique_key_name_location` (`key_name_security`,`location_security`),
  ADD KEY `key_type_id` (`key_type_id_security`),
  ADD KEY `current_holder` (`current_holder_security`),
  ADD KEY `created_by` (`created_by_security`),
  ADD KEY `idx_key_management_status` (`status_security`),
  ADD KEY `fk_key_management_student` (`student_id_security`);

--
-- Indexes for table `key_transaction_logs_security`
--
ALTER TABLE `key_transaction_logs_security`
  ADD PRIMARY KEY (`id_security`),
  ADD KEY `key_id` (`key_id_security`),
  ADD KEY `user_id` (`user_id_security`),
  ADD KEY `admin_id` (`admin_id_security`),
  ADD KEY `fk_key_transaction_logs_student` (`student_id_security`);

--
-- Indexes for table `key_types_security`
--
ALTER TABLE `key_types_security`
  ADD PRIMARY KEY (`id_security`);

--
-- Indexes for table `laboratories_security`
--
ALTER TABLE `laboratories_security`
  ADD PRIMARY KEY (`id_security`),
  ADD UNIQUE KEY `lab_code` (`lab_code_security`),
  ADD KEY `fk_laboratories_student` (`student_id_security`);

--
-- Indexes for table `lab_access_logs_security`
--
ALTER TABLE `lab_access_logs_security`
  ADD PRIMARY KEY (`id_security`),
  ADD KEY `user_id` (`user_id_security`),
  ADD KEY `lab_id` (`lab_id_security`),
  ADD KEY `fk_lab_access_logs_student` (`student_id_security`);

--
-- Indexes for table `lab_equipment_security`
--
ALTER TABLE `lab_equipment_security`
  ADD PRIMARY KEY (`id_security`),
  ADD UNIQUE KEY `serial_number` (`serial_number_security`),
  ADD UNIQUE KEY `unique_equipment_lab` (`equipment_name_security`,`lab_id_security`,`serial_number_security`(50)),
  ADD KEY `lab_id` (`lab_id_security`),
  ADD KEY `fk_lab_equipment_student` (`student_id_security`);

--
-- Indexes for table `lab_incidents_security`
--
ALTER TABLE `lab_incidents_security`
  ADD PRIMARY KEY (`id_security`),
  ADD KEY `reported_by` (`reported_by_security`),
  ADD KEY `lab_id` (`lab_id_security`),
  ADD KEY `equipment_id` (`equipment_id_security`),
  ADD KEY `resolved_by` (`resolved_by_security`),
  ADD KEY `idx_lab_incidents_status` (`status_security`),
  ADD KEY `fk_lab_incidents_student` (`student_id_security`);

--
-- Indexes for table `learningmaterials`
--
ALTER TABLE `learningmaterials`
  ADD PRIMARY KEY (`MaterialID`),
  ADD KEY `fk_material_subsched` (`schedule_id`),
  ADD KEY `fk_material_folder` (`FolderID`),
  ADD KEY `fk_material_uploadedby` (`UploadedBy`);

--
-- Indexes for table `leave_requests`
--
ALTER TABLE `leave_requests`
  ADD PRIMARY KEY (`leave_id`);

--
-- Indexes for table `login_attempts`
--
ALTER TABLE `login_attempts`
  ADD PRIMARY KEY (`id`),
  ADD KEY `idx_username` (`username`),
  ADD KEY `idx_ip_address` (`ip_address`),
  ADD KEY `idx_attempt_time` (`attempt_time`);

--
-- Indexes for table `lost_found_categories_security`
--
ALTER TABLE `lost_found_categories_security`
  ADD PRIMARY KEY (`id_security`);

--
-- Indexes for table `lost_found_items_security`
--
ALTER TABLE `lost_found_items_security`
  ADD PRIMARY KEY (`id_security`),
  ADD KEY `reported_by` (`reported_by_security`),
  ADD KEY `category_id` (`category_id_security`),
  ADD KEY `claimed_by` (`claimed_by_security`),
  ADD KEY `resolved_by` (`resolved_by_security`),
  ADD KEY `idx_lost_found_status` (`status_security`),
  ADD KEY `fk_lost_found_items_student` (`student_id_security`);

--
-- Indexes for table `materialaccesslog`
--
ALTER TABLE `materialaccesslog`
  ADD PRIMARY KEY (`LogID`),
  ADD KEY `fk_accesslog_material` (`MaterialID`),
  ADD KEY `fk_accesslog_user` (`UserID`);

--
-- Indexes for table `materialfolder`
--
ALTER TABLE `materialfolder`
  ADD PRIMARY KEY (`FolderID`),
  ADD KEY `fk_folder_subsched` (`schedule_id`),
  ADD KEY `fk_folder_parent` (`ParentFolderID`),
  ADD KEY `fk_folder_createdby` (`CreatedBy`);

--
-- Indexes for table `members`
--
ALTER TABLE `members`
  ADD PRIMARY KEY (`MemberID`),
  ADD UNIQUE KEY `uq_school_id` (`SchoolID`);

--
-- Indexes for table `misconducts`
--
ALTER TABLE `misconducts`
  ADD PRIMARY KEY (`id`);

--
-- Indexes for table `modules`
--
ALTER TABLE `modules`
  ADD PRIMARY KEY (`id`),
  ADD UNIQUE KEY `name` (`name`);

--
-- Indexes for table `notifications_for_id`
--
ALTER TABLE `notifications_for_id`
  ADD PRIMARY KEY (`id`);

--
-- Indexes for table `overtime_requests`
--
ALTER TABLE `overtime_requests`
  ADD PRIMARY KEY (`overtime_id`);

--
-- Indexes for table `payments`
--
ALTER TABLE `payments`
  ADD PRIMARY KEY (`payment_id`),
  ADD UNIQUE KEY `receipt_number` (`receipt_number`),
  ADD KEY `idx_payment_billing` (`billing_id`),
  ADD KEY `idx_payment_cashier` (`cashier_id`),
  ADD KEY `fk_payment_request` (`request_id`),
  ADD KEY `fk_payments_student` (`StudID`);

--
-- Indexes for table `payment_reads`
--
ALTER TABLE `payment_reads`
  ADD PRIMARY KEY (`id`),
  ADD UNIQUE KEY `unique_read` (`payment_id`,`student_id`);

--
-- Indexes for table `payroll_audit`
--
ALTER TABLE `payroll_audit`
  ADD PRIMARY KEY (`audit_id`);

--
-- Indexes for table `permissions_for_id`
--
ALTER TABLE `permissions_for_id`
  ADD PRIMARY KEY (`PermissionID`),
  ADD UNIQUE KEY `PermissionName` (`PermissionName`);

--
-- Indexes for table `permission_keys_security`
--
ALTER TABLE `permission_keys_security`
  ADD PRIMARY KEY (`id_security`),
  ADD UNIQUE KEY `permission_key` (`permission_key_security`),
  ADD KEY `idx_permission_keys_module` (`module_security`),
  ADD KEY `idx_permission_keys_active` (`is_active_security`);

--
-- Indexes for table `pickup_schedules`
--
ALTER TABLE `pickup_schedules`
  ADD PRIMARY KEY (`id`),
  ADD KEY `fk_pickup_request` (`request_id`);

--
-- Indexes for table `priority_levels`
--
ALTER TABLE `priority_levels`
  ADD PRIMARY KEY (`priority_id`);

--
-- Indexes for table `profile_logs`
--
ALTER TABLE `profile_logs`
  ADD PRIMARY KEY (`id`),
  ADD KEY `user_id` (`user_id`);

--
-- Indexes for table `program`
--
ALTER TABLE `program`
  ADD PRIMARY KEY (`ProgramID`),
  ADD UNIQUE KEY `uq_program_name` (`ProgName`);

--
-- Indexes for table `qr_codes`
--
ALTER TABLE `qr_codes`
  ADD PRIMARY KEY (`qr_id`);

--
-- Indexes for table `queue`
--
ALTER TABLE `queue`
  ADD PRIMARY KEY (`queue_id`),
  ADD KEY `idx_queue_window` (`window_id`),
  ADD KEY `idx_queue_transaction` (`transaction_type`);

--
-- Indexes for table `quiz`
--
ALTER TABLE `quiz`
  ADD PRIMARY KEY (`QuizID`),
  ADD KEY `fk_quiz_subsched` (`schedule_id`),
  ADD KEY `fk_quiz_createdby` (`CreatedBy`);

--
-- Indexes for table `quizanswer`
--
ALTER TABLE `quizanswer`
  ADD PRIMARY KEY (`AnswerID`),
  ADD KEY `fk_answer_attempt` (`AttemptID`),
  ADD KEY `fk_answer_question` (`QuestionID`),
  ADD KEY `fk_answer_choice` (`ChoiceID`);

--
-- Indexes for table `quizattempt`
--
ALTER TABLE `quizattempt`
  ADD PRIMARY KEY (`AttemptID`),
  ADD KEY `fk_attempt_quiz` (`QuizID`),
  ADD KEY `fk_attempt_student` (`StudID`);

--
-- Indexes for table `quizchoice`
--
ALTER TABLE `quizchoice`
  ADD PRIMARY KEY (`ChoiceID`),
  ADD KEY `fk_choice_question` (`QuestionID`);

--
-- Indexes for table `quizquestion`
--
ALTER TABLE `quizquestion`
  ADD PRIMARY KEY (`QuestionID`),
  ADD KEY `fk_question_quiz` (`QuizID`);

--
-- Indexes for table `read_notifications`
--
ALTER TABLE `read_notifications`
  ADD PRIMARY KEY (`id`),
  ADD UNIQUE KEY `unique_user_module_item` (`user_id`,`module`,`item_id`);

--
-- Indexes for table `report`
--
ALTER TABLE `report`
  ADD PRIMARY KEY (`id`),
  ADD KEY `idx_author` (`author_id`),
  ADD KEY `idx_department` (`department_id`);

--
-- Indexes for table `reports`
--
ALTER TABLE `reports`
  ADD PRIMARY KEY (`id`),
  ADD KEY `fk_reports_responded_by` (`responded_by`),
  ADD KEY `idx_reports_status` (`status`),
  ADD KEY `idx_reports_user_id` (`user_id`),
  ADD KEY `idx_reports_created_at` (`created_at`);

--
-- Indexes for table `report_images`
--
ALTER TABLE `report_images`
  ADD PRIMARY KEY (`id`),
  ADD KEY `idx_report_images_report_id` (`report_id`);

--
-- Indexes for table `request_counters`
--
ALTER TABLE `request_counters`
  ADD PRIMARY KEY (`id`),
  ADD UNIQUE KEY `uniq_date` (`date`);

--
-- Indexes for table `rolepermissions_for_id`
--
ALTER TABLE `rolepermissions_for_id`
  ADD PRIMARY KEY (`RolePermissionID`),
  ADD KEY `RoleID` (`RoleID`),
  ADD KEY `PermissionID` (`PermissionID`);

--
-- Indexes for table `roles_for_id`
--
ALTER TABLE `roles_for_id`
  ADD PRIMARY KEY (`RoleID`),
  ADD UNIQUE KEY `RoleName` (`RoleName`);

--
-- Indexes for table `rooms`
--
ALTER TABLE `rooms`
  ADD PRIMARY KEY (`room_id`);

--
-- Indexes for table `schedules`
--
ALTER TABLE `schedules`
  ADD PRIMARY KEY (`schedule_id`),
  ADD KEY `fk_schedules_subject` (`subject_id`),
  ADD KEY `fk_schedules_instructor` (`instructor_id`),
  ADD KEY `fk_schedules_section` (`section_id`),
  ADD KEY `idx_schedules_room_id` (`room_id`),
  ADD KEY `fk_schedules_student` (`StudID`);

--
-- Indexes for table `schedule_reads`
--
ALTER TABLE `schedule_reads`
  ADD PRIMARY KEY (`id`),
  ADD UNIQUE KEY `unique_read` (`schedule_id`,`student_id`);

--
-- Indexes for table `scholars`
--
ALTER TABLE `scholars`
  ADD PRIMARY KEY (`id`),
  ADD UNIQUE KEY `application_id` (`application_id`),
  ADD UNIQUE KEY `user_id` (`user_id`),
  ADD KEY `idx_scholars_status` (`status`);

--
-- Indexes for table `sections`
--
ALTER TABLE `sections`
  ADD PRIMARY KEY (`section_id`);

--
-- Indexes for table `security_assignments_security`
--
ALTER TABLE `security_assignments_security`
  ADD PRIMARY KEY (`id_security`),
  ADD KEY `guard_id` (`guard_id_security`),
  ADD KEY `assigned_by` (`assigned_by_security`),
  ADD KEY `fk_security_assignments_student` (`student_id_security`);

--
-- Indexes for table `security_settings`
--
ALTER TABLE `security_settings`
  ADD PRIMARY KEY (`id`),
  ADD UNIQUE KEY `setting_name` (`setting_name`);

--
-- Indexes for table `sessions`
--
ALTER TABLE `sessions`
  ADD PRIMARY KEY (`session_id`),
  ADD UNIQUE KEY `session_token` (`session_token`),
  ADD KEY `idx_sessions_user` (`UserID`);

--
-- Indexes for table `staff_profiles`
--
ALTER TABLE `staff_profiles`
  ADD PRIMARY KEY (`StaffProfileID`),
  ADD UNIQUE KEY `unique_staff_user` (`UserID`),
  ADD KEY `fk_staff_profiles_UserID` (`UserID`);

--
-- Indexes for table `student`
--
ALTER TABLE `student`
  ADD PRIMARY KEY (`StudID`),
  ADD KEY `idx_student_dept` (`DeptID`),
  ADD KEY `idx_student_graduate` (`IsGraduate`);

--
-- Indexes for table `student_guidance`
--
ALTER TABLE `student_guidance`
  ADD PRIMARY KEY (`StudGuidance_ID`),
  ADD KEY `fk_student_guidance_StudID` (`StudID`);

--
-- Indexes for table `student_identification`
--
ALTER TABLE `student_identification`
  ADD PRIMARY KEY (`StudentID`),
  ADD UNIQUE KEY `StudentNumber` (`StudentNumber`),
  ADD UNIQUE KEY `Qr_token` (`Qr_token`);

--
-- Indexes for table `student_requests`
--
ALTER TABLE `student_requests`
  ADD PRIMARY KEY (`RequestID`),
  ADD UNIQUE KEY `Qr_token` (`Qr_token`);

--
-- Indexes for table `student_schedules`
--
ALTER TABLE `student_schedules`
  ADD PRIMARY KEY (`ss_id`),
  ADD KEY `fk_student_schedules_student` (`StudID`),
  ADD KEY `fk_student_schedules_schedule` (`schedule_id`);

--
-- Indexes for table `student_subjects`
--
ALTER TABLE `student_subjects`
  ADD PRIMARY KEY (`stud_subj_id`),
  ADD KEY `fk_studsubj_student` (`StudID`),
  ADD KEY `fk_studsubj_subject` (`SubjectID`);

--
-- Indexes for table `subject`
--
ALTER TABLE `subject`
  ADD PRIMARY KEY (`SubjectID`),
  ADD UNIQUE KEY `uq_subject_subcode` (`SubCode`);

--
-- Indexes for table `subjectenrollment`
--
ALTER TABLE `subjectenrollment`
  ADD PRIMARY KEY (`EnrollID`),
  ADD KEY `idx_subjectenrollment_student` (`StudID`),
  ADD KEY `idx_subjectenrollment_subject` (`SubjectID`),
  ADD KEY `idx_subjectenrollment_period` (`EPeriodID`);

--
-- Indexes for table `subjects`
--
ALTER TABLE `subjects`
  ADD PRIMARY KEY (`SubjectID`);

--
-- Indexes for table `subject_reads`
--
ALTER TABLE `subject_reads`
  ADD PRIMARY KEY (`id`),
  ADD UNIQUE KEY `unique_read` (`subject_id`,`student_id`);

--
-- Indexes for table `suspension_reasons`
--
ALTER TABLE `suspension_reasons`
  ADD PRIMARY KEY (`id`),
  ADD KEY `user_id` (`user_id`),
  ADD KEY `suspended_by` (`suspended_by`);

--
-- Indexes for table `system_logs_security`
--
ALTER TABLE `system_logs_security`
  ADD PRIMARY KEY (`id_security`),
  ADD KEY `user_id` (`user_id_security`),
  ADD KEY `idx_system_logs_created_at` (`created_at_security`),
  ADD KEY `fk_system_logs_student` (`student_id_security`);

--
-- Indexes for table `system_settings`
--
ALTER TABLE `system_settings`
  ADD PRIMARY KEY (`id`),
  ADD UNIQUE KEY `setting_key` (`setting_key`);

--
-- Indexes for table `tdp_applications`
--
ALTER TABLE `tdp_applications`
  ADD PRIMARY KEY (`id`),
  ADD UNIQUE KEY `application_id` (`application_id`),
  ADD KEY `verified_by` (`verified_by`),
  ADD KEY `idx_tdp_applications_verification` (`verification_date`);

--
-- Indexes for table `tdp_benefits`
--
ALTER TABLE `tdp_benefits`
  ADD PRIMARY KEY (`id`),
  ADD KEY `released_by` (`released_by`),
  ADD KEY `idx_tdp_benefits_scholar` (`scholar_id`),
  ADD KEY `idx_tdp_benefits_release` (`release_date`);

--
-- Indexes for table `tdp_eligibility_criteria`
--
ALTER TABLE `tdp_eligibility_criteria`
  ADD PRIMARY KEY (`id`);

--
-- Indexes for table `tdp_evaluation_scores`
--
ALTER TABLE `tdp_evaluation_scores`
  ADD PRIMARY KEY (`id`),
  ADD UNIQUE KEY `unique_evaluation` (`application_id`,`evaluator_id`,`criteria_id`),
  ADD KEY `evaluator_id` (`evaluator_id`),
  ADD KEY `criteria_id` (`criteria_id`);

--
-- Indexes for table `tdp_settings`
--
ALTER TABLE `tdp_settings`
  ADD PRIMARY KEY (`id`),
  ADD UNIQUE KEY `setting_name` (`setting_name`);

--
-- Indexes for table `teller_windows`
--
ALTER TABLE `teller_windows`
  ADD PRIMARY KEY (`window_id`);

--
-- Indexes for table `transactions`
--
ALTER TABLE `transactions`
  ADD PRIMARY KEY (`TransactID`),
  ADD KEY `idx_member` (`MemberID`),
  ADD KEY `idx_book` (`BookID`);

--
-- Indexes for table `transaction_types`
--
ALTER TABLE `transaction_types`
  ADD PRIMARY KEY (`type_id`);

--
-- Indexes for table `tuition`
--
ALTER TABLE `tuition`
  ADD PRIMARY KEY (`tuition_id`),
  ADD UNIQUE KEY `uq_tuition_student` (`StudID`);

--
-- Indexes for table `tuition_fees`
--
ALTER TABLE `tuition_fees`
  ADD KEY `fk_tuiton_student` (`StudID`);

--
-- Indexes for table `tuition_reads`
--
ALTER TABLE `tuition_reads`
  ADD PRIMARY KEY (`id`),
  ADD UNIQUE KEY `unique_read` (`fee_id`,`student_id`);

--
-- Indexes for table `users`
--
ALTER TABLE `users`
  ADD PRIMARY KEY (`UserID`),
  ADD UNIQUE KEY `Username` (`Username`),
  ADD UNIQUE KEY `Email` (`Email`),
  ADD KEY `idx_course` (`course_id`),
  ADD KEY `idx_users_status` (`Status`);

--
-- Indexes for table `users_employee`
--
ALTER TABLE `users_employee`
  ADD PRIMARY KEY (`id`);

--
-- Indexes for table `users_for_id`
--
ALTER TABLE `users_for_id`
  ADD PRIMARY KEY (`UserID`),
  ADD UNIQUE KEY `Username` (`Username`),
  ADD KEY `RoleID` (`RoleID`);

--
-- Indexes for table `users_security`
--
ALTER TABLE `users_security`
  ADD PRIMARY KEY (`id_security`),
  ADD UNIQUE KEY `username` (`username_security`),
  ADD UNIQUE KEY `email` (`email_security`),
  ADD KEY `fk_users_security_student` (`student_id_security`);

--
-- Indexes for table `user_permissions_security`
--
ALTER TABLE `user_permissions_security`
  ADD PRIMARY KEY (`id_security`),
  ADD UNIQUE KEY `unique_user_permission` (`user_id_security`,`permission_key_security`),
  ADD KEY `granted_by` (`granted_by_security`),
  ADD KEY `idx_user_permissions_user_id` (`user_id_security`),
  ADD KEY `idx_user_permissions_key` (`permission_key_security`),
  ADD KEY `fk_user_permissions_student` (`student_id_security`);

--
-- Indexes for table `user_settings`
--
ALTER TABLE `user_settings`
  ADD PRIMARY KEY (`id`),
  ADD UNIQUE KEY `user_id` (`user_id`);

--
-- Indexes for table `violations_security`
--
ALTER TABLE `violations_security`
  ADD PRIMARY KEY (`id_security`),
  ADD KEY `idx_violations_student_id` (`student_id_security`),
  ADD KEY `idx_violations_status` (`status_security`),
  ADD KEY `reported_by` (`reported_by_security`),
  ADD KEY `violation_type_id` (`violation_type_id_security`),
  ADD KEY `reviewed_by` (`reviewed_by_security`),
  ADD KEY `idx_violations_created_at` (`created_at_security`),
  ADD KEY `fk_violations_student` (`student_id_security_foreign`);

--
-- Indexes for table `violation_types_security`
--
ALTER TABLE `violation_types_security`
  ADD PRIMARY KEY (`id_security`),
  ADD KEY `created_by` (`created_by_security`);

--
-- AUTO_INCREMENT for dumped tables
--

--
-- AUTO_INCREMENT for table `account_lockouts`
--
ALTER TABLE `account_lockouts`
  MODIFY `id` int(11) NOT NULL AUTO_INCREMENT;

--
-- AUTO_INCREMENT for table `activity`
--
ALTER TABLE `activity`
  MODIFY `ActivityID` int(11) NOT NULL AUTO_INCREMENT, AUTO_INCREMENT=2;

--
-- AUTO_INCREMENT for table `activitysubmission`
--
ALTER TABLE `activitysubmission`
  MODIFY `SubmissionID` int(11) NOT NULL AUTO_INCREMENT;

--
-- AUTO_INCREMENT for table `activity_logs`
--
ALTER TABLE `activity_logs`
  MODIFY `log_id` int(11) NOT NULL AUTO_INCREMENT, AUTO_INCREMENT=135;

--
-- AUTO_INCREMENT for table `allowance_releases`
--
ALTER TABLE `allowance_releases`
  MODIFY `id` int(11) NOT NULL AUTO_INCREMENT, AUTO_INCREMENT=3;

--
-- AUTO_INCREMENT for table `announcement`
--
ALTER TABLE `announcement`
  MODIFY `AnnouncementID` int(11) NOT NULL AUTO_INCREMENT, AUTO_INCREMENT=14;

--
-- AUTO_INCREMENT for table `applications`
--
ALTER TABLE `applications`
  MODIFY `id` int(11) NOT NULL AUTO_INCREMENT, AUTO_INCREMENT=5;

--
-- AUTO_INCREMENT for table `application_documents`
--
ALTER TABLE `application_documents`
  MODIFY `id` int(11) NOT NULL AUTO_INCREMENT;

--
-- AUTO_INCREMENT for table `application_status_history`
--
ALTER TABLE `application_status_history`
  MODIFY `id` int(11) NOT NULL AUTO_INCREMENT;

--
-- AUTO_INCREMENT for table `appointments`
--
ALTER TABLE `appointments`
  MODIFY `appointment_id` int(11) NOT NULL AUTO_INCREMENT;

--
-- AUTO_INCREMENT for table `assessment_weights`
--
ALTER TABLE `assessment_weights`
  MODIFY `id` int(11) NOT NULL AUTO_INCREMENT, AUTO_INCREMENT=29;

--
-- AUTO_INCREMENT for table `assignment`
--
ALTER TABLE `assignment`
  MODIFY `AssignmentID` int(11) NOT NULL AUTO_INCREMENT, AUTO_INCREMENT=3;

--
-- AUTO_INCREMENT for table `assignmentsubmission`
--
ALTER TABLE `assignmentsubmission`
  MODIFY `SubmissionID` int(11) NOT NULL AUTO_INCREMENT;

--
-- AUTO_INCREMENT for table `attendance_logs`
--
ALTER TABLE `attendance_logs`
  MODIFY `log_id` int(11) NOT NULL AUTO_INCREMENT, AUTO_INCREMENT=6;

--
-- AUTO_INCREMENT for table `attendance_logs_security`
--
ALTER TABLE `attendance_logs_security`
  MODIFY `id_security` int(11) NOT NULL AUTO_INCREMENT, AUTO_INCREMENT=102;

--
-- AUTO_INCREMENT for table `attendance_schedules_security`
--
ALTER TABLE `attendance_schedules_security`
  MODIFY `id_security` int(11) NOT NULL AUTO_INCREMENT;

--
-- AUTO_INCREMENT for table `attendance_settings_security`
--
ALTER TABLE `attendance_settings_security`
  MODIFY `id_security` int(11) NOT NULL AUTO_INCREMENT, AUTO_INCREMENT=7;

--
-- AUTO_INCREMENT for table `audit_logs`
--
ALTER TABLE `audit_logs`
  MODIFY `log_id` int(11) NOT NULL AUTO_INCREMENT, AUTO_INCREMENT=7;

--
-- AUTO_INCREMENT for table `billed_out_fees`
--
ALTER TABLE `billed_out_fees`
  MODIFY `billed_fee_id` int(11) NOT NULL AUTO_INCREMENT, AUTO_INCREMENT=8;

--
-- AUTO_INCREMENT for table `billing`
--
ALTER TABLE `billing`
  MODIFY `billing_id` int(11) NOT NULL AUTO_INCREMENT, AUTO_INCREMENT=19;

--
-- AUTO_INCREMENT for table `books`
--
ALTER TABLE `books`
  MODIFY `BookID` int(11) NOT NULL AUTO_INCREMENT, AUTO_INCREMENT=9;

--
-- AUTO_INCREMENT for table `cases`
--
ALTER TABLE `cases`
  MODIFY `case_id` int(11) NOT NULL AUTO_INCREMENT;

--
-- AUTO_INCREMENT for table `case_counselors`
--
ALTER TABLE `case_counselors`
  MODIFY `case_counselor_id` int(11) NOT NULL AUTO_INCREMENT;

--
-- AUTO_INCREMENT for table `case_documents`
--
ALTER TABLE `case_documents`
  MODIFY `document_id` int(11) NOT NULL AUTO_INCREMENT;

--
-- AUTO_INCREMENT for table `case_statuses`
--
ALTER TABLE `case_statuses`
  MODIFY `status_id` int(11) NOT NULL AUTO_INCREMENT, AUTO_INCREMENT=9;

--
-- AUTO_INCREMENT for table `case_types`
--
ALTER TABLE `case_types`
  MODIFY `case_type_id` int(11) NOT NULL AUTO_INCREMENT, AUTO_INCREMENT=13;

--
-- AUTO_INCREMENT for table `class_users`
--
ALTER TABLE `class_users`
  MODIFY `user_id` int(11) NOT NULL AUTO_INCREMENT, AUTO_INCREMENT=5;

--
-- AUTO_INCREMENT for table `clearances`
--
ALTER TABLE `clearances`
  MODIFY `clearance_id` int(11) NOT NULL AUTO_INCREMENT;

--
-- AUTO_INCREMENT for table `courses`
--
ALTER TABLE `courses`
  MODIFY `id` int(11) NOT NULL AUTO_INCREMENT, AUTO_INCREMENT=34;

--
-- AUTO_INCREMENT for table `departments`
--
ALTER TABLE `departments`
  MODIFY `department_id` int(11) NOT NULL AUTO_INCREMENT, AUTO_INCREMENT=3;

--
-- AUTO_INCREMENT for table `dept`
--
ALTER TABLE `dept`
  MODIFY `DeptID` int(11) NOT NULL AUTO_INCREMENT, AUTO_INCREMENT=6;

--
-- AUTO_INCREMENT for table `document_requests`
--
ALTER TABLE `document_requests`
  MODIFY `Request_id` int(11) NOT NULL AUTO_INCREMENT, AUTO_INCREMENT=6;

--
-- AUTO_INCREMENT for table `document_types`
--
ALTER TABLE `document_types`
  MODIFY `Doctype_id` int(11) NOT NULL AUTO_INCREMENT, AUTO_INCREMENT=16;

--
-- AUTO_INCREMENT for table `eims_audit_logs`
--
ALTER TABLE `eims_audit_logs`
  MODIFY `audit_id` int(11) NOT NULL AUTO_INCREMENT, AUTO_INCREMENT=108;

--
-- AUTO_INCREMENT for table `eims_categories`
--
ALTER TABLE `eims_categories`
  MODIFY `category_id` int(11) NOT NULL AUTO_INCREMENT, AUTO_INCREMENT=19;

--
-- AUTO_INCREMENT for table `eims_equipment`
--
ALTER TABLE `eims_equipment`
  MODIFY `equipment_id` int(11) NOT NULL AUTO_INCREMENT, AUTO_INCREMENT=7;

--
-- AUTO_INCREMENT for table `eims_maintenance`
--
ALTER TABLE `eims_maintenance`
  MODIFY `maintenance_id` int(11) NOT NULL AUTO_INCREMENT, AUTO_INCREMENT=2;

--
-- AUTO_INCREMENT for table `eims_notifications`
--
ALTER TABLE `eims_notifications`
  MODIFY `notification_id` int(11) NOT NULL AUTO_INCREMENT, AUTO_INCREMENT=45;

--
-- AUTO_INCREMENT for table `eims_roles`
--
ALTER TABLE `eims_roles`
  MODIFY `role_id` int(11) NOT NULL AUTO_INCREMENT, AUTO_INCREMENT=4;

--
-- AUTO_INCREMENT for table `eims_transactions`
--
ALTER TABLE `eims_transactions`
  MODIFY `transaction_id` int(11) NOT NULL AUTO_INCREMENT, AUTO_INCREMENT=17;

--
-- AUTO_INCREMENT for table `eims_users`
--
ALTER TABLE `eims_users`
  MODIFY `user_id` int(11) NOT NULL AUTO_INCREMENT, AUTO_INCREMENT=11;

--
-- AUTO_INCREMENT for table `employees`
--
ALTER TABLE `employees`
  MODIFY `employee_id` int(11) NOT NULL AUTO_INCREMENT, AUTO_INCREMENT=8;

--
-- AUTO_INCREMENT for table `employee_schedules`
--
ALTER TABLE `employee_schedules`
  MODIFY `id` int(11) NOT NULL AUTO_INCREMENT, AUTO_INCREMENT=9;

--
-- AUTO_INCREMENT for table `enrollment`
--
ALTER TABLE `enrollment`
  MODIFY `EnrollID` int(11) NOT NULL AUTO_INCREMENT, AUTO_INCREMENT=39;

--
-- AUTO_INCREMENT for table `enrollperiod`
--
ALTER TABLE `enrollperiod`
  MODIFY `EPeriodID` int(11) NOT NULL AUTO_INCREMENT, AUTO_INCREMENT=3;

--
-- AUTO_INCREMENT for table `fees`
--
ALTER TABLE `fees`
  MODIFY `fee_id` int(11) NOT NULL AUTO_INCREMENT, AUTO_INCREMENT=4;

--
-- AUTO_INCREMENT for table `gpa`
--
ALTER TABLE `gpa`
  MODIFY `gpa_id` int(11) NOT NULL AUTO_INCREMENT, AUTO_INCREMENT=4;

--
-- AUTO_INCREMENT for table `grades`
--
ALTER TABLE `grades`
  MODIFY `grade_id` int(11) NOT NULL AUTO_INCREMENT, AUTO_INCREMENT=32;

--
-- AUTO_INCREMENT for table `gradesummary`
--
ALTER TABLE `gradesummary`
  MODIFY `GradeID` int(11) NOT NULL AUTO_INCREMENT;

--
-- AUTO_INCREMENT for table `grade_reads`
--
ALTER TABLE `grade_reads`
  MODIFY `id` int(11) NOT NULL AUTO_INCREMENT, AUTO_INCREMENT=3;

--
-- AUTO_INCREMENT for table `grade_scale`
--
ALTER TABLE `grade_scale`
  MODIFY `scale_id` int(11) NOT NULL AUTO_INCREMENT, AUTO_INCREMENT=7;

--
-- AUTO_INCREMENT for table `grading_periods`
--
ALTER TABLE `grading_periods`
  MODIFY `grading_period_id` int(11) NOT NULL AUTO_INCREMENT, AUTO_INCREMENT=5;

--
-- AUTO_INCREMENT for table `guards`
--
ALTER TABLE `guards`
  MODIFY `guard_id` int(11) NOT NULL AUTO_INCREMENT, AUTO_INCREMENT=2;

--
-- AUTO_INCREMENT for table `guidance_settings`
--
ALTER TABLE `guidance_settings`
  MODIFY `setting_id` int(11) NOT NULL AUTO_INCREMENT, AUTO_INCREMENT=28;

--
-- AUTO_INCREMENT for table `guidance_users`
--
ALTER TABLE `guidance_users`
  MODIFY `GuidanceUserID` int(11) NOT NULL AUTO_INCREMENT, AUTO_INCREMENT=22;

--
-- AUTO_INCREMENT for table `honors_classification`
--
ALTER TABLE `honors_classification`
  MODIFY `id` int(11) NOT NULL AUTO_INCREMENT, AUTO_INCREMENT=5;

--
-- AUTO_INCREMENT for table `instructor`
--
ALTER TABLE `instructor`
  MODIFY `InsID` int(11) NOT NULL AUTO_INCREMENT, AUTO_INCREMENT=4;

--
-- AUTO_INCREMENT for table `job_positions`
--
ALTER TABLE `job_positions`
  MODIFY `position_id` int(11) NOT NULL AUTO_INCREMENT, AUTO_INCREMENT=7;

--
-- AUTO_INCREMENT for table `key_management_security`
--
ALTER TABLE `key_management_security`
  MODIFY `id_security` int(11) NOT NULL AUTO_INCREMENT, AUTO_INCREMENT=101;

--
-- AUTO_INCREMENT for table `key_transaction_logs_security`
--
ALTER TABLE `key_transaction_logs_security`
  MODIFY `id_security` int(11) NOT NULL AUTO_INCREMENT, AUTO_INCREMENT=101;

--
-- AUTO_INCREMENT for table `key_types_security`
--
ALTER TABLE `key_types_security`
  MODIFY `id_security` int(11) NOT NULL AUTO_INCREMENT, AUTO_INCREMENT=6;

--
-- AUTO_INCREMENT for table `laboratories_security`
--
ALTER TABLE `laboratories_security`
  MODIFY `id_security` int(11) NOT NULL AUTO_INCREMENT, AUTO_INCREMENT=5;

--
-- AUTO_INCREMENT for table `lab_access_logs_security`
--
ALTER TABLE `lab_access_logs_security`
  MODIFY `id_security` int(11) NOT NULL AUTO_INCREMENT;

--
-- AUTO_INCREMENT for table `lab_equipment_security`
--
ALTER TABLE `lab_equipment_security`
  MODIFY `id_security` int(11) NOT NULL AUTO_INCREMENT, AUTO_INCREMENT=5;

--
-- AUTO_INCREMENT for table `lab_incidents_security`
--
ALTER TABLE `lab_incidents_security`
  MODIFY `id_security` int(11) NOT NULL AUTO_INCREMENT, AUTO_INCREMENT=6;

--
-- AUTO_INCREMENT for table `learningmaterials`
--
ALTER TABLE `learningmaterials`
  MODIFY `MaterialID` int(11) NOT NULL AUTO_INCREMENT, AUTO_INCREMENT=5;

--
-- AUTO_INCREMENT for table `leave_requests`
--
ALTER TABLE `leave_requests`
  MODIFY `leave_id` int(11) NOT NULL AUTO_INCREMENT, AUTO_INCREMENT=4;

--
-- AUTO_INCREMENT for table `login_attempts`
--
ALTER TABLE `login_attempts`
  MODIFY `id` int(11) NOT NULL AUTO_INCREMENT, AUTO_INCREMENT=17;

--
-- AUTO_INCREMENT for table `lost_found_categories_security`
--
ALTER TABLE `lost_found_categories_security`
  MODIFY `id_security` int(11) NOT NULL AUTO_INCREMENT, AUTO_INCREMENT=7;

--
-- AUTO_INCREMENT for table `lost_found_items_security`
--
ALTER TABLE `lost_found_items_security`
  MODIFY `id_security` int(11) NOT NULL AUTO_INCREMENT, AUTO_INCREMENT=105;

--
-- AUTO_INCREMENT for table `materialaccesslog`
--
ALTER TABLE `materialaccesslog`
  MODIFY `LogID` int(11) NOT NULL AUTO_INCREMENT;

--
-- AUTO_INCREMENT for table `materialfolder`
--
ALTER TABLE `materialfolder`
  MODIFY `FolderID` int(11) NOT NULL AUTO_INCREMENT;

--
-- AUTO_INCREMENT for table `members`
--
ALTER TABLE `members`
  MODIFY `MemberID` int(11) NOT NULL AUTO_INCREMENT, AUTO_INCREMENT=4;

--
-- AUTO_INCREMENT for table `misconducts`
--
ALTER TABLE `misconducts`
  MODIFY `id` int(11) NOT NULL AUTO_INCREMENT;

--
-- AUTO_INCREMENT for table `modules`
--
ALTER TABLE `modules`
  MODIFY `id` int(11) NOT NULL AUTO_INCREMENT, AUTO_INCREMENT=5;

--
-- AUTO_INCREMENT for table `notifications_for_id`
--
ALTER TABLE `notifications_for_id`
  MODIFY `id` int(11) NOT NULL AUTO_INCREMENT, AUTO_INCREMENT=4;

--
-- AUTO_INCREMENT for table `overtime_requests`
--
ALTER TABLE `overtime_requests`
  MODIFY `overtime_id` int(11) NOT NULL AUTO_INCREMENT, AUTO_INCREMENT=2;

--
-- AUTO_INCREMENT for table `payments`
--
ALTER TABLE `payments`
  MODIFY `payment_id` int(11) NOT NULL AUTO_INCREMENT, AUTO_INCREMENT=13;

--
-- AUTO_INCREMENT for table `payment_reads`
--
ALTER TABLE `payment_reads`
  MODIFY `id` int(11) NOT NULL AUTO_INCREMENT;

--
-- AUTO_INCREMENT for table `payroll_audit`
--
ALTER TABLE `payroll_audit`
  MODIFY `audit_id` int(11) NOT NULL AUTO_INCREMENT, AUTO_INCREMENT=2;

--
-- AUTO_INCREMENT for table `permissions_for_id`
--
ALTER TABLE `permissions_for_id`
  MODIFY `PermissionID` int(11) NOT NULL AUTO_INCREMENT, AUTO_INCREMENT=9;

--
-- AUTO_INCREMENT for table `permission_keys_security`
--
ALTER TABLE `permission_keys_security`
  MODIFY `id_security` int(11) NOT NULL AUTO_INCREMENT, AUTO_INCREMENT=36;

--
-- AUTO_INCREMENT for table `pickup_schedules`
--
ALTER TABLE `pickup_schedules`
  MODIFY `id` int(11) NOT NULL AUTO_INCREMENT, AUTO_INCREMENT=6;

--
-- AUTO_INCREMENT for table `priority_levels`
--
ALTER TABLE `priority_levels`
  MODIFY `priority_id` int(11) NOT NULL AUTO_INCREMENT, AUTO_INCREMENT=7;

--
-- AUTO_INCREMENT for table `profile_logs`
--
ALTER TABLE `profile_logs`
  MODIFY `id` int(11) NOT NULL AUTO_INCREMENT;

--
-- AUTO_INCREMENT for table `program`
--
ALTER TABLE `program`
  MODIFY `ProgramID` int(11) NOT NULL AUTO_INCREMENT, AUTO_INCREMENT=5;

--
-- AUTO_INCREMENT for table `qr_codes`
--
ALTER TABLE `qr_codes`
  MODIFY `qr_id` int(11) NOT NULL AUTO_INCREMENT, AUTO_INCREMENT=8;

--
-- AUTO_INCREMENT for table `queue`
--
ALTER TABLE `queue`
  MODIFY `queue_id` int(11) NOT NULL AUTO_INCREMENT, AUTO_INCREMENT=28;

--
-- AUTO_INCREMENT for table `quiz`
--
ALTER TABLE `quiz`
  MODIFY `QuizID` int(11) NOT NULL AUTO_INCREMENT, AUTO_INCREMENT=4;

--
-- AUTO_INCREMENT for table `quizanswer`
--
ALTER TABLE `quizanswer`
  MODIFY `AnswerID` int(11) NOT NULL AUTO_INCREMENT;

--
-- AUTO_INCREMENT for table `quizattempt`
--
ALTER TABLE `quizattempt`
  MODIFY `AttemptID` int(11) NOT NULL AUTO_INCREMENT;

--
-- AUTO_INCREMENT for table `quizchoice`
--
ALTER TABLE `quizchoice`
  MODIFY `ChoiceID` int(11) NOT NULL AUTO_INCREMENT, AUTO_INCREMENT=39;

--
-- AUTO_INCREMENT for table `quizquestion`
--
ALTER TABLE `quizquestion`
  MODIFY `QuestionID` int(11) NOT NULL AUTO_INCREMENT, AUTO_INCREMENT=5;

--
-- AUTO_INCREMENT for table `read_notifications`
--
ALTER TABLE `read_notifications`
  MODIFY `id` int(11) NOT NULL AUTO_INCREMENT, AUTO_INCREMENT=17;

--
-- AUTO_INCREMENT for table `report`
--
ALTER TABLE `report`
  MODIFY `id` int(10) UNSIGNED NOT NULL AUTO_INCREMENT;

--
-- AUTO_INCREMENT for table `reports`
--
ALTER TABLE `reports`
  MODIFY `id` int(11) NOT NULL AUTO_INCREMENT, AUTO_INCREMENT=5;

--
-- AUTO_INCREMENT for table `report_images`
--
ALTER TABLE `report_images`
  MODIFY `id` int(11) NOT NULL AUTO_INCREMENT;

--
-- AUTO_INCREMENT for table `request_counters`
--
ALTER TABLE `request_counters`
  MODIFY `id` int(11) NOT NULL AUTO_INCREMENT, AUTO_INCREMENT=6;

--
-- AUTO_INCREMENT for table `rolepermissions_for_id`
--
ALTER TABLE `rolepermissions_for_id`
  MODIFY `RolePermissionID` int(11) NOT NULL AUTO_INCREMENT, AUTO_INCREMENT=15;

--
-- AUTO_INCREMENT for table `roles_for_id`
--
ALTER TABLE `roles_for_id`
  MODIFY `RoleID` int(11) NOT NULL AUTO_INCREMENT, AUTO_INCREMENT=3;

--
-- AUTO_INCREMENT for table `rooms`
--
ALTER TABLE `rooms`
  MODIFY `room_id` int(11) NOT NULL AUTO_INCREMENT, AUTO_INCREMENT=4;

--
-- AUTO_INCREMENT for table `schedules`
--
ALTER TABLE `schedules`
  MODIFY `schedule_id` int(11) NOT NULL AUTO_INCREMENT, AUTO_INCREMENT=11;

--
-- AUTO_INCREMENT for table `schedule_reads`
--
ALTER TABLE `schedule_reads`
  MODIFY `id` int(11) NOT NULL AUTO_INCREMENT, AUTO_INCREMENT=3;

--
-- AUTO_INCREMENT for table `scholars`
--
ALTER TABLE `scholars`
  MODIFY `id` int(11) NOT NULL AUTO_INCREMENT, AUTO_INCREMENT=3;

--
-- AUTO_INCREMENT for table `sections`
--
ALTER TABLE `sections`
  MODIFY `section_id` int(11) NOT NULL AUTO_INCREMENT, AUTO_INCREMENT=5;

--
-- AUTO_INCREMENT for table `security_assignments_security`
--
ALTER TABLE `security_assignments_security`
  MODIFY `id_security` int(11) NOT NULL AUTO_INCREMENT;

--
-- AUTO_INCREMENT for table `security_settings`
--
ALTER TABLE `security_settings`
  MODIFY `id` int(11) NOT NULL AUTO_INCREMENT, AUTO_INCREMENT=10;

--
-- AUTO_INCREMENT for table `sessions`
--
ALTER TABLE `sessions`
  MODIFY `session_id` int(11) NOT NULL AUTO_INCREMENT;

--
-- AUTO_INCREMENT for table `staff_profiles`
--
ALTER TABLE `staff_profiles`
  MODIFY `StaffProfileID` int(11) NOT NULL AUTO_INCREMENT, AUTO_INCREMENT=2;

--
-- AUTO_INCREMENT for table `student`
--
ALTER TABLE `student`
  MODIFY `StudID` int(11) NOT NULL AUTO_INCREMENT, AUTO_INCREMENT=136;

--
-- AUTO_INCREMENT for table `student_guidance`
--
ALTER TABLE `student_guidance`
  MODIFY `StudGuidance_ID` int(11) NOT NULL AUTO_INCREMENT, AUTO_INCREMENT=8;

--
-- AUTO_INCREMENT for table `student_identification`
--
ALTER TABLE `student_identification`
  MODIFY `StudentID` int(11) NOT NULL AUTO_INCREMENT, AUTO_INCREMENT=14;

--
-- AUTO_INCREMENT for table `student_requests`
--
ALTER TABLE `student_requests`
  MODIFY `RequestID` int(11) NOT NULL AUTO_INCREMENT, AUTO_INCREMENT=4;

--
-- AUTO_INCREMENT for table `student_schedules`
--
ALTER TABLE `student_schedules`
  MODIFY `ss_id` int(11) NOT NULL AUTO_INCREMENT, AUTO_INCREMENT=5;

--
-- AUTO_INCREMENT for table `student_subjects`
--
ALTER TABLE `student_subjects`
  MODIFY `stud_subj_id` int(11) NOT NULL AUTO_INCREMENT, AUTO_INCREMENT=22;

--
-- AUTO_INCREMENT for table `subject`
--
ALTER TABLE `subject`
  MODIFY `SubjectID` int(11) NOT NULL AUTO_INCREMENT, AUTO_INCREMENT=7;

--
-- AUTO_INCREMENT for table `subjectenrollment`
--
ALTER TABLE `subjectenrollment`
  MODIFY `EnrollID` int(11) NOT NULL AUTO_INCREMENT, AUTO_INCREMENT=16;

--
-- AUTO_INCREMENT for table `subjects`
--
ALTER TABLE `subjects`
  MODIFY `SubjectID` int(11) NOT NULL AUTO_INCREMENT, AUTO_INCREMENT=102;

--
-- AUTO_INCREMENT for table `subject_reads`
--
ALTER TABLE `subject_reads`
  MODIFY `id` int(11) NOT NULL AUTO_INCREMENT, AUTO_INCREMENT=7;

--
-- AUTO_INCREMENT for table `suspension_reasons`
--
ALTER TABLE `suspension_reasons`
  MODIFY `id` int(11) NOT NULL AUTO_INCREMENT;

--
-- AUTO_INCREMENT for table `system_logs_security`
--
ALTER TABLE `system_logs_security`
  MODIFY `id_security` int(11) NOT NULL AUTO_INCREMENT, AUTO_INCREMENT=462;

--
-- AUTO_INCREMENT for table `system_settings`
--
ALTER TABLE `system_settings`
  MODIFY `id` int(11) NOT NULL AUTO_INCREMENT, AUTO_INCREMENT=182;

--
-- AUTO_INCREMENT for table `tdp_applications`
--
ALTER TABLE `tdp_applications`
  MODIFY `id` int(11) NOT NULL AUTO_INCREMENT, AUTO_INCREMENT=4;

--
-- AUTO_INCREMENT for table `tdp_benefits`
--
ALTER TABLE `tdp_benefits`
  MODIFY `id` int(11) NOT NULL AUTO_INCREMENT;

--
-- AUTO_INCREMENT for table `tdp_eligibility_criteria`
--
ALTER TABLE `tdp_eligibility_criteria`
  MODIFY `id` int(11) NOT NULL AUTO_INCREMENT, AUTO_INCREMENT=8;

--
-- AUTO_INCREMENT for table `tdp_evaluation_scores`
--
ALTER TABLE `tdp_evaluation_scores`
  MODIFY `id` int(11) NOT NULL AUTO_INCREMENT;

--
-- AUTO_INCREMENT for table `tdp_settings`
--
ALTER TABLE `tdp_settings`
  MODIFY `id` int(11) NOT NULL AUTO_INCREMENT, AUTO_INCREMENT=7;

--
-- AUTO_INCREMENT for table `teller_windows`
--
ALTER TABLE `teller_windows`
  MODIFY `window_id` int(11) NOT NULL AUTO_INCREMENT, AUTO_INCREMENT=4;

--
-- AUTO_INCREMENT for table `transactions`
--
ALTER TABLE `transactions`
  MODIFY `TransactID` int(11) NOT NULL AUTO_INCREMENT, AUTO_INCREMENT=15;

--
-- AUTO_INCREMENT for table `transaction_types`
--
ALTER TABLE `transaction_types`
  MODIFY `type_id` int(11) NOT NULL AUTO_INCREMENT, AUTO_INCREMENT=12;

--
-- AUTO_INCREMENT for table `tuition`
--
ALTER TABLE `tuition`
  MODIFY `tuition_id` int(11) NOT NULL AUTO_INCREMENT, AUTO_INCREMENT=7;

--
-- AUTO_INCREMENT for table `tuition_reads`
--
ALTER TABLE `tuition_reads`
  MODIFY `id` int(11) NOT NULL AUTO_INCREMENT, AUTO_INCREMENT=3;

--
-- AUTO_INCREMENT for table `users`
--
ALTER TABLE `users`
  MODIFY `UserID` int(11) NOT NULL AUTO_INCREMENT, AUTO_INCREMENT=53;

--
-- AUTO_INCREMENT for table `users_employee`
--
ALTER TABLE `users_employee`
  MODIFY `id` int(11) NOT NULL AUTO_INCREMENT, AUTO_INCREMENT=6;

--
-- AUTO_INCREMENT for table `users_for_id`
--
ALTER TABLE `users_for_id`
  MODIFY `UserID` int(11) NOT NULL AUTO_INCREMENT, AUTO_INCREMENT=4;

--
-- AUTO_INCREMENT for table `users_security`
--
ALTER TABLE `users_security`
  MODIFY `id_security` int(11) NOT NULL AUTO_INCREMENT, AUTO_INCREMENT=106;

--
-- AUTO_INCREMENT for table `user_permissions_security`
--
ALTER TABLE `user_permissions_security`
  MODIFY `id_security` int(11) NOT NULL AUTO_INCREMENT, AUTO_INCREMENT=1092;

--
-- AUTO_INCREMENT for table `user_settings`
--
ALTER TABLE `user_settings`
  MODIFY `id` int(11) NOT NULL AUTO_INCREMENT, AUTO_INCREMENT=3;

--
-- AUTO_INCREMENT for table `violations_security`
--
ALTER TABLE `violations_security`
  MODIFY `id_security` int(11) NOT NULL AUTO_INCREMENT, AUTO_INCREMENT=104;

--
-- AUTO_INCREMENT for table `violation_types_security`
--
ALTER TABLE `violation_types_security`
  MODIFY `id_security` int(11) NOT NULL AUTO_INCREMENT, AUTO_INCREMENT=10;

--
-- Constraints for dumped tables
--

--
-- Constraints for table `account_lockouts`
--
ALTER TABLE `account_lockouts`
  ADD CONSTRAINT `account_lockouts_ibfk_1` FOREIGN KEY (`user_id`) REFERENCES `users` (`UserID`),
  ADD CONSTRAINT `account_lockouts_ibfk_2` FOREIGN KEY (`unlocked_by`) REFERENCES `users` (`UserID`);

--
-- Constraints for table `allowance_releases`
--
ALTER TABLE `allowance_releases`
  ADD CONSTRAINT `allowance_releases_ibfk_1` FOREIGN KEY (`scholar_id`) REFERENCES `scholars` (`id`),
  ADD CONSTRAINT `allowance_releases_ibfk_2` FOREIGN KEY (`released_by`) REFERENCES `users` (`UserID`);

--
-- Constraints for table `applications`
--
ALTER TABLE `applications`
  ADD CONSTRAINT `applications_ibfk_1` FOREIGN KEY (`user_id`) REFERENCES `users` (`UserID`),
  ADD CONSTRAINT `applications_ibfk_2` FOREIGN KEY (`course_id`) REFERENCES `courses` (`id`),
  ADD CONSTRAINT `applications_ibfk_3` FOREIGN KEY (`reviewed_by`) REFERENCES `users` (`UserID`);

--
-- Constraints for table `application_documents`
--
ALTER TABLE `application_documents`
  ADD CONSTRAINT `application_documents_ibfk_1` FOREIGN KEY (`application_id`) REFERENCES `applications` (`id`);

--
-- Constraints for table `application_status_history`
--
ALTER TABLE `application_status_history`
  ADD CONSTRAINT `application_status_history_ibfk_1` FOREIGN KEY (`application_id`) REFERENCES `applications` (`id`),
  ADD CONSTRAINT `application_status_history_ibfk_2` FOREIGN KEY (`changed_by`) REFERENCES `users` (`UserID`);

--
-- Constraints for table `assessment_weights`
--
ALTER TABLE `assessment_weights`
  ADD CONSTRAINT `assessment_weights_fk` FOREIGN KEY (`grading_period_id`) REFERENCES `grading_periods` (`grading_period_id`) ON DELETE CASCADE ON UPDATE CASCADE;

--
-- Constraints for table `attendance_logs_security`
--
ALTER TABLE `attendance_logs_security`
  ADD CONSTRAINT `attendance_logs_security_ibfk_1` FOREIGN KEY (`user_id_security`) REFERENCES `users_security` (`id_security`),
  ADD CONSTRAINT `fk_attendance_logs_student` FOREIGN KEY (`student_id_security`) REFERENCES `student` (`StudID`) ON DELETE SET NULL ON UPDATE CASCADE;

--
-- Constraints for table `attendance_schedules_security`
--
ALTER TABLE `attendance_schedules_security`
  ADD CONSTRAINT `attendance_schedules_security_ibfk_1` FOREIGN KEY (`user_id_security`) REFERENCES `users_security` (`id_security`),
  ADD CONSTRAINT `fk_attendance_schedules_student` FOREIGN KEY (`student_id_security`) REFERENCES `student` (`StudID`) ON DELETE SET NULL ON UPDATE CASCADE;

--
-- Constraints for table `audit_logs`
--
ALTER TABLE `audit_logs`
  ADD CONSTRAINT `fk_audit_logs_users` FOREIGN KEY (`user_id`) REFERENCES `users` (`UserID`) ON DELETE SET NULL;

--
-- Constraints for table `billed_out_fees`
--
ALTER TABLE `billed_out_fees`
  ADD CONSTRAINT `fk_billed_fee_billing` FOREIGN KEY (`billing_id`) REFERENCES `billing` (`billing_id`) ON DELETE CASCADE,
  ADD CONSTRAINT `fk_billed_fee_fee` FOREIGN KEY (`fee_id`) REFERENCES `fees` (`fee_id`);

--
-- Constraints for table `billing`
--
ALTER TABLE `billing`
  ADD CONSTRAINT `billing_ibfk_1` FOREIGN KEY (`StudID`) REFERENCES `student` (`StudID`);

--
-- Constraints for table `books`
--
ALTER TABLE `books`
  ADD CONSTRAINT `fk_books_subject` FOREIGN KEY (`SubjectID`) REFERENCES `subjects` (`SubjectID`) ON DELETE CASCADE ON UPDATE CASCADE;

--
-- Constraints for table `cases`
--
ALTER TABLE `cases`
  ADD CONSTRAINT `fk_cases_StudGuidance_ID` FOREIGN KEY (`StudGuidance_ID`) REFERENCES `student_guidance` (`StudGuidance_ID`) ON DELETE SET NULL ON UPDATE CASCADE;

--
-- Constraints for table `clearances`
--
ALTER TABLE `clearances`
  ADD CONSTRAINT `fk_clearance_request` FOREIGN KEY (`request_id`) REFERENCES `document_requests` (`Request_id`) ON DELETE CASCADE ON UPDATE CASCADE;

--
-- Constraints for table `document_requests`
--
ALTER TABLE `document_requests`
  ADD CONSTRAINT `fk_request_doctype` FOREIGN KEY (`Doctype_id`) REFERENCES `document_types` (`Doctype_id`) ON UPDATE CASCADE,
  ADD CONSTRAINT `fk_request_payment` FOREIGN KEY (`payment_id`) REFERENCES `payments` (`payment_id`) ON DELETE SET NULL ON UPDATE CASCADE,
  ADD CONSTRAINT `fk_request_user` FOREIGN KEY (`UserID`) REFERENCES `users` (`UserID`) ON DELETE SET NULL ON UPDATE CASCADE;

--
-- Constraints for table `eims_audit_logs`
--
ALTER TABLE `eims_audit_logs`
  ADD CONSTRAINT `fk_audit_logs_user` FOREIGN KEY (`user_id`) REFERENCES `eims_users` (`user_id`);

--
-- Constraints for table `eims_equipment`
--
ALTER TABLE `eims_equipment`
  ADD CONSTRAINT `fk_equipment_category` FOREIGN KEY (`category_id`) REFERENCES `eims_categories` (`category_id`) ON DELETE SET NULL;

--
-- Constraints for table `eims_maintenance`
--
ALTER TABLE `eims_maintenance`
  ADD CONSTRAINT `fk_maintenance_equipment` FOREIGN KEY (`equipment_id`) REFERENCES `eims_equipment` (`equipment_id`) ON DELETE CASCADE,
  ADD CONSTRAINT `fk_maintenance_reported_by` FOREIGN KEY (`reported_by`) REFERENCES `eims_users` (`user_id`),
  ADD CONSTRAINT `fk_maintenance_resolved_by` FOREIGN KEY (`resolved_by`) REFERENCES `eims_users` (`user_id`);

--
-- Constraints for table `eims_notifications`
--
ALTER TABLE `eims_notifications`
  ADD CONSTRAINT `fk_notifications_transaction` FOREIGN KEY (`transaction_id`) REFERENCES `eims_transactions` (`transaction_id`) ON DELETE CASCADE,
  ADD CONSTRAINT `fk_notifications_user` FOREIGN KEY (`user_id`) REFERENCES `eims_users` (`user_id`) ON DELETE CASCADE;

--
-- Constraints for table `eims_transactions`
--
ALTER TABLE `eims_transactions`
  ADD CONSTRAINT `fk_transactions_approved_by` FOREIGN KEY (`approved_by`) REFERENCES `eims_users` (`user_id`),
  ADD CONSTRAINT `fk_transactions_borrower` FOREIGN KEY (`borrower_id`) REFERENCES `eims_users` (`user_id`) ON DELETE CASCADE,
  ADD CONSTRAINT `fk_transactions_equipment` FOREIGN KEY (`equipment_id`) REFERENCES `eims_equipment` (`equipment_id`) ON DELETE CASCADE,
  ADD CONSTRAINT `fk_transactions_recorded_by` FOREIGN KEY (`recorded_by_id`) REFERENCES `eims_users` (`user_id`);

--
-- Constraints for table `eims_users`
--
ALTER TABLE `eims_users`
  ADD CONSTRAINT `fk_eims_users_role` FOREIGN KEY (`role_id`) REFERENCES `eims_roles` (`role_id`);

--
-- Constraints for table `enrollment`
--
ALTER TABLE `enrollment`
  ADD CONSTRAINT `fk_enrollment_period` FOREIGN KEY (`EPeriodID`) REFERENCES `enrollperiod` (`EPeriodID`) ON DELETE SET NULL ON UPDATE CASCADE,
  ADD CONSTRAINT `fk_enrollment_student` FOREIGN KEY (`StudID`) REFERENCES `student` (`StudID`) ON DELETE CASCADE ON UPDATE CASCADE;

--
-- Constraints for table `gpa`
--
ALTER TABLE `gpa`
  ADD CONSTRAINT `gpa_ibfk_1` FOREIGN KEY (`StudID`) REFERENCES `student` (`StudID`),
  ADD CONSTRAINT `gpa_ibfk_2` FOREIGN KEY (`enrollperiod_id`) REFERENCES `enrollperiod` (`EPeriodID`) ON DELETE SET NULL ON UPDATE CASCADE;

--
-- Constraints for table `grades`
--
ALTER TABLE `grades`
  ADD CONSTRAINT `fk_grades_student` FOREIGN KEY (`StudID`) REFERENCES `student` (`StudID`) ON DELETE CASCADE ON UPDATE CASCADE;

--
-- Constraints for table `guidance_users`
--
ALTER TABLE `guidance_users`
  ADD CONSTRAINT `fk_guidance_users_UserID` FOREIGN KEY (`UserID`) REFERENCES `users` (`UserID`) ON DELETE CASCADE ON UPDATE CASCADE;

--
-- Constraints for table `instructor`
--
ALTER TABLE `instructor`
  ADD CONSTRAINT `fk_instructor_dept` FOREIGN KEY (`DeptID`) REFERENCES `dept` (`DeptID`) ON DELETE SET NULL ON UPDATE CASCADE;

--
-- Constraints for table `key_management_security`
--
ALTER TABLE `key_management_security`
  ADD CONSTRAINT `fk_key_management_student` FOREIGN KEY (`student_id_security`) REFERENCES `student` (`StudID`) ON DELETE SET NULL ON UPDATE CASCADE,
  ADD CONSTRAINT `key_management_security_ibfk_1` FOREIGN KEY (`key_type_id_security`) REFERENCES `key_types_security` (`id_security`),
  ADD CONSTRAINT `key_management_security_ibfk_2` FOREIGN KEY (`current_holder_security`) REFERENCES `users_security` (`id_security`),
  ADD CONSTRAINT `key_management_security_ibfk_3` FOREIGN KEY (`created_by_security`) REFERENCES `users_security` (`id_security`);

--
-- Constraints for table `key_transaction_logs_security`
--
ALTER TABLE `key_transaction_logs_security`
  ADD CONSTRAINT `fk_key_transaction_logs_student` FOREIGN KEY (`student_id_security`) REFERENCES `student` (`StudID`) ON DELETE SET NULL ON UPDATE CASCADE,
  ADD CONSTRAINT `key_transaction_logs_security_ibfk_1` FOREIGN KEY (`key_id_security`) REFERENCES `key_management_security` (`id_security`),
  ADD CONSTRAINT `key_transaction_logs_security_ibfk_2` FOREIGN KEY (`user_id_security`) REFERENCES `users_security` (`id_security`),
  ADD CONSTRAINT `key_transaction_logs_security_ibfk_3` FOREIGN KEY (`admin_id_security`) REFERENCES `users_security` (`id_security`);

--
-- Constraints for table `laboratories_security`
--
ALTER TABLE `laboratories_security`
  ADD CONSTRAINT `fk_laboratories_student` FOREIGN KEY (`student_id_security`) REFERENCES `student` (`StudID`) ON DELETE SET NULL ON UPDATE CASCADE;

--
-- Constraints for table `lab_access_logs_security`
--
ALTER TABLE `lab_access_logs_security`
  ADD CONSTRAINT `fk_lab_access_logs_student` FOREIGN KEY (`student_id_security`) REFERENCES `student` (`StudID`) ON DELETE SET NULL ON UPDATE CASCADE,
  ADD CONSTRAINT `lab_access_logs_security_ibfk_1` FOREIGN KEY (`user_id_security`) REFERENCES `users_security` (`id_security`),
  ADD CONSTRAINT `lab_access_logs_security_ibfk_2` FOREIGN KEY (`lab_id_security`) REFERENCES `laboratories_security` (`id_security`);

--
-- Constraints for table `lab_equipment_security`
--
ALTER TABLE `lab_equipment_security`
  ADD CONSTRAINT `fk_lab_equipment_student` FOREIGN KEY (`student_id_security`) REFERENCES `student` (`StudID`) ON DELETE SET NULL ON UPDATE CASCADE,
  ADD CONSTRAINT `lab_equipment_security_ibfk_1` FOREIGN KEY (`lab_id_security`) REFERENCES `laboratories_security` (`id_security`);

--
-- Constraints for table `lab_incidents_security`
--
ALTER TABLE `lab_incidents_security`
  ADD CONSTRAINT `fk_lab_incidents_student` FOREIGN KEY (`student_id_security`) REFERENCES `student` (`StudID`) ON DELETE SET NULL ON UPDATE CASCADE,
  ADD CONSTRAINT `lab_incidents_security_ibfk_1` FOREIGN KEY (`reported_by_security`) REFERENCES `users_security` (`id_security`),
  ADD CONSTRAINT `lab_incidents_security_ibfk_2` FOREIGN KEY (`lab_id_security`) REFERENCES `laboratories_security` (`id_security`),
  ADD CONSTRAINT `lab_incidents_security_ibfk_3` FOREIGN KEY (`equipment_id_security`) REFERENCES `lab_equipment_security` (`id_security`),
  ADD CONSTRAINT `lab_incidents_security_ibfk_4` FOREIGN KEY (`resolved_by_security`) REFERENCES `users_security` (`id_security`);

--
-- Constraints for table `lost_found_items_security`
--
ALTER TABLE `lost_found_items_security`
  ADD CONSTRAINT `fk_lost_found_items_student` FOREIGN KEY (`student_id_security`) REFERENCES `student` (`StudID`) ON DELETE SET NULL ON UPDATE CASCADE,
  ADD CONSTRAINT `lost_found_items_security_ibfk_1` FOREIGN KEY (`reported_by_security`) REFERENCES `users_security` (`id_security`),
  ADD CONSTRAINT `lost_found_items_security_ibfk_2` FOREIGN KEY (`category_id_security`) REFERENCES `lost_found_categories_security` (`id_security`),
  ADD CONSTRAINT `lost_found_items_security_ibfk_3` FOREIGN KEY (`claimed_by_security`) REFERENCES `users_security` (`id_security`),
  ADD CONSTRAINT `lost_found_items_security_ibfk_4` FOREIGN KEY (`resolved_by_security`) REFERENCES `users_security` (`id_security`);

--
-- Constraints for table `payments`
--
ALTER TABLE `payments`
  ADD CONSTRAINT `fk_payment_billing` FOREIGN KEY (`billing_id`) REFERENCES `billing` (`billing_id`) ON DELETE CASCADE ON UPDATE CASCADE,
  ADD CONSTRAINT `fk_payment_request` FOREIGN KEY (`request_id`) REFERENCES `document_requests` (`Request_id`) ON DELETE SET NULL ON UPDATE CASCADE,
  ADD CONSTRAINT `fk_payment_user` FOREIGN KEY (`cashier_id`) REFERENCES `users` (`UserID`) ON DELETE CASCADE ON UPDATE CASCADE,
  ADD CONSTRAINT `fk_payments_student` FOREIGN KEY (`StudID`) REFERENCES `student` (`StudID`) ON DELETE CASCADE ON UPDATE CASCADE;

--
-- Constraints for table `pickup_schedules`
--
ALTER TABLE `pickup_schedules`
  ADD CONSTRAINT `fk_pickup_request` FOREIGN KEY (`request_id`) REFERENCES `document_requests` (`Request_id`) ON DELETE CASCADE ON UPDATE CASCADE;

--
-- Constraints for table `profile_logs`
--
ALTER TABLE `profile_logs`
  ADD CONSTRAINT `profile_logs_ibfk_1` FOREIGN KEY (`user_id`) REFERENCES `users` (`UserID`) ON DELETE CASCADE;

--
-- Constraints for table `queue`
--
ALTER TABLE `queue`
  ADD CONSTRAINT `fk_queue_transaction` FOREIGN KEY (`transaction_type`) REFERENCES `transaction_types` (`type_id`) ON DELETE SET NULL ON UPDATE CASCADE,
  ADD CONSTRAINT `fk_queue_window` FOREIGN KEY (`window_id`) REFERENCES `teller_windows` (`window_id`) ON DELETE SET NULL ON UPDATE CASCADE;

--
-- Constraints for table `read_notifications`
--
ALTER TABLE `read_notifications`
  ADD CONSTRAINT `read_notifications_ibfk_1` FOREIGN KEY (`user_id`) REFERENCES `users` (`UserID`);

--
-- Constraints for table `reports`
--
ALTER TABLE `reports`
  ADD CONSTRAINT `fk_reports_responded_by` FOREIGN KEY (`responded_by`) REFERENCES `users` (`UserID`),
  ADD CONSTRAINT `reports_ibfk_1` FOREIGN KEY (`user_id`) REFERENCES `users` (`UserID`);

--
-- Constraints for table `report_images`
--
ALTER TABLE `report_images`
  ADD CONSTRAINT `report_images_ibfk_1` FOREIGN KEY (`report_id`) REFERENCES `reports` (`id`) ON DELETE CASCADE;

--
-- Constraints for table `rolepermissions_for_id`
--
ALTER TABLE `rolepermissions_for_id`
  ADD CONSTRAINT `rolepermissions_for_id_ibfk_1` FOREIGN KEY (`RoleID`) REFERENCES `roles_for_id` (`RoleID`) ON DELETE CASCADE,
  ADD CONSTRAINT `rolepermissions_for_id_ibfk_2` FOREIGN KEY (`PermissionID`) REFERENCES `permissions_for_id` (`PermissionID`) ON DELETE CASCADE;

--
-- Constraints for table `schedules`
--
ALTER TABLE `schedules`
  ADD CONSTRAINT `fk_schedules_instructor` FOREIGN KEY (`instructor_id`) REFERENCES `instructor` (`InsID`) ON DELETE SET NULL ON UPDATE CASCADE,
  ADD CONSTRAINT `fk_schedules_room` FOREIGN KEY (`room_id`) REFERENCES `rooms` (`room_id`) ON DELETE SET NULL ON UPDATE CASCADE,
  ADD CONSTRAINT `fk_schedules_section` FOREIGN KEY (`section_id`) REFERENCES `sections` (`section_id`) ON DELETE SET NULL ON UPDATE CASCADE,
  ADD CONSTRAINT `fk_schedules_student` FOREIGN KEY (`StudID`) REFERENCES `student` (`StudID`) ON DELETE CASCADE ON UPDATE CASCADE,
  ADD CONSTRAINT `fk_schedules_subject` FOREIGN KEY (`subject_id`) REFERENCES `subject` (`SubjectID`) ON DELETE SET NULL ON UPDATE CASCADE;

--
-- Constraints for table `scholars`
--
ALTER TABLE `scholars`
  ADD CONSTRAINT `scholars_ibfk_1` FOREIGN KEY (`application_id`) REFERENCES `applications` (`id`),
  ADD CONSTRAINT `scholars_ibfk_2` FOREIGN KEY (`user_id`) REFERENCES `users` (`UserID`);

--
-- Constraints for table `security_assignments_security`
--
ALTER TABLE `security_assignments_security`
  ADD CONSTRAINT `fk_security_assignments_student` FOREIGN KEY (`student_id_security`) REFERENCES `student` (`StudID`) ON DELETE SET NULL ON UPDATE CASCADE,
  ADD CONSTRAINT `security_assignments_security_ibfk_1` FOREIGN KEY (`guard_id_security`) REFERENCES `users_security` (`id_security`),
  ADD CONSTRAINT `security_assignments_security_ibfk_2` FOREIGN KEY (`assigned_by_security`) REFERENCES `users_security` (`id_security`);

--
-- Constraints for table `staff_profiles`
--
ALTER TABLE `staff_profiles`
  ADD CONSTRAINT `fk_staff_profiles_UserID` FOREIGN KEY (`UserID`) REFERENCES `users` (`UserID`) ON DELETE CASCADE ON UPDATE CASCADE;

--
-- Constraints for table `student`
--
ALTER TABLE `student`
  ADD CONSTRAINT `fk_student_dept` FOREIGN KEY (`DeptID`) REFERENCES `dept` (`DeptID`) ON DELETE SET NULL ON UPDATE CASCADE;

--
-- Constraints for table `student_guidance`
--
ALTER TABLE `student_guidance`
  ADD CONSTRAINT `fk_student_guidance_StudID` FOREIGN KEY (`StudID`) REFERENCES `student` (`StudID`) ON DELETE SET NULL ON UPDATE CASCADE;

--
-- Constraints for table `student_schedules`
--
ALTER TABLE `student_schedules`
  ADD CONSTRAINT `fk_student_schedules_schedule` FOREIGN KEY (`schedule_id`) REFERENCES `schedules` (`schedule_id`) ON DELETE CASCADE ON UPDATE CASCADE,
  ADD CONSTRAINT `fk_student_schedules_student` FOREIGN KEY (`StudID`) REFERENCES `student` (`StudID`) ON DELETE CASCADE ON UPDATE CASCADE;

--
-- Constraints for table `student_subjects`
--
ALTER TABLE `student_subjects`
  ADD CONSTRAINT `fk_studsubj_student` FOREIGN KEY (`StudID`) REFERENCES `student` (`StudID`) ON DELETE CASCADE ON UPDATE CASCADE,
  ADD CONSTRAINT `fk_studsubj_subject` FOREIGN KEY (`SubjectID`) REFERENCES `subject` (`SubjectID`) ON DELETE CASCADE ON UPDATE CASCADE;

--
-- Constraints for table `subjectenrollment`
--
ALTER TABLE `subjectenrollment`
  ADD CONSTRAINT `fk_subjectenrollment_period` FOREIGN KEY (`EPeriodID`) REFERENCES `enrollperiod` (`EPeriodID`) ON DELETE SET NULL ON UPDATE CASCADE,
  ADD CONSTRAINT `fk_subjectenrollment_student` FOREIGN KEY (`StudID`) REFERENCES `student` (`StudID`) ON DELETE CASCADE ON UPDATE CASCADE,
  ADD CONSTRAINT `fk_subjectenrollment_subject` FOREIGN KEY (`SubjectID`) REFERENCES `subject` (`SubjectID`) ON DELETE CASCADE ON UPDATE CASCADE;

--
-- Constraints for table `suspension_reasons`
--
ALTER TABLE `suspension_reasons`
  ADD CONSTRAINT `suspension_reasons_ibfk_1` FOREIGN KEY (`user_id`) REFERENCES `users` (`UserID`),
  ADD CONSTRAINT `suspension_reasons_ibfk_2` FOREIGN KEY (`suspended_by`) REFERENCES `users` (`UserID`);

--
-- Constraints for table `system_logs_security`
--
ALTER TABLE `system_logs_security`
  ADD CONSTRAINT `fk_system_logs_student` FOREIGN KEY (`student_id_security`) REFERENCES `student` (`StudID`) ON DELETE SET NULL ON UPDATE CASCADE,
  ADD CONSTRAINT `system_logs_security_ibfk_1` FOREIGN KEY (`user_id_security`) REFERENCES `users_security` (`id_security`);

--
-- Constraints for table `tdp_applications`
--
ALTER TABLE `tdp_applications`
  ADD CONSTRAINT `tdp_applications_ibfk_1` FOREIGN KEY (`application_id`) REFERENCES `applications` (`id`) ON DELETE CASCADE ON UPDATE CASCADE,
  ADD CONSTRAINT `tdp_applications_ibfk_2` FOREIGN KEY (`verified_by`) REFERENCES `users` (`UserID`);

--
-- Constraints for table `tdp_benefits`
--
ALTER TABLE `tdp_benefits`
  ADD CONSTRAINT `tdp_benefits_ibfk_1` FOREIGN KEY (`scholar_id`) REFERENCES `scholars` (`id`),
  ADD CONSTRAINT `tdp_benefits_ibfk_2` FOREIGN KEY (`released_by`) REFERENCES `users` (`UserID`);

--
-- Constraints for table `tdp_evaluation_scores`
--
ALTER TABLE `tdp_evaluation_scores`
  ADD CONSTRAINT `tdp_evaluation_scores_ibfk_1` FOREIGN KEY (`application_id`) REFERENCES `applications` (`id`),
  ADD CONSTRAINT `tdp_evaluation_scores_ibfk_2` FOREIGN KEY (`evaluator_id`) REFERENCES `users` (`UserID`),
  ADD CONSTRAINT `tdp_evaluation_scores_ibfk_3` FOREIGN KEY (`criteria_id`) REFERENCES `tdp_eligibility_criteria` (`id`);

--
-- Constraints for table `transactions`
--
ALTER TABLE `transactions`
  ADD CONSTRAINT `fk_trans_book` FOREIGN KEY (`BookID`) REFERENCES `books` (`BookID`) ON DELETE CASCADE,
  ADD CONSTRAINT `fk_trans_member` FOREIGN KEY (`MemberID`) REFERENCES `members` (`MemberID`) ON DELETE CASCADE;

--
-- Constraints for table `tuition`
--
ALTER TABLE `tuition`
  ADD CONSTRAINT `fk_tuition_student` FOREIGN KEY (`StudID`) REFERENCES `student` (`StudID`) ON DELETE CASCADE ON UPDATE CASCADE;

--
-- Constraints for table `tuition_fees`
--
ALTER TABLE `tuition_fees`
  ADD CONSTRAINT `fk_tuiton_student` FOREIGN KEY (`StudID`) REFERENCES `student` (`StudID`) ON DELETE CASCADE ON UPDATE CASCADE;

--
-- Constraints for table `users`
--
ALTER TABLE `users`
  ADD CONSTRAINT `fk_users_course` FOREIGN KEY (`course_id`) REFERENCES `courses` (`id`) ON UPDATE CASCADE;

--
-- Constraints for table `users_security`
--
ALTER TABLE `users_security`
  ADD CONSTRAINT `fk_users_security_student` FOREIGN KEY (`student_id_security`) REFERENCES `student` (`StudID`) ON DELETE SET NULL ON UPDATE CASCADE;

--
-- Constraints for table `user_permissions_security`
--
ALTER TABLE `user_permissions_security`
  ADD CONSTRAINT `fk_user_permissions_student` FOREIGN KEY (`student_id_security`) REFERENCES `student` (`StudID`) ON DELETE SET NULL ON UPDATE CASCADE,
  ADD CONSTRAINT `user_permissions_security_ibfk_1` FOREIGN KEY (`user_id_security`) REFERENCES `users_security` (`id_security`) ON DELETE CASCADE,
  ADD CONSTRAINT `user_permissions_security_ibfk_2` FOREIGN KEY (`granted_by_security`) REFERENCES `users_security` (`id_security`);

--
-- Constraints for table `user_settings`
--
ALTER TABLE `user_settings`
  ADD CONSTRAINT `user_settings_ibfk_1` FOREIGN KEY (`user_id`) REFERENCES `users` (`UserID`) ON DELETE CASCADE;

--
-- Constraints for table `violations_security`
--
ALTER TABLE `violations_security`
  ADD CONSTRAINT `fk_violations_student` FOREIGN KEY (`student_id_security_foreign`) REFERENCES `student` (`StudID`) ON DELETE SET NULL ON UPDATE CASCADE,
  ADD CONSTRAINT `violations_security_ibfk_1` FOREIGN KEY (`reported_by_security`) REFERENCES `users_security` (`id_security`),
  ADD CONSTRAINT `violations_security_ibfk_2` FOREIGN KEY (`violation_type_id_security`) REFERENCES `violation_types_security` (`id_security`),
  ADD CONSTRAINT `violations_security_ibfk_3` FOREIGN KEY (`reviewed_by_security`) REFERENCES `users_security` (`id_security`);

--
-- Constraints for table `violation_types_security`
--
ALTER TABLE `violation_types_security`
  ADD CONSTRAINT `violation_types_security_ibfk_1` FOREIGN KEY (`created_by_security`) REFERENCES `users_security` (`id_security`);
COMMIT;

/*!40101 SET CHARACTER_SET_CLIENT=@OLD_CHARACTER_SET_CLIENT */;
/*!40101 SET CHARACTER_SET_RESULTS=@OLD_CHARACTER_SET_RESULTS */;
/*!40101 SET COLLATION_CONNECTION=@OLD_COLLATION_CONNECTION */;
